t,key,call,dir,strong,p,price,next_price,result
1784285999999,BTCUSDT:5m,SELL,-1,0,0.3913,63190.0,63133.97,hit
1784285999999,BTCUSDT:30m,STRONG SELL,-1,1,0.1689,63190.59,63133.97,hit
1784285999999,ETHUSDT:5m,STRONG SELL,-1,1,0.2531,1838.09,1835.73,hit
1784285999999,ETHUSDT:30m,STRONG SELL,-1,1,0.2189,1838.09,1835.72,hit
1784285999999,SOLUSDT:5m,STRONG SELL,-1,1,0.3323,74.84,74.74,hit
1784285999999,SOLUSDT:30m,SELL,-1,0,0.3548,74.84,74.73,hit
1784285999999,BNBUSDT:5m,STRONG SELL,-1,1,0.3392,564.57,563.87,hit
1784285999999,BNBUSDT:30m,STRONG SELL,-1,1,0.325,564.57,563.88,hit
1784285999999,BNBUSDT:1h,STRONG SELL,-1,1,0.2458,564.57,563.87,hit
1784285999999,XRPUSDT:5m,NEUTRAL,0,0,0.4337,1.0876,1.0857,na
1784285999999,XRPUSDT:30m,NEUTRAL,0,0,0.4251,1.0876,1.0857,na
1784285999999,XRPUSDT:1h,STRONG SELL,-1,1,0.1856,1.0876,1.0858,hit
1784285999999,DOGEUSDT:5m,SELL,-1,0,0.4004,0.07203,0.07193,hit
1784285999999,DOGEUSDT:30m,SELL,-1,0,0.3962,0.07203,0.07193,hit
1784285999999,DOGEUSDT:1h,SELL,-1,0,0.3655,0.07202,0.07193,hit
1784285999999,ADAUSDT:5m,STRONG SELL,-1,1,0.2922,0.1611,0.1607,hit
1784285999999,ADAUSDT:30m,SELL,-1,0,0.3852,0.1611,0.1607,hit
1784285999999,ADAUSDT:1h,STRONG SELL,-1,1,0.1854,0.1611,0.1607,hit
1784285999999,TRXUSDT:5m,STRONG SELL,-1,1,0.2152,0.3224,0.3224,hit
1784285999999,TRXUSDT:30m,STRONG SELL,-1,1,0.1879,0.3224,0.3223,hit
1784285999999,TRXUSDT:1h,STRONG SELL,-1,1,0.2662,0.3224,0.3223,hit
1784285999999,AVAXUSDT:5m,STRONG SELL,-1,1,0.3027,6.499,6.488,hit
1784285999999,AVAXUSDT:30m,NEUTRAL,0,0,0.427,6.499,6.488,na
1784285999999,AVAXUSDT:1h,STRONG SELL,-1,1,0.2695,6.499,6.488,hit
1784285999999,LINKUSDT:5m,STRONG SELL,-1,1,0.3215,8.2,8.189,hit
1784285999999,LINKUSDT:30m,STRONG SELL,-1,1,0.3377,8.2,8.189,hit
1784285999999,LINKUSDT:1h,STRONG SELL,-1,1,0.2626,8.201,8.189,hit
1784286599999,TRXUSDT:5m,STRONG SELL,-1,1,0.2176,0.3224,0.3229,miss
1784286599999,BTCUSDT:5m,STRONG SELL,-1,1,0.1996,63133.97,63112.32,hit
1784286599999,ETHUSDT:5m,STRONG SELL,-1,1,0.2514,1835.73,1835.22,hit
1784286599999,SOLUSDT:5m,STRONG SELL,-1,1,0.3095,74.74,74.74,hit
1784286599999,BNBUSDT:5m,SELL,-1,0,0.3621,563.87,563.66,hit
1784286599999,XRPUSDT:5m,STRONG SELL,-1,1,0.336,1.0857,1.0851,hit
1784286599999,DOGEUSDT:5m,STRONG SELL,-1,1,0.2952,0.07193,0.07191,hit
1784286599999,ADAUSDT:5m,STRONG SELL,-1,1,0.1522,0.1607,0.1607,hit
1784286599999,AVAXUSDT:5m,STRONG SELL,-1,1,0.2849,6.488,6.492,miss
1784286599999,LINKUSDT:5m,SELL,-1,0,0.3807,8.189,8.179,hit
1784286899999,BTCUSDT:5m,STRONG SELL,-1,1,0.1546,63112.32,63108.0,hit
1784286899999,ETHUSDT:5m,NEUTRAL,0,0,0.4389,1835.22,1835.53,na
1784286899999,SOLUSDT:5m,NEUTRAL,0,0,0.4527,74.74,74.76,na
1784286899999,BNBUSDT:5m,STRONG SELL,-1,1,0.3226,563.66,563.54,hit
1784286899999,XRPUSDT:5m,STRONG SELL,-1,1,0.2717,1.0851,1.0837,hit
1784286899999,DOGEUSDT:5m,STRONG SELL,-1,1,0.3252,0.07191,0.07193,miss
1784286899999,ADAUSDT:5m,STRONG SELL,-1,1,0.249,0.1607,0.1605,hit
1784286899999,TRXUSDT:5m,STRONG SELL,-1,1,0.2193,0.3229,0.3229,hit
1784286899999,AVAXUSDT:5m,STRONG SELL,-1,1,0.2715,6.492,6.487,hit
1784286899999,LINKUSDT:5m,SELL,-1,0,0.3476,8.179,8.181,miss
1784287499999,BTCUSDT:5m,NEUTRAL,0,0,0.48,63108.0,63123.92,na
1784287499999,ETHUSDT:5m,SELL,-1,0,0.34,1835.53,1836.65,miss
1784287499999,SOLUSDT:5m,NEUTRAL,0,0,0.5026,74.76,74.8,na
1784287499999,BNBUSDT:5m,SELL,-1,0,0.3948,563.54,563.33,hit
1784287499999,XRPUSDT:5m,SELL,-1,0,0.399,1.0837,1.085,miss
1784287499999,DOGEUSDT:5m,SELL,-1,0,0.3712,0.07193,0.07197,miss
1784287499999,ADAUSDT:5m,STRONG SELL,-1,1,0.229,0.1605,0.1607,miss
1784287499999,TRXUSDT:5m,STRONG SELL,-1,1,0.1611,0.3229,0.3228,hit
1784287499999,AVAXUSDT:5m,STRONG SELL,-1,1,0.3128,6.487,6.486,hit
1784287499999,LINKUSDT:5m,STRONG BUY,1,1,0.745,8.181,8.192,hit
1784287799999,BTCUSDT:5m,STRONG SELL,-1,1,0.2925,63123.92,63110.7,hit
1784287799999,BTCUSDT:30m,SELL,-1,0,0.3434,63133.97,63110.69,hit
1784287799999,ETHUSDT:5m,STRONG SELL,-1,1,0.2839,1836.65,1836.16,hit
1784287799999,ETHUSDT:30m,STRONG SELL,-1,1,0.2737,1835.72,1836.16,miss
1784287799999,SOLUSDT:5m,SELL,-1,0,0.3805,74.8,74.78,hit
1784287799999,SOLUSDT:30m,STRONG SELL,-1,1,0.2215,74.73,74.78,miss
1784287799999,BNBUSDT:5m,SELL,-1,0,0.3521,563.33,563.11,hit
1784287799999,BNBUSDT:30m,SELL,-1,0,0.3721,563.88,563.11,hit
1784287799999,XRPUSDT:5m,BUY,1,0,0.6122,1.085,1.0847,miss
1784287799999,XRPUSDT:30m,STRONG SELL,-1,1,0.2675,1.0857,1.0846,hit
1784287799999,DOGEUSDT:5m,NEUTRAL,0,0,0.4302,0.07197,0.07199,na
1784287799999,DOGEUSDT:30m,STRONG SELL,-1,1,0.2424,0.07193,0.07199,miss
1784287799999,ADAUSDT:5m,STRONG SELL,-1,1,0.3257,0.1607,0.1607,hit
1784287799999,ADAUSDT:30m,STRONG SELL,-1,1,0.2363,0.1607,0.1607,hit
1784287799999,TRXUSDT:5m,STRONG SELL,-1,1,0.1604,0.3228,0.3228,hit
1784287799999,TRXUSDT:30m,STRONG SELL,-1,1,0.2344,0.3223,0.3228,miss
1784287799999,AVAXUSDT:5m,NEUTRAL,0,0,0.4255,6.486,6.486,na
1784287799999,AVAXUSDT:30m,SELL,-1,0,0.4182,6.488,6.486,hit
1784287799999,LINKUSDT:5m,STRONG SELL,-1,1,0.3136,8.192,8.185,hit
1784287799999,LINKUSDT:30m,STRONG SELL,-1,1,0.2238,8.189,8.185,hit
1784288099999,XRPUSDT:5m,SELL,-1,0,0.3816,1.0847,1.0847,hit
1784288099999,TRXUSDT:5m,STRONG SELL,-1,1,0.1379,0.3228,0.3229,miss
1784288099999,AVAXUSDT:5m,SELL,-1,0,0.3797,6.486,6.493,miss
1784288099999,LINKUSDT:5m,SELL,-1,0,0.3749,8.185,8.194,miss
1784288099999,BTCUSDT:5m,NEUTRAL,0,0,0.5091,63110.7,63293.11,na
1784288099999,ETHUSDT:5m,NEUTRAL,0,0,0.441,1836.16,1842.1,na
1784288099999,SOLUSDT:5m,SELL,-1,0,0.3877,74.78,75.0,miss
1784288099999,BNBUSDT:5m,SELL,-1,0,0.3776,563.11,564.18,miss
1784288399999,XRPUSDT:5m,STRONG SELL,-1,1,0.2162,1.0847,1.0856,miss
1784288099999,DOGEUSDT:5m,SELL,-1,0,0.3473,0.07199,0.0721,miss
1784288099999,ADAUSDT:5m,STRONG SELL,-1,1,0.1752,0.1607,0.161,miss
1784288399999,TRXUSDT:5m,STRONG SELL,-1,1,0.1537,0.3229,0.3227,hit
1784288399999,AVAXUSDT:5m,STRONG SELL,-1,1,0.237,6.493,6.501,miss
1784288399999,LINKUSDT:5m,SELL,-1,0,0.3971,8.194,8.205,miss
1784288699999,BTCUSDT:5m,STRONG SELL,-1,1,0.192,63293.11,63266.76,hit
1784288699999,ETHUSDT:5m,STRONG SELL,-1,1,0.2328,1842.1,1840.0,hit
1784288699999,SOLUSDT:5m,STRONG SELL,-1,1,0.1591,75.0,74.84,hit
1784288699999,BNBUSDT:5m,SELL,-1,0,0.3742,564.18,564.11,hit
1784288699999,XRPUSDT:5m,STRONG SELL,-1,1,0.312,1.0856,1.0845,hit
1784288699999,DOGEUSDT:5m,STRONG SELL,-1,1,0.3152,0.0721,0.07205,hit
1784288699999,ADAUSDT:5m,STRONG SELL,-1,1,0.2228,0.161,0.1608,hit
1784288699999,TRXUSDT:5m,STRONG SELL,-1,1,0.2417,0.3227,0.3228,miss
1784288699999,AVAXUSDT:5m,STRONG SELL,-1,1,0.2989,6.501,6.491,hit
1784288699999,LINKUSDT:5m,NEUTRAL,0,0,0.4921,8.205,8.205,na
1784289299999,BTCUSDT:5m,STRONG SELL,-1,1,0.2024,63266.76,63345.95,miss
1784289299999,ETHUSDT:5m,STRONG SELL,-1,1,0.2239,1840.0,1840.19,miss
1784289299999,SOLUSDT:5m,STRONG SELL,-1,1,0.2358,74.84,74.89,miss
1784289299999,BNBUSDT:5m,STRONG SELL,-1,1,0.2617,564.11,564.15,miss
1784289299999,XRPUSDT:5m,STRONG SELL,-1,1,0.2273,1.0845,1.0843,hit
1784289299999,DOGEUSDT:5m,STRONG SELL,-1,1,0.2905,0.07205,0.07203,hit
1784289299999,ADAUSDT:5m,STRONG SELL,-1,1,0.313,0.1608,0.1609,miss
1784289299999,TRXUSDT:5m,STRONG SELL,-1,1,0.1669,0.3228,0.3227,hit
1784289299999,AVAXUSDT:5m,SELL,-1,0,0.3582,6.491,6.488,hit
1784289299999,LINKUSDT:5m,STRONG SELL,-1,1,0.1971,8.205,8.204,hit
1784289599999,BTCUSDT:5m,SELL,-1,0,0.3441,63345.95,63265.5,hit
1784289599999,BTCUSDT:30m,STRONG SELL,-1,1,0.0661,63110.69,63265.51,miss
1784289599999,BTCUSDT:1h,STRONG SELL,-1,1,0.1567,63133.97,63265.51,miss
1784289599999,ETHUSDT:5m,STRONG SELL,-1,1,0.3283,1840.19,1837.34,hit
1784289599999,ETHUSDT:30m,STRONG SELL,-1,1,0.1291,1836.16,1837.34,miss
1784289599999,ETHUSDT:1h,STRONG SELL,-1,1,0.1214,1835.73,1837.33,miss
1784289599999,SOLUSDT:5m,STRONG SELL,-1,1,0.2831,74.89,74.72,hit
1784289599999,SOLUSDT:30m,STRONG SELL,-1,1,0.1522,74.78,74.72,hit
1784289599999,SOLUSDT:1h,STRONG SELL,-1,1,0.2198,74.73,74.72,hit
1784289599999,BNBUSDT:5m,STRONG SELL,-1,1,0.222,564.15,564.37,miss
1784289599999,BNBUSDT:30m,STRONG SELL,-1,1,0.0957,563.11,564.37,miss
1784289599999,BNBUSDT:1h,STRONG SELL,-1,1,0.2369,563.87,564.38,miss
1784289599999,XRPUSDT:5m,STRONG SELL,-1,1,0.2225,1.0843,1.083,hit
1784289599999,XRPUSDT:30m,STRONG SELL,-1,1,0.0896,1.0846,1.083,hit
1784289599999,XRPUSDT:1h,STRONG SELL,-1,1,0.3188,1.0858,1.083,hit
1784289599999,DOGEUSDT:5m,STRONG SELL,-1,1,0.2852,0.07203,0.07193,hit
1784289599999,DOGEUSDT:30m,STRONG SELL,-1,1,0.1185,0.07199,0.07192,hit
1784289599999,DOGEUSDT:1h,STRONG SELL,-1,1,0.1955,0.07193,0.07193,hit
1784289599999,ADAUSDT:5m,STRONG SELL,-1,1,0.2891,0.1609,0.1606,hit
1784289599999,ADAUSDT:30m,STRONG SELL,-1,1,0.1499,0.1607,0.1607,hit
1784289599999,ADAUSDT:1h,STRONG SELL,-1,1,0.2233,0.1607,0.1607,hit
1784289599999,TRXUSDT:5m,STRONG SELL,-1,1,0.2383,0.3227,0.3228,miss
1784289599999,TRXUSDT:30m,STRONG SELL,-1,1,0.2656,0.3228,0.3227,hit
1784289599999,TRXUSDT:1h,STRONG SELL,-1,1,0.1292,0.3223,0.3228,miss
1784289599999,AVAXUSDT:5m,STRONG SELL,-1,1,0.3195,6.488,6.491,miss
1784289599999,AVAXUSDT:30m,STRONG SELL,-1,1,0.3108,6.486,6.491,miss
1784289599999,AVAXUSDT:1h,STRONG SELL,-1,1,0.2003,6.488,6.491,miss
1784289599999,LINKUSDT:5m,STRONG SELL,-1,1,0.1749,8.204,8.192,hit
1784289599999,LINKUSDT:30m,STRONG SELL,-1,1,0.3277,8.185,8.19,miss
1784289599999,LINKUSDT:1h,STRONG SELL,-1,1,0.1866,8.189,8.19,miss
1784290499999,BTCUSDT:5m,STRONG SELL,-1,1,0.2723,63265.5,63298.01,miss
1784290499999,ETHUSDT:5m,STRONG SELL,-1,1,0.3281,1837.34,1837.21,hit
1784290499999,SOLUSDT:5m,STRONG SELL,-1,1,0.1852,74.72,74.79,miss
1784290499999,BNBUSDT:5m,SELL,-1,0,0.3809,564.37,564.26,hit
1784290499999,XRPUSDT:5m,SELL,-1,0,0.385,1.083,1.0819,hit
1784290499999,DOGEUSDT:5m,STRONG SELL,-1,1,0.3078,0.07193,0.07188,hit
1784290199999,ADAUSDT:5m,STRONG BUY,1,1,0.7162,0.1606,0.1604,miss
1784290499999,TRXUSDT:5m,STRONG SELL,-1,1,0.293,0.3228,0.3228,hit
1784290499999,AVAXUSDT:5m,STRONG SELL,-1,1,0.2866,6.491,6.484,hit
1784290499999,LINKUSDT:5m,SELL,-1,0,0.3792,8.192,8.186,hit
1784291099999,BTCUSDT:5m,NEUTRAL,0,0,0.491,63254.0,63187.99,na
1784291099999,ETHUSDT:5m,NEUTRAL,0,0,0.4794,1836.76,1833.86,na
1784291399999,SOLUSDT:5m,NEUTRAL,0,0,0.5191,74.77,74.61,na
1784291399999,BNBUSDT:5m,NEUTRAL,0,0,0.5053,563.47,563.18,na
1784291399999,XRPUSDT:5m,NEUTRAL,0,0,0.485,1.0824,1.0818,na
1784291399999,DOGEUSDT:5m,NEUTRAL,0,0,0.501,0.07194,0.07188,na
1784291399999,ADAUSDT:5m,SELL,-1,0,0.36,0.1604,0.1602,hit
1784291399999,TRXUSDT:5m,SELL,-1,0,0.405,0.3228,0.3228,hit
1784291399999,AVAXUSDT:5m,SELL,-1,0,0.4167,6.488,6.483,hit
1784291399999,LINKUSDT:5m,NEUTRAL,0,0,0.4584,8.186,8.183,na
1784292299999,BTCUSDT:5m,NEUTRAL,0,0,0.5224,63078.18,63136.21,na
1784292299999,ETHUSDT:5m,NEUTRAL,0,0,0.5131,1829.33,1830.22,na
1784292299999,SOLUSDT:5m,NEUTRAL,0,0,0.4644,74.41,74.48,na
1784292299999,BNBUSDT:5m,NEUTRAL,0,0,0.5012,561.98,561.9,na
1784292599999,BTCUSDT:5m,NEUTRAL,0,0,0.5197,63136.21,63081.31,na
1784292599999,ETHUSDT:5m,NEUTRAL,0,0,0.5397,1830.22,1828.06,na
1784292599999,SOLUSDT:5m,NEUTRAL,0,0,0.434,74.48,74.39,na
1784292599999,BNBUSDT:5m,NEUTRAL,0,0,0.4467,561.9,561.51,na
1784292599999,XRPUSDT:5m,NEUTRAL,0,0,0.476,1.0799,1.0785,na
1784292599999,DOGEUSDT:5m,NEUTRAL,0,0,0.5059,0.07175,0.07171,na
1784292599999,ADAUSDT:5m,NEUTRAL,0,0,0.5101,0.1599,0.1597,na
1784292599999,TRXUSDT:5m,SELL,-1,0,0.3422,0.3229,0.3227,hit
1784292599999,AVAXUSDT:5m,NEUTRAL,0,0,0.4683,6.469,6.455,na
1784292599999,LINKUSDT:5m,NEUTRAL,0,0,0.4258,8.165,8.161,na
1784292899999,BTCUSDT:5m,SELL,-1,0,0.3954,63081.31,63094.41,miss
1784292899999,ETHUSDT:5m,NEUTRAL,0,0,0.4788,1828.06,1828.58,na
1784292899999,SOLUSDT:5m,SELL,-1,0,0.401,74.39,74.4,miss
1784292899999,BNBUSDT:5m,NEUTRAL,0,0,0.4829,561.51,561.38,na
1784292899999,XRPUSDT:5m,NEUTRAL,0,0,0.4601,1.0785,1.0781,na
1784293199999,XRPUSDT:30m,STRONG SELL,-1,1,0.323,1.0785,1.0782,hit
1784293199999,XRPUSDT:1h,NEUTRAL,0,0,0.4961,1.0785,1.0782,na
1784292899999,DOGEUSDT:5m,NEUTRAL,0,0,0.4808,0.07171,0.0717,na
1784293199999,DOGEUSDT:30m,SELL,-1,0,0.349,0.0717,0.0717,hit
1784293199999,DOGEUSDT:1h,SELL,-1,0,0.4198,0.0717,0.0717,hit
1784292899999,ADAUSDT:5m,SELL,-1,0,0.3998,0.1597,0.1598,miss
1784293199999,ADAUSDT:30m,NEUTRAL,0,0,0.4491,0.1597,0.1598,na
1784293199999,ADAUSDT:1h,NEUTRAL,0,0,0.4507,0.1596,0.1598,na
1784292899999,TRXUSDT:5m,SELL,-1,0,0.3843,0.3227,0.3228,miss
1784292899999,AVAXUSDT:5m,SELL,-1,0,0.4094,6.455,6.453,hit
1784292899999,LINKUSDT:5m,SELL,-1,0,0.4065,8.161,8.156,hit
1784293199999,BTCUSDT:5m,STRONG SELL,-1,1,0.3303,63136.96,63068.0,hit
1784293199999,BTCUSDT:30m,NEUTRAL,0,0,0.4531,63081.3,63068.0,na
1784293199999,BTCUSDT:1h,NEUTRAL,0,0,0.4509,63081.31,63071.99,na
1784293199999,ETHUSDT:5m,NEUTRAL,0,0,0.4744,1830.21,1828.71,na
1784293199999,ETHUSDT:30m,NEUTRAL,0,0,0.4307,1828.06,1828.72,na
1784293199999,ETHUSDT:1h,NEUTRAL,0,0,0.4673,1828.06,1828.72,na
1784293199999,SOLUSDT:5m,SELL,-1,0,0.3499,74.46,74.36,hit
1784293199999,SOLUSDT:30m,NEUTRAL,0,0,0.4815,74.39,74.36,na
1784293199999,SOLUSDT:1h,NEUTRAL,0,0,0.5376,74.39,74.35,na
1784293199999,BNBUSDT:5m,NEUTRAL,0,0,0.5463,561.43,560.66,na
1784293199999,BNBUSDT:30m,NEUTRAL,0,0,0.5451,561.51,560.6,na
1784293199999,BNBUSDT:1h,NEUTRAL,0,0,0.5064,561.52,560.54,na
1784293199999,XRPUSDT:5m,NEUTRAL,0,0,0.4683,1.0784,1.0767,na
1784293199999,XRPUSDT:30m,STRONG SELL,-1,1,0.323,1.0785,1.0769,hit
1784293199999,XRPUSDT:1h,NEUTRAL,0,0,0.4961,1.0785,1.0771,na
1784293199999,DOGEUSDT:5m,NEUTRAL,0,0,0.4356,0.07175,0.07167,na
1784293199999,DOGEUSDT:30m,SELL,-1,0,0.349,0.0717,0.07166,hit
1784293199999,DOGEUSDT:1h,SELL,-1,0,0.4198,0.0717,0.07166,hit
1784293199999,ADAUSDT:5m,NEUTRAL,0,0,0.4718,0.1598,0.1596,na
1784293199999,ADAUSDT:30m,NEUTRAL,0,0,0.4491,0.1597,0.1596,na
1784293199999,ADAUSDT:1h,NEUTRAL,0,0,0.4507,0.1596,0.1596,na
1784293199999,TRXUSDT:5m,STRONG SELL,-1,1,0.318,0.3228,0.3228,hit
1784293199999,TRXUSDT:30m,SELL,-1,0,0.4048,0.3227,0.3228,miss
1784293199999,TRXUSDT:1h,SELL,-1,0,0.3979,0.3227,0.3228,miss
1784293199999,AVAXUSDT:5m,NEUTRAL,0,0,0.46,6.453,6.443,na
1784293199999,AVAXUSDT:30m,NEUTRAL,0,0,0.4406,6.456,6.443,na
1784293199999,AVAXUSDT:1h,NEUTRAL,0,0,0.452,6.457,6.443,na
1784293199999,LINKUSDT:5m,NEUTRAL,0,0,0.4388,8.156,8.15,na
1784293199999,LINKUSDT:30m,NEUTRAL,0,0,0.5358,8.161,8.15,na
1784293199999,LINKUSDT:1h,NEUTRAL,0,0,0.4683,8.161,8.15,na
1784293499999,BTCUSDT:5m,NEUTRAL,0,0,0.5483,63068.0,62682.56,na
1784294999999,BTCUSDT:30m,NEUTRAL,0,0,0.481,63068.0,62682.02,na
1784293499999,ETHUSDT:5m,NEUTRAL,0,0,0.4327,1828.71,1809.27,na
1784294999999,ETHUSDT:30m,NEUTRAL,0,0,0.4407,1828.72,1809.71,na
1784293499999,SOLUSDT:5m,SELL,-1,0,0.4179,74.36,73.74,hit
1784294999999,SOLUSDT:30m,NEUTRAL,0,0,0.4845,74.36,73.77,na
1784293499999,BNBUSDT:5m,NEUTRAL,0,0,0.4308,560.66,558.58,na
1784294999999,BNBUSDT:30m,NEUTRAL,0,0,0.4393,560.6,558.59,na
1784293499999,XRPUSDT:5m,SELL,-1,0,0.413,1.0767,1.0729,hit
1784294999999,XRPUSDT:30m,NEUTRAL,0,0,0.5001,1.0769,1.0725,na
1784293499999,DOGEUSDT:5m,NEUTRAL,0,0,0.4727,0.07167,0.07122,na
1784294999999,DOGEUSDT:30m,SELL,-1,0,0.396,0.07166,0.07121,hit
1784293499999,ADAUSDT:5m,NEUTRAL,0,0,0.5155,0.1596,0.1583,na
1784294999999,ADAUSDT:30m,NEUTRAL,0,0,0.4527,0.1596,0.1583,na
1784293499999,TRXUSDT:5m,SELL,-1,0,0.3901,0.3228,0.3227,hit
1784294999999,TRXUSDT:30m,NEUTRAL,0,0,0.4874,0.3228,0.3227,na
1784293499999,AVAXUSDT:5m,NEUTRAL,0,0,0.4841,6.443,6.385,na
1784294999999,AVAXUSDT:30m,NEUTRAL,0,0,0.4246,6.443,6.385,na
1784293499999,LINKUSDT:5m,NEUTRAL,0,0,0.4561,8.15,8.019,na
1784294999999,LINKUSDT:30m,NEUTRAL,0,0,0.504,8.15,8.022,na
1784295599999,BTCUSDT:5m,NEUTRAL,0,0,0.4636,62682.56,63182.71,na
1784296799999,BTCUSDT:30m,SELL,-1,0,0.4476,62682.02,63196.0,miss
1784296799999,BTCUSDT:1h,SELL,-1,0,0.4069,63071.99,63196.0,miss
1784295599999,ETHUSDT:5m,SELL,-1,0,0.3956,1809.27,1825.87,miss
1784296799999,ETHUSDT:30m,NEUTRAL,0,0,0.5236,1809.71,1825.97,na
1784296799999,ETHUSDT:1h,NEUTRAL,0,0,0.5533,1828.72,1826.1,na
1784295599999,SOLUSDT:5m,NEUTRAL,0,0,0.4793,73.74,74.38,na
1784296799999,SOLUSDT:30m,SELL,-1,0,0.4284,73.77,74.38,miss
1784296799999,SOLUSDT:1h,NEUTRAL,0,0,0.5342,74.35,74.38,na
1784295599999,BNBUSDT:5m,NEUTRAL,0,0,0.4579,558.58,560.95,na
1784296799999,BNBUSDT:30m,STRONG SELL,-1,1,0.3749,558.59,560.97,miss
1784296799999,BNBUSDT:1h,NEUTRAL,0,0,0.4998,560.54,560.98,na
1784295599999,XRPUSDT:5m,NEUTRAL,0,0,0.459,1.0729,1.0824,na
1784296799999,XRPUSDT:30m,NEUTRAL,0,0,0.4994,1.0725,1.0824,na
1784296799999,XRPUSDT:1h,NEUTRAL,0,0,0.5002,1.0771,1.0824,na
1784295599999,DOGEUSDT:5m,NEUTRAL,0,0,0.457,0.07122,0.07202,na
1784296799999,DOGEUSDT:30m,BUY,1,0,0.55,0.07121,0.07202,hit
1784296799999,DOGEUSDT:1h,NEUTRAL,0,0,0.4447,0.07166,0.07202,na
1784295599999,ADAUSDT:5m,SELL,-1,0,0.4459,0.1583,0.1605,miss
1784296799999,ADAUSDT:30m,SELL,-1,0,0.4156,0.1583,0.1605,miss
1784296799999,ADAUSDT:1h,SELL,-1,0,0.381,0.1596,0.1605,miss
1784295599999,TRXUSDT:5m,SELL,-1,0,0.4152,0.3227,0.323,miss
1784296799999,TRXUSDT:30m,SELL,-1,0,0.4256,0.3227,0.323,miss
1784296799999,TRXUSDT:1h,SELL,-1,0,0.3833,0.3228,0.323,miss
1784295599999,AVAXUSDT:5m,SELL,-1,0,0.4319,6.385,6.479,miss
1784296799999,AVAXUSDT:30m,NEUTRAL,0,0,0.452,6.385,6.478,na
1784296799999,AVAXUSDT:1h,STRONG SELL,-1,1,0.3037,6.443,6.478,miss
1784295599999,LINKUSDT:5m,SELL,-1,0,0.3961,8.019,8.13,miss
1784296799999,LINKUSDT:30m,NEUTRAL,0,0,0.467,8.022,8.13,na
1784296799999,LINKUSDT:1h,NEUTRAL,0,0,0.4508,8.15,8.132,na
1784297099999,BTCUSDT:5m,NEUTRAL,0,0,0.5221,63182.71,63503.99,na
1784297099999,ETHUSDT:5m,STRONG SELL,-1,1,0.3797,1825.87,1833.76,miss
1784297099999,SOLUSDT:5m,NEUTRAL,0,0,0.4515,74.38,74.75,na
1784297099999,BNBUSDT:5m,BUY,1,0,0.5528,560.95,562.37,hit
1784297099999,XRPUSDT:5m,NEUTRAL,0,0,0.4601,1.0824,1.0861,na
1784297099999,DOGEUSDT:5m,NEUTRAL,0,0,0.5072,0.07202,0.07226,na
1784297099999,ADAUSDT:5m,SELL,-1,0,0.4308,0.1605,0.1616,miss
1784297099999,TRXUSDT:5m,SELL,-1,0,0.428,0.323,0.3233,miss
1784297099999,AVAXUSDT:5m,NEUTRAL,0,0,0.471,6.479,6.508,na
1784297099999,LINKUSDT:5m,SELL,-1,0,0.406,8.13,8.168,miss
1784297699999,BTCUSDT:5m,SELL,-1,0,0.4411,63503.99,63122.0,hit
1784298599999,BTCUSDT:30m,STRONG SELL,-1,1,0.368,63196.0,63121.99,hit
1784300399999,BTCUSDT:1h,NEUTRAL,0,0,0.4508,63196.0,63121.99,na
1784297699999,ETHUSDT:5m,NEUTRAL,0,0,0.504,1833.76,1819.26,na
1784298599999,ETHUSDT:30m,SELL,-1,0,0.4122,1825.97,1819.23,hit
1784300399999,ETHUSDT:1h,SELL,-1,0,0.4391,1826.1,1819.24,hit
1784297699999,SOLUSDT:5m,NEUTRAL,0,0,0.46,74.75,74.23,na
1784298599999,SOLUSDT:30m,NEUTRAL,0,0,0.4558,74.38,74.22,na
1784300399999,SOLUSDT:1h,STRONG SELL,-1,1,0.2758,74.38,74.23,hit
1784297699999,BNBUSDT:5m,NEUTRAL,0,0,0.5145,562.37,561.32,na
1784298599999,BNBUSDT:30m,SELL,-1,0,0.3884,560.97,561.32,miss
1784300399999,BNBUSDT:1h,NEUTRAL,0,0,0.5016,560.98,561.31,na
1784297699999,XRPUSDT:5m,NEUTRAL,0,0,0.5027,1.0861,1.081,na
1784298599999,XRPUSDT:30m,NEUTRAL,0,0,0.4647,1.0824,1.0809,na
1784300399999,XRPUSDT:1h,NEUTRAL,0,0,0.5137,1.0824,1.0806,na
1784297699999,DOGEUSDT:5m,NEUTRAL,0,0,0.5053,0.07226,0.0718,na
1784298599999,DOGEUSDT:30m,SELL,-1,0,0.4218,0.07202,0.0718,hit
1784300399999,DOGEUSDT:1h,NEUTRAL,0,0,0.4607,0.07202,0.07179,na
1784297699999,ADAUSDT:5m,SELL,-1,0,0.4334,0.1616,0.1618,miss
1784298599999,ADAUSDT:30m,NEUTRAL,0,0,0.4613,0.1605,0.1618,na
1784300399999,ADAUSDT:1h,SELL,-1,0,0.3824,0.1605,0.1618,miss
1784297699999,TRXUSDT:5m,STRONG SELL,-1,1,0.2707,0.3233,0.3229,hit
1784298599999,TRXUSDT:30m,NEUTRAL,0,0,0.4713,0.323,0.3229,na
1784300399999,TRXUSDT:1h,STRONG SELL,-1,1,0.3679,0.323,0.3229,hit
1784297699999,AVAXUSDT:5m,NEUTRAL,0,0,0.481,6.508,6.445,na
1784298599999,AVAXUSDT:30m,SELL,-1,0,0.4351,6.478,6.445,hit
1784300399999,AVAXUSDT:1h,SELL,-1,0,0.4362,6.478,6.445,hit
1784297699999,LINKUSDT:5m,SELL,-1,0,0.434,8.168,8.099,hit
1784298599999,LINKUSDT:30m,NEUTRAL,0,0,0.5054,8.13,8.099,na
1784300399999,LINKUSDT:1h,SELL,-1,0,0.4207,8.132,8.099,hit
1784300699999,BTCUSDT:5m,NEUTRAL,0,0,0.537,63122.0,64058.17,na
1784302199999,BTCUSDT:30m,NEUTRAL,0,0,0.4973,63121.99,64058.18,na
1784303999999,BTCUSDT:1h,SELL,-1,0,0.4263,63121.99,64058.18,miss
1784300699999,ETHUSDT:5m,STRONG SELL,-1,1,0.3444,1819.26,1839.77,miss
1784302199999,ETHUSDT:30m,SELL,-1,0,0.4406,1819.23,1839.77,miss
1784303999999,ETHUSDT:1h,NEUTRAL,0,0,0.4871,1819.24,1839.77,na
1784300699999,SOLUSDT:5m,NEUTRAL,0,0,0.4542,74.23,75.01,na
1784302199999,SOLUSDT:30m,NEUTRAL,0,0,0.4763,74.22,75.01,na
1784303999999,SOLUSDT:1h,NEUTRAL,0,0,0.4912,74.23,75.01,na
1784300699999,BNBUSDT:5m,NEUTRAL,0,0,0.4791,561.32,566.82,na
1784302199999,BNBUSDT:30m,NEUTRAL,0,0,0.5132,561.32,566.83,na
1784303999999,BNBUSDT:1h,NEUTRAL,0,0,0.4843,561.31,566.83,na
1784300699999,XRPUSDT:5m,SELL,-1,0,0.4498,1.081,1.0883,miss
1784302199999,XRPUSDT:30m,SELL,-1,0,0.4092,1.0809,1.0883,miss
1784303999999,XRPUSDT:1h,NEUTRAL,0,0,0.5158,1.0806,1.0883,na
1784300699999,DOGEUSDT:5m,NEUTRAL,0,0,0.4944,0.0718,0.07253,na
1784302199999,DOGEUSDT:30m,STRONG SELL,-1,1,0.302,0.0718,0.07254,miss
1784303999999,DOGEUSDT:1h,SELL,-1,0,0.4492,0.07179,0.07254,miss
1784300699999,ADAUSDT:5m,SELL,-1,0,0.4053,0.1618,0.1655,miss
1784302199999,ADAUSDT:30m,SELL,-1,0,0.4293,0.1618,0.1655,miss
1784303999999,ADAUSDT:1h,SELL,-1,0,0.4043,0.1618,0.1655,miss
1784300699999,TRXUSDT:5m,BUY,1,0,0.5716,0.3229,0.323,hit
1784302199999,TRXUSDT:30m,NEUTRAL,0,0,0.4507,0.3229,0.323,na
1784303999999,TRXUSDT:1h,STRONG SELL,-1,1,0.3411,0.3229,0.3229,hit
1784300699999,AVAXUSDT:5m,SELL,-1,0,0.439,6.445,6.584,miss
1784302199999,AVAXUSDT:30m,SELL,-1,0,0.4405,6.445,6.584,miss
1784303999999,AVAXUSDT:1h,SELL,-1,0,0.3883,6.445,6.584,miss
1784300699999,LINKUSDT:5m,STRONG SELL,-1,1,0.337,8.099,8.213,miss
1784302199999,LINKUSDT:30m,NEUTRAL,0,0,0.4816,8.099,8.213,na
1784303999999,LINKUSDT:1h,SELL,-1,0,0.4416,8.099,8.213,miss
1784313899999,BTCUSDT:5m,NEUTRAL,0,0,0.5322,64058.17,64094.45,na
1784314799999,BTCUSDT:30m,NEUTRAL,0,0,0.471,64058.18,64094.45,na
1784314799999,BTCUSDT:1h,NEUTRAL,0,0,0.4706,64058.18,64094.45,na
1784313899999,ETHUSDT:5m,NEUTRAL,0,0,0.5493,1839.77,1842.02,na
1784314799999,ETHUSDT:30m,SELL,-1,0,0.4343,1839.77,1842.01,miss
1784314799999,ETHUSDT:1h,NEUTRAL,0,0,0.4583,1839.77,1842.02,na
1784313899999,SOLUSDT:5m,SELL,-1,0,0.4353,75.01,74.97,hit
1784314799999,SOLUSDT:30m,NEUTRAL,0,0,0.4844,75.01,74.97,na
1784314799999,SOLUSDT:1h,NEUTRAL,0,0,0.5112,75.01,74.97,na
1784313899999,BNBUSDT:5m,NEUTRAL,0,0,0.4675,566.82,568.53,na
1784314799999,BNBUSDT:30m,NEUTRAL,0,0,0.517,566.83,568.52,na
1784314799999,BNBUSDT:1h,NEUTRAL,0,0,0.495,566.83,568.53,na
1784313899999,XRPUSDT:5m,NEUTRAL,0,0,0.4704,1.0883,1.0894,na
1784314799999,XRPUSDT:30m,SELL,-1,0,0.4006,1.0883,1.0894,miss
1784314799999,XRPUSDT:1h,NEUTRAL,0,0,0.5092,1.0883,1.0894,na
1784313899999,DOGEUSDT:5m,NEUTRAL,0,0,0.5304,0.07253,0.07277,na
1784314799999,DOGEUSDT:30m,NEUTRAL,0,0,0.4959,0.07254,0.07277,na
1784314799999,DOGEUSDT:1h,SELL,-1,0,0.4469,0.07254,0.07277,miss
1784313899999,ADAUSDT:5m,SELL,-1,0,0.4385,0.1655,0.1666,miss
1784314799999,ADAUSDT:30m,SELL,-1,0,0.4239,0.1655,0.1666,miss
1784314799999,ADAUSDT:1h,NEUTRAL,0,0,0.4567,0.1655,0.1666,na
1784313899999,TRXUSDT:5m,STRONG SELL,-1,1,0.329,0.323,0.3229,hit
1784314799999,TRXUSDT:30m,SELL,-1,0,0.4271,0.323,0.3229,hit
1784314799999,TRXUSDT:1h,SELL,-1,0,0.4015,0.3229,0.3229,hit
1784313899999,AVAXUSDT:5m,NEUTRAL,0,0,0.4846,6.584,6.57,na
1784314799999,AVAXUSDT:30m,SELL,-1,0,0.4481,6.584,6.57,hit
1784314799999,AVAXUSDT:1h,NEUTRAL,0,0,0.4606,6.584,6.57,na
1784313899999,LINKUSDT:5m,SELL,-1,0,0.4231,8.213,8.26,miss
1784314799999,LINKUSDT:30m,NEUTRAL,0,0,0.5215,8.213,8.26,na
1784314799999,LINKUSDT:1h,NEUTRAL,0,0,0.453,8.213,8.26,na
1784324399999,BTCUSDT:5m,SELL,-1,0,0.4053,64094.45,63958.0,hit
1784325599999,BTCUSDT:30m,NEUTRAL,0,0,0.4682,64094.45,63958.01,na
1784325599999,BTCUSDT:1h,SELL,-1,0,0.4198,64094.45,63958.01,hit
1784324399999,ETHUSDT:5m,SELL,-1,0,0.4324,1842.02,1838.85,hit
1784325599999,ETHUSDT:30m,SELL,-1,0,0.4219,1842.01,1838.85,hit
1784325599999,ETHUSDT:1h,NEUTRAL,0,0,0.4506,1842.02,1838.85,na
1784324399999,SOLUSDT:5m,NEUTRAL,0,0,0.4944,74.97,74.98,na
1784325599999,SOLUSDT:30m,SELL,-1,0,0.4439,74.97,74.99,miss
1784325599999,SOLUSDT:1h,NEUTRAL,0,0,0.4505,74.97,74.99,na
1784324399999,BNBUSDT:5m,NEUTRAL,0,0,0.5238,568.53,567.23,na
1784325599999,BNBUSDT:30m,NEUTRAL,0,0,0.4776,568.52,567.17,na
1784325599999,BNBUSDT:1h,NEUTRAL,0,0,0.5244,568.53,567.1,na
1784324399999,XRPUSDT:5m,NEUTRAL,0,0,0.4799,1.0894,1.0875,na
1784325599999,XRPUSDT:30m,STRONG SELL,-1,1,0.3496,1.0894,1.0874,hit
1784325599999,XRPUSDT:1h,NEUTRAL,0,0,0.5305,1.0894,1.0874,na
1784324399999,DOGEUSDT:5m,NEUTRAL,0,0,0.5061,0.07277,0.07248,na
1784325599999,DOGEUSDT:30m,NEUTRAL,0,0,0.4545,0.07277,0.07248,na
1784325599999,DOGEUSDT:1h,SELL,-1,0,0.4291,0.07277,0.07247,hit
1784324399999,ADAUSDT:5m,NEUTRAL,0,0,0.4924,0.1666,0.1658,na
1784325599999,ADAUSDT:30m,NEUTRAL,0,0,0.4671,0.1666,0.1658,na
1784325599999,ADAUSDT:1h,NEUTRAL,0,0,0.5111,0.1666,0.1658,na
1784324399999,TRXUSDT:5m,STRONG SELL,-1,1,0.291,0.3229,0.3228,hit
1784325599999,TRXUSDT:30m,STRONG SELL,-1,1,0.3703,0.3229,0.3229,hit
1784325599999,TRXUSDT:1h,STRONG SELL,-1,1,0.3646,0.3229,0.3228,hit
1784324399999,AVAXUSDT:5m,NEUTRAL,0,0,0.4852,6.57,6.559,na
1784325599999,AVAXUSDT:30m,NEUTRAL,0,0,0.4578,6.57,6.559,na
1784325599999,AVAXUSDT:1h,NEUTRAL,0,0,0.4781,6.57,6.559,na
1784324399999,LINKUSDT:5m,NEUTRAL,0,0,0.4603,8.26,8.235,na
1784325599999,LINKUSDT:30m,NEUTRAL,0,0,0.5125,8.26,8.235,na
1784325599999,LINKUSDT:1h,NEUTRAL,0,0,0.5037,8.26,8.235,na
1784329499999,BTCUSDT:5m,SELL,-1,0,0.447,63958.0,63950.46,hit
1784330999999,BTCUSDT:30m,SELL,-1,0,0.4429,63958.01,63950.45,hit
1784332799999,BTCUSDT:1h,NEUTRAL,0,0,0.4699,63958.01,63950.45,na
1784332799999,BTCUSDT:1d,NEUTRAL,0,0,0.4616,63079.47,63950.46,na
1784329499999,ETHUSDT:5m,SELL,-1,0,0.4239,1838.85,1846.1,miss
1784330999999,ETHUSDT:30m,STRONG SELL,-1,1,0.3594,1838.85,1846.11,miss
1784332799999,ETHUSDT:1h,NEUTRAL,0,0,0.4706,1838.85,1846.11,na
1784332799999,ETHUSDT:1d,NEUTRAL,0,0,0.5035,1828.09,1846.17,na
1784329499999,SOLUSDT:5m,NEUTRAL,0,0,0.4753,74.98,74.92,na
1784330999999,SOLUSDT:30m,SELL,-1,0,0.4374,74.99,74.92,hit
1784332799999,SOLUSDT:1h,NEUTRAL,0,0,0.4814,74.99,74.92,na
1784332799999,SOLUSDT:1d,NEUTRAL,0,0,0.4607,74.39,74.92,na
1784329499999,BNBUSDT:5m,NEUTRAL,0,0,0.5483,567.23,567.17,na
1784330999999,BNBUSDT:30m,NEUTRAL,0,0,0.503,567.17,567.17,na
1784332799999,BNBUSDT:1h,NEUTRAL,0,0,0.5024,567.1,567.17,na
1784332799999,BNBUSDT:1d,NEUTRAL,0,0,0.456,561.51,567.18,na
1784329499999,XRPUSDT:5m,NEUTRAL,0,0,0.4772,1.0875,1.0878,na
1784330999999,XRPUSDT:30m,SELL,-1,0,0.4164,1.0874,1.0878,miss
1784332799999,XRPUSDT:1h,NEUTRAL,0,0,0.5171,1.0874,1.0877,na
1784332799999,XRPUSDT:1d,SELL,-1,0,0.386,1.0785,1.0877,miss
1784329499999,DOGEUSDT:5m,NEUTRAL,0,0,0.4598,0.07248,0.0724,na
1784330999999,DOGEUSDT:30m,STRONG SELL,-1,1,0.3775,0.07248,0.0724,hit
1784332799999,DOGEUSDT:1h,NEUTRAL,0,0,0.4668,0.07247,0.0724,na
1784332799999,DOGEUSDT:1d,NEUTRAL,0,0,0.4713,0.0717,0.0724,na
1784329499999,ADAUSDT:5m,NEUTRAL,0,0,0.4647,0.1658,0.1667,na
1784330999999,ADAUSDT:30m,STRONG SELL,-1,1,0.3425,0.1658,0.1667,miss
1784332799999,ADAUSDT:1h,NEUTRAL,0,0,0.4502,0.1658,0.1667,na
1784332799999,ADAUSDT:1d,SELL,-1,0,0.4092,0.1596,0.1667,miss
1784329499999,TRXUSDT:5m,SELL,-1,0,0.4286,0.3228,0.322,hit
1784330999999,TRXUSDT:30m,SELL,-1,0,0.4107,0.3229,0.3221,hit
1784332799999,TRXUSDT:1h,STRONG SELL,-1,1,0.3752,0.3228,0.322,hit
1784332799999,TRXUSDT:1d,NEUTRAL,0,0,0.5369,0.3228,0.322,na
1784329499999,AVAXUSDT:5m,NEUTRAL,0,0,0.4784,6.559,6.61,na
1784330999999,AVAXUSDT:30m,STRONG SELL,-1,1,0.3311,6.559,6.61,miss
1784332799999,AVAXUSDT:1h,NEUTRAL,0,0,0.4886,6.559,6.61,na
1784332799999,AVAXUSDT:1d,NEUTRAL,0,0,0.5145,6.457,6.61,na
1784329499999,LINKUSDT:5m,NEUTRAL,0,0,0.4663,8.235,8.247,na
1784330999999,LINKUSDT:30m,SELL,-1,0,0.4263,8.235,8.247,miss
1784332799999,LINKUSDT:1h,NEUTRAL,0,0,0.5169,8.235,8.247,na
1784332799999,LINKUSDT:1d,NEUTRAL,0,0,0.4877,8.161,8.247,na
1784354099999,BTCUSDT:5m,BUY,1,0,0.5653,63950.46,64007.71,hit
1784354399999,BTCUSDT:30m,NEUTRAL,0,0,0.4727,63950.45,64007.71,na
1784354399999,BTCUSDT:1h,NEUTRAL,0,0,0.4894,63950.45,64007.71,na
1784354099999,ETHUSDT:5m,NEUTRAL,0,0,0.5057,1846.1,1845.02,na
1784354399999,ETHUSDT:30m,SELL,-1,0,0.4216,1846.11,1845.02,hit
1784354399999,ETHUSDT:1h,SELL,-1,0,0.441,1846.11,1845.02,hit
1784354099999,SOLUSDT:5m,NEUTRAL,0,0,0.4634,74.92,74.87,na
1784354399999,SOLUSDT:30m,SELL,-1,0,0.4197,74.92,74.87,hit
1784354399999,SOLUSDT:1h,NEUTRAL,0,0,0.5192,74.92,74.87,na
1784354099999,BNBUSDT:5m,NEUTRAL,0,0,0.5065,567.17,568.81,na
1784354399999,BNBUSDT:30m,NEUTRAL,0,0,0.4728,567.17,568.82,na
1784354399999,BNBUSDT:1h,NEUTRAL,0,0,0.4954,567.17,568.82,na
1784354099999,XRPUSDT:5m,SELL,-1,0,0.4468,1.0878,1.0872,hit
1784354399999,XRPUSDT:30m,NEUTRAL,0,0,0.5206,1.0878,1.0872,na
1784354399999,XRPUSDT:1h,NEUTRAL,0,0,0.5107,1.0877,1.0872,na
1784354099999,DOGEUSDT:5m,SELL,-1,0,0.4168,0.0724,0.07221,hit
1784354399999,DOGEUSDT:30m,SELL,-1,0,0.4415,0.0724,0.07221,hit
1784354399999,DOGEUSDT:1h,SELL,-1,0,0.4264,0.0724,0.07221,hit
1784354099999,ADAUSDT:5m,STRONG SELL,-1,1,0.3766,0.1667,0.1659,hit
1784354399999,ADAUSDT:30m,STRONG SELL,-1,1,0.3777,0.1667,0.1659,hit
1784354399999,ADAUSDT:1h,NEUTRAL,0,0,0.4724,0.1667,0.1659,na
1784354099999,TRXUSDT:5m,SELL,-1,0,0.4339,0.322,0.3233,miss
1784354399999,TRXUSDT:30m,SELL,-1,0,0.3932,0.3221,0.3234,miss
1784354399999,TRXUSDT:1h,SELL,-1,0,0.4002,0.322,0.3234,miss
1784354099999,AVAXUSDT:5m,NEUTRAL,0,0,0.4656,6.61,6.546,na
1784354399999,AVAXUSDT:30m,NEUTRAL,0,0,0.4555,6.61,6.546,na
1784354399999,AVAXUSDT:1h,NEUTRAL,0,0,0.4858,6.61,6.546,na
1784354099999,LINKUSDT:5m,NEUTRAL,0,0,0.4883,8.247,8.262,na
1784354399999,LINKUSDT:30m,NEUTRAL,0,0,0.486,8.247,8.262,na
1784354399999,LINKUSDT:1h,NEUTRAL,0,0,0.4866,8.247,8.262,na
1784371799999,BTCUSDT:5m,BUY,1,0,0.6099,64007.71,64164.0,hit
1784372399999,BTCUSDT:30m,NEUTRAL,0,0,0.4514,64007.71,64161.55,na
1784372399999,BTCUSDT:1h,NEUTRAL,0,0,0.5202,64007.71,64161.53,na
1784371799999,ETHUSDT:5m,BUY,1,0,0.5645,1845.02,1845.08,hit
1784372399999,ETHUSDT:30m,SELL,-1,0,0.4491,1845.02,1845.09,miss
1784372399999,ETHUSDT:1h,SELL,-1,0,0.399,1845.02,1845.08,miss
1784371799999,SOLUSDT:5m,NEUTRAL,0,0,0.5307,74.87,74.88,na
1784372399999,SOLUSDT:30m,SELL,-1,0,0.4453,74.87,74.88,miss
1784372399999,SOLUSDT:1h,NEUTRAL,0,0,0.4796,74.87,74.88,na
1784371799999,BNBUSDT:5m,SELL,-1,0,0.4267,568.81,570.73,miss
1784372399999,BNBUSDT:30m,NEUTRAL,0,0,0.5017,568.82,570.73,na
1784372399999,BNBUSDT:1h,NEUTRAL,0,0,0.5016,568.82,570.74,na
1784371799999,XRPUSDT:5m,NEUTRAL,0,0,0.4512,1.0872,1.088,na
1784372399999,XRPUSDT:30m,SELL,-1,0,0.3846,1.0872,1.088,miss
1784372399999,XRPUSDT:1h,NEUTRAL,0,0,0.5084,1.0872,1.088,na
1784371799999,DOGEUSDT:5m,SELL,-1,0,0.3863,0.07221,0.07226,miss
1784372399999,DOGEUSDT:30m,STRONG SELL,-1,1,0.3432,0.07221,0.07226,miss
1784372399999,DOGEUSDT:1h,NEUTRAL,0,0,0.4582,0.07221,0.07227,na
1784371799999,ADAUSDT:5m,SELL,-1,0,0.4356,0.1659,0.1647,hit
1784372399999,ADAUSDT:30m,SELL,-1,0,0.4338,0.1659,0.1647,hit
1784372399999,ADAUSDT:1h,SELL,-1,0,0.4162,0.1659,0.1647,hit
1784371799999,TRXUSDT:5m,STRONG SELL,-1,1,0.3552,0.3233,0.3241,miss
1784372399999,TRXUSDT:30m,STRONG SELL,-1,1,0.3548,0.3234,0.3241,miss
1784372399999,TRXUSDT:1h,SELL,-1,0,0.382,0.3234,0.3241,miss
1784371799999,AVAXUSDT:5m,SELL,-1,0,0.4342,6.546,6.564,miss
1784372399999,AVAXUSDT:30m,SELL,-1,0,0.4258,6.546,6.564,miss
1784372399999,AVAXUSDT:1h,NEUTRAL,0,0,0.4632,6.546,6.564,na
1784371799999,LINKUSDT:5m,SELL,-1,0,0.4318,8.262,8.304,miss
1784372399999,LINKUSDT:30m,NEUTRAL,0,0,0.4752,8.262,8.304,na
1784372399999,LINKUSDT:1h,NEUTRAL,0,0,0.4973,8.262,8.304,na
1784385599999,BTCUSDT:5m,SELL,-1,0,0.4312,64164.0,64421.74,miss
1784386799999,BTCUSDT:30m,NEUTRAL,0,0,0.4578,64161.55,64421.73,na
1784386799999,BTCUSDT:1h,BUY,1,0,0.5541,64161.53,64421.73,hit
1784385599999,ETHUSDT:5m,BUY,1,0,0.5805,1845.08,1848.25,hit
1784386799999,ETHUSDT:30m,SELL,-1,0,0.4444,1845.09,1848.25,miss
1784386799999,ETHUSDT:1h,SELL,-1,0,0.4165,1845.08,1848.25,miss
1784385599999,SOLUSDT:5m,STRONG SELL,-1,1,0.3552,74.88,75.3,miss
1784386799999,SOLUSDT:30m,SELL,-1,0,0.4398,74.88,75.3,miss
1784386799999,SOLUSDT:1h,NEUTRAL,0,0,0.5129,74.88,75.3,na
1784385599999,BNBUSDT:5m,NEUTRAL,0,0,0.5333,570.73,572.09,na
1784386799999,BNBUSDT:30m,NEUTRAL,0,0,0.4637,570.73,572.07,na
1784386799999,BNBUSDT:1h,NEUTRAL,0,0,0.55,570.74,572.08,na
1784385599999,XRPUSDT:5m,SELL,-1,0,0.4188,1.088,1.092,miss
1784386799999,XRPUSDT:30m,SELL,-1,0,0.4059,1.088,1.0921,miss
1784386799999,XRPUSDT:1h,NEUTRAL,0,0,0.5313,1.088,1.0921,na
1784385599999,DOGEUSDT:5m,NEUTRAL,0,0,0.4702,0.07226,0.07237,na
1784386799999,DOGEUSDT:30m,STRONG SELL,-1,1,0.3668,0.07226,0.07237,miss
1784386799999,DOGEUSDT:1h,NEUTRAL,0,0,0.4671,0.07227,0.07237,na
1784385599999,ADAUSDT:5m,NEUTRAL,0,0,0.4995,0.1647,0.165,na
1784386799999,ADAUSDT:30m,SELL,-1,0,0.4483,0.1647,0.165,miss
1784386799999,ADAUSDT:1h,SELL,-1,0,0.4422,0.1647,0.165,miss
1784385599999,TRXUSDT:5m,STRONG SELL,-1,1,0.263,0.3241,0.3239,hit
1784386799999,TRXUSDT:30m,STRONG SELL,-1,1,0.3494,0.3241,0.3239,hit
1784386799999,TRXUSDT:1h,STRONG SELL,-1,1,0.3786,0.3241,0.3239,hit
1784385599999,AVAXUSDT:5m,SELL,-1,0,0.4288,6.564,6.568,miss
1784386799999,AVAXUSDT:30m,SELL,-1,0,0.3924,6.564,6.568,miss
1784386799999,AVAXUSDT:1h,NEUTRAL,0,0,0.4978,6.564,6.568,na
1784385599999,LINKUSDT:5m,BUY,1,0,0.5561,8.304,8.302,miss
1784386799999,LINKUSDT:30m,NEUTRAL,0,0,0.4513,8.304,8.302,na
1784386799999,LINKUSDT:1h,NEUTRAL,0,0,0.4949,8.304,8.301,na
1784396699999,BTCUSDT:5m,BUY,1,0,0.5715,64421.74,64642.0,hit
1784397599999,BTCUSDT:30m,BUY,1,0,0.558,64421.73,64642.01,hit
1784397599999,BTCUSDT:1h,NEUTRAL,0,0,0.477,64421.73,64642.0,na
1784396699999,ETHUSDT:5m,BUY,1,0,0.5594,1848.25,1859.4,hit
1784397599999,ETHUSDT:30m,BUY,1,0,0.5527,1848.25,1859.4,hit
1784397599999,ETHUSDT:1h,SELL,-1,0,0.3832,1848.25,1859.4,miss
1784396699999,SOLUSDT:5m,NEUTRAL,0,0,0.5109,75.3,75.44,na
1784397599999,SOLUSDT:30m,STRONG SELL,-1,1,0.3686,75.3,75.45,miss
1784397599999,SOLUSDT:1h,NEUTRAL,0,0,0.5435,75.3,75.44,na
1784396699999,BNBUSDT:5m,NEUTRAL,0,0,0.5436,572.09,571.61,na
1784397599999,BNBUSDT:30m,SELL,-1,0,0.4472,572.07,571.62,hit
1784397599999,BNBUSDT:1h,NEUTRAL,0,0,0.5321,572.08,571.62,na
1784396699999,XRPUSDT:5m,NEUTRAL,0,0,0.4674,1.092,1.0948,na
1784397599999,XRPUSDT:30m,BUY,1,0,0.5528,1.0921,1.0948,hit
1784397599999,XRPUSDT:1h,NEUTRAL,0,0,0.5386,1.0921,1.0947,na
1784396699999,DOGEUSDT:5m,BUY,1,0,0.5593,0.07237,0.07242,hit
1784397599999,DOGEUSDT:30m,STRONG SELL,-1,1,0.3099,0.07237,0.07243,miss
1784397599999,DOGEUSDT:1h,SELL,-1,0,0.4282,0.07237,0.07243,miss
1784396699999,ADAUSDT:5m,SELL,-1,0,0.4236,0.165,0.1666,miss
1784397599999,ADAUSDT:30m,NEUTRAL,0,0,0.4761,0.165,0.1666,na
1784397599999,ADAUSDT:1h,SELL,-1,0,0.4238,0.165,0.1666,miss
1784396699999,TRXUSDT:5m,STRONG SELL,-1,1,0.3478,0.3239,0.3262,miss
1784397599999,TRXUSDT:30m,SELL,-1,0,0.3804,0.3239,0.3261,miss
1784397599999,TRXUSDT:1h,SELL,-1,0,0.4031,0.3239,0.3262,miss
1784396699999,AVAXUSDT:5m,SELL,-1,0,0.4492,6.568,6.576,miss
1784397599999,AVAXUSDT:30m,SELL,-1,0,0.4375,6.568,6.576,miss
1784397599999,AVAXUSDT:1h,SELL,-1,0,0.4188,6.568,6.576,miss
1784396699999,LINKUSDT:5m,SELL,-1,0,0.4166,8.302,8.351,miss
1784397599999,LINKUSDT:30m,NEUTRAL,0,0,0.5311,8.302,8.351,na
1784397599999,LINKUSDT:1h,NEUTRAL,0,0,0.5345,8.301,8.351,na
1784406599999,BTCUSDT:5m,NEUTRAL,0,0,0.5091,64642.0,64810.01,na
1784406599999,BTCUSDT:30m,NEUTRAL,0,0,0.4796,64642.01,64810.0,na
1784408399999,BTCUSDT:1h,SELL,-1,0,0.4384,64642.0,64810.01,miss
1784406599999,ETHUSDT:5m,SELL,-1,0,0.4397,1859.4,1861.85,miss
1784406599999,ETHUSDT:30m,SELL,-1,0,0.4022,1859.4,1861.84,miss
1784408399999,ETHUSDT:1h,SELL,-1,0,0.3906,1859.4,1861.84,miss
1784406599999,SOLUSDT:5m,NEUTRAL,0,0,0.4914,75.44,75.51,na
1784406599999,SOLUSDT:30m,STRONG SELL,-1,1,0.32,75.45,75.51,miss
1784408399999,SOLUSDT:1h,NEUTRAL,0,0,0.494,75.44,75.51,na
1784406599999,BNBUSDT:5m,NEUTRAL,0,0,0.5354,571.61,570.48,na
1784406599999,BNBUSDT:30m,NEUTRAL,0,0,0.4598,571.62,570.48,na
1784408399999,BNBUSDT:1h,NEUTRAL,0,0,0.5267,571.62,570.48,na
1784406599999,XRPUSDT:5m,NEUTRAL,0,0,0.4879,1.0948,1.0926,na
1784406599999,XRPUSDT:30m,STRONG SELL,-1,1,0.3021,1.0948,1.0926,hit
1784408399999,XRPUSDT:1h,NEUTRAL,0,0,0.5443,1.0947,1.0926,na
1784406599999,DOGEUSDT:5m,STRONG SELL,-1,1,0.3572,0.07242,0.07249,miss
1784406599999,DOGEUSDT:30m,SELL,-1,0,0.4181,0.07243,0.07249,miss
1784408399999,DOGEUSDT:1h,SELL,-1,0,0.4268,0.07243,0.07249,miss
1784406599999,ADAUSDT:5m,SELL,-1,0,0.4112,0.1666,0.1667,miss
1784406599999,ADAUSDT:30m,NEUTRAL,0,0,0.5308,0.1666,0.1667,na
1784408399999,ADAUSDT:1h,SELL,-1,0,0.4248,0.1666,0.1667,miss
1784406599999,TRXUSDT:5m,STRONG SELL,-1,1,0.3566,0.3262,0.3258,hit
1784406599999,TRXUSDT:30m,SELL,-1,0,0.3993,0.3261,0.3258,hit
1784408399999,TRXUSDT:1h,SELL,-1,0,0.3994,0.3262,0.3258,hit
1784406599999,AVAXUSDT:5m,NEUTRAL,0,0,0.4585,6.576,6.585,na
1784406599999,AVAXUSDT:30m,SELL,-1,0,0.4337,6.576,6.585,miss
1784408399999,AVAXUSDT:1h,NEUTRAL,0,0,0.4598,6.576,6.585,na
1784406599999,LINKUSDT:5m,NEUTRAL,0,0,0.5331,8.351,8.352,na
1784406599999,LINKUSDT:30m,SELL,-1,0,0.4165,8.351,8.352,miss
1784408399999,LINKUSDT:1h,NEUTRAL,0,0,0.5366,8.351,8.352,na
1784417999999,BTCUSDT:5m,NEUTRAL,0,0,0.4522,64810.01,64746.49,na
1784419199999,BTCUSDT:30m,SELL,-1,0,0.402,64810.0,64746.5,hit
1784419199999,BTCUSDT:1h,NEUTRAL,0,0,0.4872,64810.01,64746.5,na
1784419199999,BTCUSDT:1d,NEUTRAL,0,0,0.4536,63950.46,64746.49,na
1784417999999,ETHUSDT:5m,SELL,-1,0,0.4138,1861.85,1870.59,miss
1784419199999,ETHUSDT:30m,SELL,-1,0,0.4013,1861.84,1870.59,miss
1784419199999,ETHUSDT:1h,SELL,-1,0,0.4075,1861.84,1869.68,miss
1784419199999,ETHUSDT:1d,NEUTRAL,0,0,0.5333,1846.17,1869.68,na
1784417999999,SOLUSDT:5m,NEUTRAL,0,0,0.5124,75.51,76.19,na
1784419199999,SOLUSDT:30m,STRONG SELL,-1,1,0.2998,75.51,76.2,miss
1784419199999,SOLUSDT:1h,NEUTRAL,0,0,0.4931,75.51,76.2,na
1784419199999,SOLUSDT:1d,NEUTRAL,0,0,0.4647,74.92,76.2,na
1784417999999,BNBUSDT:5m,SELL,-1,0,0.4222,570.48,569.16,hit
1784419199999,BNBUSDT:30m,SELL,-1,0,0.4169,570.48,569.16,hit
1784419199999,BNBUSDT:1h,NEUTRAL,0,0,0.5208,570.48,569.16,na
1784419199999,BNBUSDT:1d,NEUTRAL,0,0,0.4783,567.18,569.15,na
1784417999999,XRPUSDT:5m,NEUTRAL,0,0,0.4757,1.0926,1.0961,na
1784419199999,XRPUSDT:30m,STRONG SELL,-1,1,0.2866,1.0926,1.0961,miss
1784419199999,XRPUSDT:1h,BUY,1,0,0.5537,1.0926,1.0961,hit
1784419199999,XRPUSDT:1d,SELL,-1,0,0.3823,1.0877,1.0961,miss
1784417999999,DOGEUSDT:5m,SELL,-1,0,0.4326,0.07249,0.07255,miss
1784419199999,DOGEUSDT:30m,STRONG SELL,-1,1,0.3437,0.07249,0.07255,miss
1784419199999,DOGEUSDT:1h,SELL,-1,0,0.4337,0.07249,0.07255,miss
1784419199999,DOGEUSDT:1d,SELL,-1,0,0.4432,0.0724,0.07255,miss
1784417999999,ADAUSDT:5m,SELL,-1,0,0.436,0.1667,0.1658,hit
1784419199999,ADAUSDT:30m,NEUTRAL,0,0,0.4749,0.1667,0.1658,na
1784419199999,ADAUSDT:1h,SELL,-1,0,0.4441,0.1667,0.1658,hit
1784419199999,ADAUSDT:1d,STRONG SELL,-1,1,0.3785,0.1667,0.1658,hit
1784417999999,TRXUSDT:5m,STRONG SELL,-1,1,0.3643,0.3258,0.3259,miss
1784419199999,TRXUSDT:30m,STRONG SELL,-1,1,0.3604,0.3258,0.3259,miss
1784419199999,TRXUSDT:1h,SELL,-1,0,0.3992,0.3258,0.3258,hit
1784419199999,TRXUSDT:1d,NEUTRAL,0,0,0.5237,0.322,0.3258,na
1784417999999,AVAXUSDT:5m,NEUTRAL,0,0,0.4512,6.585,6.563,na
1784419199999,AVAXUSDT:30m,SELL,-1,0,0.4401,6.585,6.563,hit
1784419199999,AVAXUSDT:1h,BUY,1,0,0.5522,6.585,6.563,miss
1784419199999,AVAXUSDT:1d,NEUTRAL,0,0,0.4968,6.61,6.563,na
1784417999999,LINKUSDT:5m,NEUTRAL,0,0,0.4956,8.352,8.373,na
1784419199999,LINKUSDT:30m,SELL,-1,0,0.4362,8.352,8.373,miss
1784419199999,LINKUSDT:1h,NEUTRAL,0,0,0.4921,8.352,8.373,na
1784419199999,LINKUSDT:1d,NEUTRAL,0,0,0.4712,8.247,8.373,na
1784447399999,BTCUSDT:5m,STRONG SELL,-1,1,0.3718,64746.49,64518.69,hit
1784447999999,BTCUSDT:30m,NEUTRAL,0,0,0.533,64746.5,64518.69,na
1784447999999,BTCUSDT:1h,NEUTRAL,0,0,0.5184,64746.5,64518.7,na
1784447399999,ETHUSDT:5m,SELL,-1,0,0.4242,1870.59,1875.51,miss
1784447999999,ETHUSDT:30m,NEUTRAL,0,0,0.5029,1870.59,1875.5,na
1784447999999,ETHUSDT:1h,NEUTRAL,0,0,0.453,1869.68,1875.71,na
1784447399999,SOLUSDT:5m,NEUTRAL,0,0,0.4927,76.19,76.18,na
1784447999999,SOLUSDT:30m,NEUTRAL,0,0,0.5188,76.2,76.18,na
1784447999999,SOLUSDT:1h,BUY,1,0,0.5613,76.2,76.17,miss
1784447399999,BNBUSDT:5m,SELL,-1,0,0.4057,569.16,568.49,hit
1784447999999,BNBUSDT:30m,BUY,1,0,0.557,569.16,568.5,miss
1784447999999,BNBUSDT:1h,NEUTRAL,0,0,0.5471,569.16,568.5,na
1784447399999,XRPUSDT:5m,NEUTRAL,0,0,0.4741,1.0961,1.0971,na
1784447999999,XRPUSDT:30m,NEUTRAL,0,0,0.5231,1.0961,1.0971,na
1784447999999,XRPUSDT:1h,NEUTRAL,0,0,0.5355,1.0961,1.0971,na
1784447399999,DOGEUSDT:5m,SELL,-1,0,0.4431,0.07255,0.07259,miss
1784447999999,DOGEUSDT:30m,NEUTRAL,0,0,0.4752,0.07255,0.0726,na
1784447999999,DOGEUSDT:1h,NEUTRAL,0,0,0.4843,0.07255,0.0726,na
1784447399999,ADAUSDT:5m,SELL,-1,0,0.4022,0.1658,0.1653,hit
1784447999999,ADAUSDT:30m,NEUTRAL,0,0,0.4813,0.1658,0.1653,na
1784447999999,ADAUSDT:1h,SELL,-1,0,0.4467,0.1658,0.1653,hit
1784447399999,TRXUSDT:5m,STRONG SELL,-1,1,0.2937,0.3259,0.3275,miss
1784447999999,TRXUSDT:30m,STRONG SELL,-1,1,0.3616,0.3259,0.3275,miss
1784447999999,TRXUSDT:1h,SELL,-1,0,0.4137,0.3258,0.3275,miss
1784447399999,AVAXUSDT:5m,SELL,-1,0,0.4352,6.563,6.496,hit
1784447999999,AVAXUSDT:30m,SELL,-1,0,0.4363,6.563,6.496,hit
1784447999999,AVAXUSDT:1h,SELL,-1,0,0.3948,6.563,6.496,hit
1784447399999,LINKUSDT:5m,NEUTRAL,0,0,0.4663,8.373,8.369,na
1784447999999,LINKUSDT:30m,NEUTRAL,0,0,0.4683,8.373,8.37,na
1784447999999,LINKUSDT:1h,NEUTRAL,0,0,0.5348,8.373,8.37,na
1784461199999,BTCUSDT:5m,NEUTRAL,0,0,0.4992,64518.69,64531.87,na
1784462399999,BTCUSDT:30m,NEUTRAL,0,0,0.5326,64518.69,64531.87,na
1784462399999,BTCUSDT:1h,NEUTRAL,0,0,0.5116,64518.7,64531.87,na
1784461199999,ETHUSDT:5m,BUY,1,0,0.5536,1875.51,1874.09,miss
1784462399999,ETHUSDT:30m,BUY,1,0,0.5696,1875.5,1874.17,miss
1784462399999,ETHUSDT:1h,NEUTRAL,0,0,0.4679,1875.71,1874.18,na
1784461499999,SOLUSDT:5m,NEUTRAL,0,0,0.5172,76.18,76.44,na
1784462399999,SOLUSDT:30m,SELL,-1,0,0.4168,76.18,76.44,miss
1784462399999,SOLUSDT:1h,NEUTRAL,0,0,0.533,76.17,76.44,na
1784461499999,BNBUSDT:5m,NEUTRAL,0,0,0.5105,568.49,569.46,na
1784462399999,BNBUSDT:30m,NEUTRAL,0,0,0.4852,568.5,569.46,na
1784462399999,BNBUSDT:1h,NEUTRAL,0,0,0.5345,568.5,569.47,na
1784461499999,XRPUSDT:5m,NEUTRAL,0,0,0.4928,1.0971,1.0971,na
1784462399999,XRPUSDT:30m,NEUTRAL,0,0,0.5278,1.0971,1.0971,na
1784462399999,XRPUSDT:1h,NEUTRAL,0,0,0.5373,1.0971,1.0971,na
1784461499999,DOGEUSDT:5m,NEUTRAL,0,0,0.4604,0.07259,0.07264,na
1784462399999,DOGEUSDT:30m,SELL,-1,0,0.4439,0.0726,0.07265,miss
1784462399999,DOGEUSDT:1h,NEUTRAL,0,0,0.4519,0.0726,0.07265,na
1784461499999,ADAUSDT:5m,STRONG SELL,-1,1,0.3491,0.1653,0.1661,miss
1784462399999,ADAUSDT:30m,SELL,-1,0,0.4461,0.1653,0.1661,miss
1784462399999,ADAUSDT:1h,SELL,-1,0,0.4482,0.1653,0.1661,miss
1784461499999,TRXUSDT:5m,STRONG SELL,-1,1,0.1886,0.3275,0.3272,hit
1784462399999,TRXUSDT:30m,STRONG SELL,-1,1,0.3571,0.3275,0.3272,hit
1784462399999,TRXUSDT:1h,SELL,-1,0,0.4305,0.3275,0.3272,hit
1784461499999,AVAXUSDT:5m,STRONG SELL,-1,1,0.3797,6.496,6.463,hit
1784462399999,AVAXUSDT:30m,STRONG SELL,-1,1,0.352,6.496,6.463,hit
1784462399999,AVAXUSDT:1h,STRONG SELL,-1,1,0.3601,6.496,6.464,hit
1784461499999,LINKUSDT:5m,SELL,-1,0,0.3923,8.369,8.373,miss
1784462399999,LINKUSDT:30m,NEUTRAL,0,0,0.5277,8.37,8.373,na
1784462399999,LINKUSDT:1h,BUY,1,0,0.5865,8.37,8.373,hit
1784472599999,BTCUSDT:5m,SELL,-1,0,0.432,64531.87,64425.76,hit
1784473199999,BTCUSDT:30m,NEUTRAL,0,0,0.4866,64531.87,64425.74,na
1784473199999,BTCUSDT:1h,NEUTRAL,0,0,0.5464,64531.87,64425.74,na
1784472599999,ETHUSDT:5m,BUY,1,0,0.5551,1874.09,1861.48,miss
1784473199999,ETHUSDT:30m,NEUTRAL,0,0,0.5446,1874.17,1861.41,na
1784473199999,ETHUSDT:1h,SELL,-1,0,0.421,1874.18,1861.16,hit
1784472599999,SOLUSDT:5m,SELL,-1,0,0.4242,76.44,75.66,hit
1784473199999,SOLUSDT:30m,NEUTRAL,0,0,0.4802,76.44,75.64,na
1784473199999,SOLUSDT:1h,NEUTRAL,0,0,0.5165,76.44,75.64,na
1784472599999,BNBUSDT:5m,NEUTRAL,0,0,0.4933,569.46,567.49,na
1784473199999,BNBUSDT:30m,NEUTRAL,0,0,0.5431,569.46,567.49,na
1784473199999,BNBUSDT:1h,NEUTRAL,0,0,0.5347,569.47,567.48,na
1784472599999,XRPUSDT:5m,SELL,-1,0,0.4405,1.0971,1.093,hit
1784473199999,XRPUSDT:30m,NEUTRAL,0,0,0.5418,1.0971,1.093,na
1784473199999,XRPUSDT:1h,NEUTRAL,0,0,0.538,1.0971,1.093,na
1784472599999,DOGEUSDT:5m,SELL,-1,0,0.4431,0.07264,0.07199,hit
1784473199999,DOGEUSDT:30m,SELL,-1,0,0.4083,0.07265,0.07198,hit
1784473199999,DOGEUSDT:1h,NEUTRAL,0,0,0.4567,0.07265,0.07197,na
1784472599999,ADAUSDT:5m,NEUTRAL,0,0,0.4558,0.1661,0.1648,na
1784473199999,ADAUSDT:30m,NEUTRAL,0,0,0.4763,0.1661,0.1647,na
1784473199999,ADAUSDT:1h,NEUTRAL,0,0,0.4814,0.1661,0.1647,na
1784472599999,TRXUSDT:5m,STRONG SELL,-1,1,0.2881,0.3272,0.3268,hit
1784473199999,TRXUSDT:30m,STRONG SELL,-1,1,0.3671,0.3272,0.3268,hit
1784473199999,TRXUSDT:1h,SELL,-1,0,0.4154,0.3272,0.3268,hit
1784472599999,AVAXUSDT:5m,SELL,-1,0,0.3807,6.463,6.441,hit
1784473199999,AVAXUSDT:30m,NEUTRAL,0,0,0.453,6.463,6.434,na
1784473199999,AVAXUSDT:1h,NEUTRAL,0,0,0.4923,6.464,6.429,na
1784472599999,LINKUSDT:5m,NEUTRAL,0,0,0.5291,8.373,8.294,na
1784473199999,LINKUSDT:30m,NEUTRAL,0,0,0.4971,8.373,8.295,na
1784473199999,LINKUSDT:1h,BUY,1,0,0.5599,8.373,8.298,miss
1784484599999,BTCUSDT:5m,SELL,-1,0,0.3887,64425.76,64512.0,miss
1784485799999,BTCUSDT:30m,NEUTRAL,0,0,0.5171,64425.74,64512.0,na
1784487599999,BTCUSDT:1h,NEUTRAL,0,0,0.5108,64425.74,64512.0,na
1784484599999,ETHUSDT:5m,SELL,-1,0,0.4299,1861.48,1865.13,miss
1784485799999,ETHUSDT:30m,NEUTRAL,0,0,0.522,1861.41,1865.13,na
1784487599999,ETHUSDT:1h,NEUTRAL,0,0,0.4931,1861.16,1865.13,na
1784484599999,SOLUSDT:5m,NEUTRAL,0,0,0.4883,75.66,76.01,na
1784485799999,SOLUSDT:30m,NEUTRAL,0,0,0.4831,75.64,76.01,na
1784487599999,SOLUSDT:1h,NEUTRAL,0,0,0.5286,75.64,76.01,na
1784484599999,BNBUSDT:5m,SELL,-1,0,0.4493,567.49,569.08,miss
1784485799999,BNBUSDT:30m,NEUTRAL,0,0,0.4537,567.49,569.08,na
1784487599999,BNBUSDT:1h,NEUTRAL,0,0,0.5282,567.48,569.08,na
1784484599999,XRPUSDT:5m,NEUTRAL,0,0,0.4545,1.093,1.0975,na
1784485799999,XRPUSDT:30m,STRONG BUY,1,1,0.6307,1.093,1.0975,hit
1784487599999,XRPUSDT:1h,NEUTRAL,0,0,0.5319,1.093,1.0975,na
1784484599999,DOGEUSDT:5m,NEUTRAL,0,0,0.4862,0.07199,0.07234,na
1784485799999,DOGEUSDT:30m,SELL,-1,0,0.4268,0.07198,0.07235,miss
1784487599999,DOGEUSDT:1h,SELL,-1,0,0.432,0.07197,0.07235,miss
1784484599999,ADAUSDT:5m,SELL,-1,0,0.4169,0.1648,0.1662,miss
1784485799999,ADAUSDT:30m,NEUTRAL,0,0,0.4558,0.1647,0.1662,na
1784487599999,ADAUSDT:1h,NEUTRAL,0,0,0.4705,0.1647,0.1662,na
1784484599999,TRXUSDT:5m,SELL,-1,0,0.4279,0.3268,0.3269,miss
1784485799999,TRXUSDT:30m,STRONG SELL,-1,1,0.3373,0.3268,0.3269,miss
1784487599999,TRXUSDT:1h,SELL,-1,0,0.4174,0.3268,0.3269,miss
1784484599999,AVAXUSDT:5m,SELL,-1,0,0.4386,6.441,6.443,miss
1784485799999,AVAXUSDT:30m,SELL,-1,0,0.4408,6.434,6.442,miss
1784487599999,AVAXUSDT:1h,NEUTRAL,0,0,0.4771,6.429,6.442,na
1784484599999,LINKUSDT:5m,STRONG SELL,-1,1,0.3552,8.294,8.355,miss
1784485799999,LINKUSDT:30m,SELL,-1,0,0.4395,8.295,8.356,miss
1784487599999,LINKUSDT:1h,NEUTRAL,0,0,0.5303,8.298,8.356,na
1784493299999,BTCUSDT:5m,NEUTRAL,0,0,0.5218,64512.0,64679.06,na
1784494799999,BTCUSDT:30m,BUY,1,0,0.5547,64512.0,64679.06,hit
1784494799999,BTCUSDT:1h,NEUTRAL,0,0,0.5262,64512.0,64685.99,na
1784493299999,ETHUSDT:5m,NEUTRAL,0,0,0.498,1865.13,1869.86,na
1784494799999,ETHUSDT:30m,NEUTRAL,0,0,0.4609,1865.13,1869.86,na
1784494799999,ETHUSDT:1h,NEUTRAL,0,0,0.4874,1865.13,1869.86,na
1784493299999,SOLUSDT:5m,NEUTRAL,0,0,0.4708,76.01,76.46,na
1784494799999,SOLUSDT:30m,NEUTRAL,0,0,0.5137,76.01,76.46,na
1784494799999,SOLUSDT:1h,BUY,1,0,0.5509,76.01,76.46,hit
1784493299999,BNBUSDT:5m,NEUTRAL,0,0,0.5048,569.08,571.22,na
1784494799999,BNBUSDT:30m,NEUTRAL,0,0,0.5454,569.08,571.22,na
1784494799999,BNBUSDT:1h,NEUTRAL,0,0,0.542,569.08,571.22,na
1784493299999,XRPUSDT:5m,SELL,-1,0,0.4168,1.0975,1.0964,hit
1784494799999,XRPUSDT:30m,NEUTRAL,0,0,0.4658,1.0975,1.0964,na
1784494799999,XRPUSDT:1h,NEUTRAL,0,0,0.5453,1.0975,1.0964,na
1784493299999,DOGEUSDT:5m,SELL,-1,0,0.3998,0.07234,0.07233,hit
1784494799999,DOGEUSDT:30m,SELL,-1,0,0.4082,0.07235,0.07233,hit
1784494799999,DOGEUSDT:1h,SELL,-1,0,0.4321,0.07235,0.07233,hit
1784493299999,ADAUSDT:5m,SELL,-1,0,0.4249,0.1662,0.1662,hit
1784494799999,ADAUSDT:30m,NEUTRAL,0,0,0.4772,0.1662,0.1662,na
1784494799999,ADAUSDT:1h,NEUTRAL,0,0,0.4502,0.1662,0.1662,na
1784493299999,TRXUSDT:5m,SELL,-1,0,0.4297,0.3269,0.3272,miss
1784494799999,TRXUSDT:30m,SELL,-1,0,0.4099,0.3269,0.3272,miss
1784494799999,TRXUSDT:1h,SELL,-1,0,0.4346,0.3269,0.3272,miss
1784493299999,AVAXUSDT:5m,SELL,-1,0,0.3968,6.443,6.465,miss
1784494799999,AVAXUSDT:30m,SELL,-1,0,0.4473,6.442,6.465,miss
1784494799999,AVAXUSDT:1h,SELL,-1,0,0.4497,6.442,6.465,miss
1784493299999,LINKUSDT:5m,NEUTRAL,0,0,0.4552,8.355,8.379,na
1784494799999,LINKUSDT:30m,BUY,1,0,0.5926,8.356,8.379,hit
1784494799999,LINKUSDT:1h,BUY,1,0,0.61,8.356,8.379,hit
1784504699999,BTCUSDT:5m,NEUTRAL,0,0,0.5004,64679.06,64318.01,na
1784505599999,BTCUSDT:30m,NEUTRAL,0,0,0.5142,64679.06,64316.78,na
1784505599999,BTCUSDT:1h,NEUTRAL,0,0,0.5498,64685.99,64316.77,na
1784505599999,BTCUSDT:1d,NEUTRAL,0,0,0.4895,64746.49,64316.78,na
1784504699999,ETHUSDT:5m,BUY,1,0,0.5812,1869.86,1868.4,miss
1784505599999,ETHUSDT:30m,NEUTRAL,0,0,0.5156,1869.86,1868.4,na
1784505599999,ETHUSDT:1h,NEUTRAL,0,0,0.4788,1869.86,1868.4,na
1784505599999,ETHUSDT:1d,NEUTRAL,0,0,0.4744,1869.68,1868.67,na
1784504699999,SOLUSDT:5m,NEUTRAL,0,0,0.4762,76.46,76.49,na
1784505599999,SOLUSDT:30m,SELL,-1,0,0.4164,76.46,76.48,miss
1784505599999,SOLUSDT:1h,BUY,1,0,0.6017,76.46,76.5,hit
1784505599999,SOLUSDT:1d,NEUTRAL,0,0,0.4779,76.2,76.5,na
1784504699999,BNBUSDT:5m,BUY,1,0,0.5505,571.22,567.13,miss
1784505599999,BNBUSDT:30m,NEUTRAL,0,0,0.5187,571.22,567.13,na
1784505599999,BNBUSDT:1h,NEUTRAL,0,0,0.4786,571.22,567.12,na
1784505599999,BNBUSDT:1d,SELL,-1,0,0.4055,569.15,567.12,hit
1784504699999,XRPUSDT:5m,SELL,-1,0,0.4269,1.0964,1.0939,hit
1784505599999,XRPUSDT:30m,SELL,-1,0,0.4481,1.0964,1.0939,hit
1784505599999,XRPUSDT:1h,NEUTRAL,0,0,0.5385,1.0964,1.0939,na
1784505599999,XRPUSDT:1d,SELL,-1,0,0.4227,1.0961,1.0938,hit
1784504699999,DOGEUSDT:5m,NEUTRAL,0,0,0.4949,0.07233,0.07222,na
1784505599999,DOGEUSDT:30m,STRONG SELL,-1,1,0.3425,0.07233,0.07222,hit
1784505599999,DOGEUSDT:1h,NEUTRAL,0,0,0.5073,0.07233,0.07222,na
1784505599999,DOGEUSDT:1d,NEUTRAL,0,0,0.458,0.07255,0.07222,na
1784504699999,ADAUSDT:5m,NEUTRAL,0,0,0.454,0.1662,0.1633,na
1784505599999,ADAUSDT:30m,NEUTRAL,0,0,0.4751,0.1662,0.1633,na
1784505599999,ADAUSDT:1h,SELL,-1,0,0.4393,0.1662,0.1633,hit
1784505599999,ADAUSDT:1d,SELL,-1,0,0.3967,0.1658,0.1633,hit
1784504699999,TRXUSDT:5m,STRONG SELL,-1,1,0.2041,0.3272,0.3265,hit
1784505599999,TRXUSDT:30m,SELL,-1,0,0.3963,0.3272,0.3265,hit
1784505599999,TRXUSDT:1h,SELL,-1,0,0.4334,0.3272,0.3265,hit
1784505599999,TRXUSDT:1d,NEUTRAL,0,0,0.5332,0.3258,0.3265,na
1784504699999,AVAXUSDT:5m,NEUTRAL,0,0,0.4622,6.465,6.562,na
1784505599999,AVAXUSDT:30m,SELL,-1,0,0.4106,6.465,6.562,miss
1784505599999,AVAXUSDT:1h,NEUTRAL,0,0,0.4827,6.465,6.562,na
1784505599999,AVAXUSDT:1d,NEUTRAL,0,0,0.4919,6.563,6.562,na
1784504699999,LINKUSDT:5m,NEUTRAL,0,0,0.4577,8.379,8.399,na
1784505599999,LINKUSDT:30m,SELL,-1,0,0.4182,8.379,8.399,miss
1784505599999,LINKUSDT:1h,NEUTRAL,0,0,0.5207,8.379,8.398,na
1784505599999,LINKUSDT:1d,NEUTRAL,0,0,0.4838,8.373,8.398,na
1784543699999,BTCUSDT:5m,SELL,-1,0,0.4088,64318.01,65511.39,miss
1784545199999,BTCUSDT:30m,NEUTRAL,0,0,0.4884,64316.78,65511.39,na
1784545199999,BTCUSDT:1h,NEUTRAL,0,0,0.5254,64316.77,65511.38,na
1784543699999,ETHUSDT:5m,SELL,-1,0,0.4326,1868.4,1903.4,miss
1784545199999,ETHUSDT:30m,SELL,-1,0,0.4406,1868.4,1903.41,miss
1784545199999,ETHUSDT:1h,NEUTRAL,0,0,0.4668,1868.4,1903.4,na
1784543699999,SOLUSDT:5m,NEUTRAL,0,0,0.4602,76.49,77.8,na
1784545199999,SOLUSDT:30m,NEUTRAL,0,0,0.5182,76.48,77.8,na
1784545199999,SOLUSDT:1h,BUY,1,0,0.5636,76.5,77.8,hit
1784543699999,BNBUSDT:5m,NEUTRAL,0,0,0.4657,567.13,574.1,na
1784545199999,BNBUSDT:30m,BUY,1,0,0.6162,567.13,574.17,hit
1784545199999,BNBUSDT:1h,NEUTRAL,0,0,0.4833,567.12,574.23,na
1784543699999,XRPUSDT:5m,SELL,-1,0,0.3973,1.0939,1.1132,miss
1784545199999,XRPUSDT:30m,NEUTRAL,0,0,0.5273,1.0939,1.1132,na
1784545199999,XRPUSDT:1h,NEUTRAL,0,0,0.5385,1.0939,1.1132,na
1784543699999,DOGEUSDT:5m,NEUTRAL,0,0,0.4567,0.07222,0.07358,na
1784545199999,DOGEUSDT:30m,NEUTRAL,0,0,0.4845,0.07222,0.07358,na
1784545199999,DOGEUSDT:1h,NEUTRAL,0,0,0.4607,0.07222,0.07358,na
1784543699999,ADAUSDT:5m,SELL,-1,0,0.4484,0.1633,0.1668,miss
1784545199999,ADAUSDT:30m,NEUTRAL,0,0,0.4681,0.1633,0.1667,na
1784545199999,ADAUSDT:1h,NEUTRAL,0,0,0.472,0.1633,0.1667,na
1784543699999,TRXUSDT:5m,SELL,-1,0,0.384,0.3265,0.3264,hit
1784545199999,TRXUSDT:30m,STRONG SELL,-1,1,0.3771,0.3265,0.3264,hit
1784545199999,TRXUSDT:1h,SELL,-1,0,0.3972,0.3265,0.3264,hit
1784543699999,AVAXUSDT:5m,SELL,-1,0,0.4416,6.562,6.603,miss
1784545199999,AVAXUSDT:30m,SELL,-1,0,0.4152,6.562,6.603,miss
1784545199999,AVAXUSDT:1h,NEUTRAL,0,0,0.4541,6.562,6.603,na
1784543699999,LINKUSDT:5m,NEUTRAL,0,0,0.4764,8.399,8.565,na
1784545199999,LINKUSDT:30m,STRONG BUY,1,1,0.6287,8.399,8.565,hit
1784545199999,LINKUSDT:1h,NEUTRAL,0,0,0.5247,8.398,8.565,na
1784564399999,BTCUSDT:5m,NEUTRAL,0,0,0.5106,65511.39,65333.5,na
1784564999999,BTCUSDT:30m,NEUTRAL,0,0,0.5144,65511.39,65333.49,na
1784566799999,BTCUSDT:1h,NEUTRAL,0,0,0.5284,65511.38,65333.5,na
1784564399999,ETHUSDT:5m,SELL,-1,0,0.4164,1903.4,1902.53,hit
1784564999999,ETHUSDT:30m,BUY,1,0,0.5656,1903.41,1902.54,miss
1784566799999,ETHUSDT:1h,NEUTRAL,0,0,0.4806,1903.4,1902.54,na
1784564399999,SOLUSDT:5m,SELL,-1,0,0.4358,77.8,77.85,miss
1784564999999,SOLUSDT:30m,NEUTRAL,0,0,0.5295,77.8,77.85,na
1784566799999,SOLUSDT:1h,NEUTRAL,0,0,0.5174,77.8,77.85,na
1784564399999,BNBUSDT:5m,NEUTRAL,0,0,0.5437,574.1,571.93,na
1784564999999,BNBUSDT:30m,STRONG SELL,-1,1,0.3745,574.17,571.93,hit
1784566799999,BNBUSDT:1h,BUY,1,0,0.5574,574.23,571.93,miss
1784564399999,XRPUSDT:5m,NEUTRAL,0,0,0.4748,1.1132,1.1141,na
1784564999999,XRPUSDT:30m,NEUTRAL,0,0,0.4966,1.1132,1.1141,na
1784566799999,XRPUSDT:1h,NEUTRAL,0,0,0.5053,1.1132,1.1141,na
1784564399999,DOGEUSDT:5m,NEUTRAL,0,0,0.5351,0.07358,0.07205,na
1784564999999,DOGEUSDT:30m,NEUTRAL,0,0,0.4738,0.07358,0.07205,na
1784566799999,DOGEUSDT:1h,NEUTRAL,0,0,0.4564,0.07358,0.07205,na
1784564399999,ADAUSDT:5m,SELL,-1,0,0.4317,0.1668,0.1693,miss
1784564999999,ADAUSDT:30m,NEUTRAL,0,0,0.456,0.1667,0.1694,na
1784566799999,ADAUSDT:1h,SELL,-1,0,0.4212,0.1667,0.1694,miss
1784564399999,TRXUSDT:5m,STRONG SELL,-1,1,0.2759,0.3264,0.3268,miss
1784564999999,TRXUSDT:30m,STRONG SELL,-1,1,0.3587,0.3264,0.3268,miss
1784566799999,TRXUSDT:1h,SELL,-1,0,0.4099,0.3264,0.3267,miss
1784564399999,AVAXUSDT:5m,SELL,-1,0,0.4454,6.603,6.594,hit
1784564999999,AVAXUSDT:30m,NEUTRAL,0,0,0.462,6.603,6.593,na
1784566799999,AVAXUSDT:1h,NEUTRAL,0,0,0.4686,6.603,6.593,na
1784564399999,LINKUSDT:5m,NEUTRAL,0,0,0.5176,8.565,8.559,na
1784564999999,LINKUSDT:30m,NEUTRAL,0,0,0.5294,8.565,8.559,na
1784566799999,LINKUSDT:1h,NEUTRAL,0,0,0.5177,8.565,8.559,na
1784580899999,BTCUSDT:5m,SELL,-1,0,0.4166,65333.5,65200.01,hit
1784581199999,BTCUSDT:30m,NEUTRAL,0,0,0.5175,65333.49,65200.0,na
1784581199999,BTCUSDT:1h,NEUTRAL,0,0,0.4905,65333.5,65200.0,na
1784591999999,BTCUSDT:1d,NEUTRAL,0,0,0.5183,64316.78,65200.0,na
1784580899999,ETHUSDT:5m,NEUTRAL,0,0,0.4694,1902.53,1903.35,na
1784581199999,ETHUSDT:30m,BUY,1,0,0.5676,1902.54,1903.35,hit
1784581199999,ETHUSDT:1h,SELL,-1,0,0.4164,1902.54,1903.35,miss
1784591999999,ETHUSDT:1d,NEUTRAL,0,0,0.5128,1868.67,1902.92,na
1784580899999,SOLUSDT:5m,SELL,-1,0,0.4069,77.85,77.84,hit
1784581199999,SOLUSDT:30m,NEUTRAL,0,0,0.541,77.85,77.84,na
1784581199999,SOLUSDT:1h,NEUTRAL,0,0,0.5145,77.85,77.84,na
1784591999999,SOLUSDT:1d,BUY,1,0,0.571,76.5,77.83,hit
1784580899999,BNBUSDT:5m,NEUTRAL,0,0,0.5312,571.93,571.28,na
1784581199999,BNBUSDT:30m,NEUTRAL,0,0,0.5326,571.93,571.27,na
1784581199999,BNBUSDT:1h,NEUTRAL,0,0,0.4936,571.93,571.27,na
1784591999999,BNBUSDT:1d,NEUTRAL,0,0,0.4559,567.12,571.27,na
1784580899999,XRPUSDT:5m,NEUTRAL,0,0,0.4942,1.1141,1.1119,na
1784581199999,XRPUSDT:30m,NEUTRAL,0,0,0.5059,1.1141,1.1119,na
1784581199999,XRPUSDT:1h,NEUTRAL,0,0,0.5007,1.1141,1.1119,na
1784591999999,XRPUSDT:1d,SELL,-1,0,0.3897,1.0938,1.1119,miss
1784580899999,DOGEUSDT:5m,SELL,-1,0,0.3816,0.07205,0.07194,hit
1784581199999,DOGEUSDT:30m,NEUTRAL,0,0,0.4548,0.07205,0.07194,na
1784581199999,DOGEUSDT:1h,STRONG SELL,-1,1,0.3657,0.07205,0.07194,hit
1784591999999,DOGEUSDT:1d,NEUTRAL,0,0,0.4709,0.07222,0.07194,na
1784580899999,ADAUSDT:5m,NEUTRAL,0,0,0.4598,0.1693,0.1701,na
1784581199999,ADAUSDT:30m,NEUTRAL,0,0,0.4606,0.1694,0.1701,na
1784581199999,ADAUSDT:1h,SELL,-1,0,0.4113,0.1694,0.1701,miss
1784591999999,ADAUSDT:1d,SELL,-1,0,0.4141,0.1633,0.1701,miss
1784580899999,TRXUSDT:5m,NEUTRAL,0,0,0.4542,0.3268,0.3265,na
1784581199999,TRXUSDT:30m,SELL,-1,0,0.3887,0.3268,0.3266,hit
1784581199999,TRXUSDT:1h,SELL,-1,0,0.4307,0.3267,0.3266,hit
1784591999999,TRXUSDT:1d,BUY,1,0,0.5789,0.3265,0.3265,miss
1784580899999,AVAXUSDT:5m,NEUTRAL,0,0,0.4767,6.594,6.57,na
1784581199999,AVAXUSDT:30m,NEUTRAL,0,0,0.4707,6.593,6.57,na
1784581199999,AVAXUSDT:1h,NEUTRAL,0,0,0.4782,6.593,6.57,na
1784591999999,AVAXUSDT:1d,NEUTRAL,0,0,0.4835,6.562,6.57,na
1784580899999,LINKUSDT:5m,NEUTRAL,0,0,0.5041,8.559,8.575,na
1784581199999,LINKUSDT:30m,NEUTRAL,0,0,0.5226,8.559,8.575,na
1784581199999,LINKUSDT:1h,NEUTRAL,0,0,0.5103,8.559,8.575,na
1784591999999,LINKUSDT:1d,NEUTRAL,0,0,0.4894,8.398,8.575,na
1784592899999,BTCUSDT:5m,STRONG SELL,-1,1,0.373,65200.01,66296.0,miss
1784593799999,BTCUSDT:30m,NEUTRAL,0,0,0.4972,65200.0,66296.0,na
1784595599999,BTCUSDT:1h,NEUTRAL,0,0,0.499,65200.0,66296.0,na
1784592899999,ETHUSDT:5m,STRONG SELL,-1,1,0.3637,1903.35,1939.7,miss
1784593799999,ETHUSDT:30m,NEUTRAL,0,0,0.4546,1903.35,1939.71,na
1784595599999,ETHUSDT:1h,NEUTRAL,0,0,0.4504,1903.35,1939.71,na
1784592899999,SOLUSDT:5m,SELL,-1,0,0.4455,77.84,78.41,miss
1784593799999,SOLUSDT:30m,BUY,1,0,0.5656,77.84,78.4,hit
1784595599999,SOLUSDT:1h,NEUTRAL,0,0,0.5188,77.84,78.4,na
1784592899999,BNBUSDT:5m,NEUTRAL,0,0,0.4763,571.28,578.89,na
1784593799999,BNBUSDT:30m,SELL,-1,0,0.4105,571.27,578.89,miss
1784595599999,BNBUSDT:1h,SELL,-1,0,0.4395,571.27,578.88,miss
1784592899999,XRPUSDT:5m,SELL,-1,0,0.4499,1.1119,1.1342,miss
1784593799999,XRPUSDT:30m,NEUTRAL,0,0,0.5345,1.1119,1.1343,na
1784595599999,XRPUSDT:1h,NEUTRAL,0,0,0.5374,1.1119,1.1342,na
1784592899999,DOGEUSDT:5m,NEUTRAL,0,0,0.4692,0.07194,0.07349,na
1784593799999,DOGEUSDT:30m,SELL,-1,0,0.4422,0.07194,0.07349,miss
1784595599999,DOGEUSDT:1h,NEUTRAL,0,0,0.4956,0.07194,0.07349,na
1784592899999,ADAUSDT:5m,SELL,-1,0,0.4256,0.1701,0.1749,miss
1784593799999,ADAUSDT:30m,NEUTRAL,0,0,0.4635,0.1701,0.1749,na
1784595599999,ADAUSDT:1h,SELL,-1,0,0.4393,0.1701,0.1749,miss
1784592899999,TRXUSDT:5m,SELL,-1,0,0.3914,0.3265,0.3269,miss
1784593799999,TRXUSDT:30m,SELL,-1,0,0.3817,0.3266,0.3268,miss
1784595599999,TRXUSDT:1h,SELL,-1,0,0.4309,0.3266,0.3268,miss
1784593199999,AVAXUSDT:5m,SELL,-1,0,0.4068,6.57,6.655,miss
1784593799999,AVAXUSDT:30m,NEUTRAL,0,0,0.4607,6.57,6.655,na
1784595599999,AVAXUSDT:1h,NEUTRAL,0,0,0.4657,6.57,6.655,na
1784593199999,LINKUSDT:5m,SELL,-1,0,0.4438,8.575,8.72,miss
1784593799999,LINKUSDT:30m,NEUTRAL,0,0,0.48,8.575,8.72,na
1784595599999,LINKUSDT:1h,NEUTRAL,0,0,0.5023,8.575,8.72,na
1784627099999,BTCUSDT:5m,NEUTRAL,0,0,0.5125,66296.0,66688.0,na
1784627999999,BTCUSDT:30m,BUY,1,0,0.5805,66296.0,66688.01,hit
1784627999999,BTCUSDT:1h,NEUTRAL,0,0,0.5454,66296.0,66688.0,na
1784627099999,ETHUSDT:5m,NEUTRAL,0,0,0.4566,1939.7,1930.92,na
1784627999999,ETHUSDT:30m,BUY,1,0,0.5607,1939.71,1930.92,miss
1784627999999,ETHUSDT:1h,NEUTRAL,0,0,0.5026,1939.71,1930.93,na
1784627099999,SOLUSDT:5m,BUY,1,0,0.5611,78.41,78.08,miss
1784627999999,SOLUSDT:30m,BUY,1,0,0.6051,78.4,78.07,miss
1784627999999,SOLUSDT:1h,NEUTRAL,0,0,0.4905,78.4,78.08,na
1784627099999,BNBUSDT:5m,NEUTRAL,0,0,0.5002,578.89,575.17,na
1784627999999,BNBUSDT:30m,NEUTRAL,0,0,0.4981,578.89,575.18,na
1784627999999,BNBUSDT:1h,NEUTRAL,0,0,0.525,578.88,575.18,na
1784627099999,XRPUSDT:5m,NEUTRAL,0,0,0.5037,1.1342,1.1542,na
1784627999999,XRPUSDT:30m,NEUTRAL,0,0,0.5045,1.1343,1.1542,na
1784627999999,XRPUSDT:1h,BUY,1,0,0.5841,1.1342,1.1541,hit
1784627099999,DOGEUSDT:5m,NEUTRAL,0,0,0.529,0.07349,0.07347,na
1784627999999,DOGEUSDT:30m,BUY,1,0,0.5551,0.07349,0.07346,miss
1784627999999,DOGEUSDT:1h,NEUTRAL,0,0,0.471,0.07349,0.07346,na
1784627099999,ADAUSDT:5m,SELL,-1,0,0.4231,0.1749,0.1749,hit
1784627999999,ADAUSDT:30m,SELL,-1,0,0.4315,0.1749,0.175,miss
1784627999999,ADAUSDT:1h,NEUTRAL,0,0,0.4644,0.1749,0.175,na
1784627099999,TRXUSDT:5m,SELL,-1,0,0.417,0.3269,0.3287,miss
1784627999999,TRXUSDT:30m,SELL,-1,0,0.4498,0.3268,0.3287,miss
1784627999999,TRXUSDT:1h,SELL,-1,0,0.4005,0.3268,0.3287,miss
1784627099999,AVAXUSDT:5m,BUY,1,0,0.5614,6.655,6.617,miss
1784627999999,AVAXUSDT:30m,NEUTRAL,0,0,0.4985,6.655,6.617,na
1784627999999,AVAXUSDT:1h,NEUTRAL,0,0,0.4689,6.655,6.617,na
1784627099999,LINKUSDT:5m,NEUTRAL,0,0,0.4952,8.72,8.688,na
1784627999999,LINKUSDT:30m,BUY,1,0,0.6107,8.72,8.687,miss
1784627999999,LINKUSDT:1h,NEUTRAL,0,0,0.5195,8.72,8.687,na
1784649299999,BTCUSDT:5m,NEUTRAL,0,0,0.4965,66688.0,66454.59,na
1784649599999,BTCUSDT:30m,BUY,1,0,0.5746,66688.01,66453.65,miss
1784649599999,BTCUSDT:1h,NEUTRAL,0,0,0.5402,66688.0,66453.66,na
1784649299999,ETHUSDT:5m,STRONG SELL,-1,1,0.3623,1930.92,1924.59,hit
1784649599999,ETHUSDT:30m,BUY,1,0,0.5526,1930.92,1924.65,miss
1784649599999,ETHUSDT:1h,NEUTRAL,0,0,0.4844,1930.93,1924.64,na
1784649299999,SOLUSDT:5m,NEUTRAL,0,0,0.4923,78.08,78.07,na
1784649599999,SOLUSDT:30m,BUY,1,0,0.5575,78.07,78.07,miss
1784649599999,SOLUSDT:1h,NEUTRAL,0,0,0.5384,78.08,78.07,na
1784649299999,BNBUSDT:5m,SELL,-1,0,0.4483,575.17,573.48,hit
1784649599999,BNBUSDT:30m,NEUTRAL,0,0,0.5296,575.18,573.48,na
1784649599999,BNBUSDT:1h,NEUTRAL,0,0,0.5188,575.18,573.49,na
1784649599999,XRPUSDT:5m,NEUTRAL,0,0,0.5178,1.1542,1.1498,na
1784649599999,XRPUSDT:30m,NEUTRAL,0,0,0.5484,1.1542,1.1498,na
1784649599999,XRPUSDT:1h,BUY,1,0,0.5551,1.1541,1.1496,miss
1784649299999,DOGEUSDT:5m,NEUTRAL,0,0,0.4507,0.07347,0.07357,na
1784649599999,DOGEUSDT:30m,NEUTRAL,0,0,0.5332,0.07346,0.07357,na
1784649599999,DOGEUSDT:1h,SELL,-1,0,0.448,0.07346,0.07357,miss
1784649299999,ADAUSDT:5m,SELL,-1,0,0.4267,0.1749,0.1739,hit
1784649599999,ADAUSDT:30m,NEUTRAL,0,0,0.4655,0.175,0.1738,na
1784649599999,ADAUSDT:1h,SELL,-1,0,0.4398,0.175,0.1738,hit
1784649599999,TRXUSDT:5m,STRONG SELL,-1,1,0.3008,0.3287,0.3295,miss
1784649599999,TRXUSDT:30m,SELL,-1,0,0.4134,0.3287,0.3295,miss
1784649599999,TRXUSDT:1h,SELL,-1,0,0.3906,0.3287,0.3295,miss
1784649599999,AVAXUSDT:5m,NEUTRAL,0,0,0.4886,6.617,6.602,na
1784649599999,AVAXUSDT:30m,NEUTRAL,0,0,0.5118,6.617,6.602,na
1784649599999,AVAXUSDT:1h,SELL,-1,0,0.428,6.617,6.602,hit
1784649299999,LINKUSDT:5m,NEUTRAL,0,0,0.4877,8.688,8.638,na
1784649599999,LINKUSDT:30m,NEUTRAL,0,0,0.5257,8.687,8.638,na
1784649599999,LINKUSDT:1h,NEUTRAL,0,0,0.5216,8.687,8.638,na
1784666699999,BTCUSDT:5m,SELL,-1,0,0.42,66454.59,66422.83,hit
1784667599999,BTCUSDT:30m,BUY,1,0,0.5642,66453.65,66422.82,miss
1784667599999,BTCUSDT:1h,BUY,1,0,0.6198,66453.66,66422.82,miss
1784666699999,ETHUSDT:5m,BUY,1,0,0.5531,1924.59,1923.99,miss
1784667599999,ETHUSDT:30m,NEUTRAL,0,0,0.5471,1924.65,1923.99,na
1784667599999,ETHUSDT:1h,NEUTRAL,0,0,0.4758,1924.64,1923.92,na
1784666699999,SOLUSDT:5m,NEUTRAL,0,0,0.4745,78.07,78.04,na
1784667599999,SOLUSDT:30m,NEUTRAL,0,0,0.5134,78.07,78.03,na
1784667599999,SOLUSDT:1h,NEUTRAL,0,0,0.5384,78.07,78.04,na
1784666699999,BNBUSDT:5m,NEUTRAL,0,0,0.4663,573.48,573.27,na
1784667599999,BNBUSDT:30m,NEUTRAL,0,0,0.4893,573.48,573.27,na
1784667599999,BNBUSDT:1h,NEUTRAL,0,0,0.5143,573.49,573.27,na
1784666699999,XRPUSDT:5m,NEUTRAL,0,0,0.4954,1.1498,1.1418,na
1784667599999,XRPUSDT:30m,NEUTRAL,0,0,0.5171,1.1498,1.1418,na
1784667599999,XRPUSDT:1h,NEUTRAL,0,0,0.5316,1.1496,1.1421,na
1784666699999,DOGEUSDT:5m,NEUTRAL,0,0,0.455,0.07357,0.07325,na
1784667599999,DOGEUSDT:30m,NEUTRAL,0,0,0.4746,0.07357,0.07325,na
1784667599999,DOGEUSDT:1h,SELL,-1,0,0.4044,0.07357,0.07325,hit
1784666399999,ADAUSDT:5m,SELL,-1,0,0.4492,0.1739,0.1734,hit
1784667599999,ADAUSDT:30m,SELL,-1,0,0.4467,0.1738,0.1734,hit
1784667599999,ADAUSDT:1h,SELL,-1,0,0.4441,0.1738,0.1734,hit
1784666699999,TRXUSDT:5m,SELL,-1,0,0.4113,0.3295,0.3297,miss
1784667599999,TRXUSDT:30m,NEUTRAL,0,0,0.4616,0.3295,0.3297,na
1784667599999,TRXUSDT:1h,STRONG SELL,-1,1,0.3716,0.3295,0.3297,miss
1784666399999,AVAXUSDT:5m,NEUTRAL,0,0,0.4655,6.602,6.563,na
1784667599999,AVAXUSDT:30m,SELL,-1,0,0.4356,6.602,6.563,hit
1784667599999,AVAXUSDT:1h,NEUTRAL,0,0,0.4606,6.602,6.563,na
1784666399999,LINKUSDT:5m,NEUTRAL,0,0,0.5109,8.638,8.655,na
1784667599999,LINKUSDT:30m,NEUTRAL,0,0,0.4874,8.638,8.655,na
1784667599999,LINKUSDT:1h,NEUTRAL,0,0,0.5171,8.638,8.655,na
1784677499999,BTCUSDT:5m,NEUTRAL,0,0,0.5146,66422.83,65898.69,na
1784678399999,BTCUSDT:30m,STRONG BUY,1,1,0.6293,66422.82,65904.94,miss
1784678399999,BTCUSDT:1h,BUY,1,0,0.5542,66422.82,65905.87,miss
1784678399999,BTCUSDT:1d,NEUTRAL,0,0,0.4707,65200.0,65905.87,na
1784677499999,ETHUSDT:5m,SELL,-1,0,0.4344,1923.99,1915.16,hit
1784678399999,ETHUSDT:30m,BUY,1,0,0.5686,1923.99,1915.16,miss
1784678399999,ETHUSDT:1h,NEUTRAL,0,0,0.4756,1923.92,1915.15,na
1784678399999,ETHUSDT:1d,NEUTRAL,0,0,0.527,1902.92,1915.24,na
1784677499999,SOLUSDT:5m,NEUTRAL,0,0,0.5098,78.04,77.08,na
1784678399999,SOLUSDT:30m,NEUTRAL,0,0,0.5288,78.03,77.08,na
1784678399999,SOLUSDT:1h,NEUTRAL,0,0,0.528,78.04,77.08,na
1784678399999,SOLUSDT:1d,NEUTRAL,0,0,0.4535,77.83,77.09,na
1784677499999,BNBUSDT:5m,NEUTRAL,0,0,0.5429,573.27,568.57,na
1784678399999,BNBUSDT:30m,NEUTRAL,0,0,0.528,573.27,568.57,na
1784678399999,BNBUSDT:1h,NEUTRAL,0,0,0.465,573.27,568.57,na
1784678399999,BNBUSDT:1d,NEUTRAL,0,0,0.5171,571.27,568.58,na
1784677499999,XRPUSDT:5m,NEUTRAL,0,0,0.5254,1.1418,1.1314,na
1784678399999,XRPUSDT:30m,NEUTRAL,0,0,0.4775,1.1418,1.1314,na
1784678399999,XRPUSDT:1h,NEUTRAL,0,0,0.5341,1.1421,1.1314,na
1784678399999,XRPUSDT:1d,SELL,-1,0,0.3813,1.1119,1.1314,miss
1784677799999,DOGEUSDT:5m,SELL,-1,0,0.4444,0.07325,0.07229,hit
1784678399999,DOGEUSDT:30m,NEUTRAL,0,0,0.5051,0.07325,0.07229,na
1784678399999,DOGEUSDT:1h,SELL,-1,0,0.4206,0.07325,0.07228,hit
1784678399999,DOGEUSDT:1d,SELL,-1,0,0.4149,0.07194,0.07228,miss
1784677499999,ADAUSDT:5m,SELL,-1,0,0.4224,0.1734,0.1712,hit
1784678399999,ADAUSDT:30m,SELL,-1,0,0.4461,0.1734,0.1712,hit
1784678399999,ADAUSDT:1h,SELL,-1,0,0.4177,0.1734,0.1712,hit
1784678399999,ADAUSDT:1d,SELL,-1,0,0.3974,0.1701,0.1712,miss
1784677799999,TRXUSDT:5m,STRONG SELL,-1,1,0.3722,0.3297,0.3292,hit
1784678399999,TRXUSDT:30m,SELL,-1,0,0.4211,0.3297,0.3292,hit
1784678399999,TRXUSDT:1h,SELL,-1,0,0.4193,0.3297,0.3292,hit
1784678399999,TRXUSDT:1d,NEUTRAL,0,0,0.5399,0.3265,0.3292,na
1784677799999,AVAXUSDT:5m,STRONG SELL,-1,1,0.3649,6.563,6.51,hit
1784678399999,AVAXUSDT:30m,NEUTRAL,0,0,0.4942,6.563,6.51,na
1784678399999,AVAXUSDT:1h,NEUTRAL,0,0,0.4667,6.563,6.51,na
1784678399999,AVAXUSDT:1d,NEUTRAL,0,0,0.5007,6.57,6.51,na
1784677799999,LINKUSDT:5m,SELL,-1,0,0.3852,8.655,8.586,hit
1784678399999,LINKUSDT:30m,NEUTRAL,0,0,0.5403,8.655,8.586,na
1784678399999,LINKUSDT:1h,SELL,-1,0,0.4336,8.655,8.586,hit
1784678399999,LINKUSDT:1d,NEUTRAL,0,0,0.4938,8.575,8.586,na
1784707499999,BTCUSDT:5m,NEUTRAL,0,0,0.4989,65898.69,65668.81,na
1784708999999,BTCUSDT:30m,NEUTRAL,0,0,0.5143,65904.94,65663.1,na
1784710799999,BTCUSDT:1h,BUY,1,0,0.5734,65905.87,65663.09,miss
1784707499999,ETHUSDT:5m,BUY,1,0,0.5775,1915.16,1920.18,hit
1784708999999,ETHUSDT:30m,BUY,1,0,0.5532,1915.16,1920.18,hit
1784710799999,ETHUSDT:1h,NEUTRAL,0,0,0.5361,1915.15,1920.18,na
1784707499999,SOLUSDT:5m,NEUTRAL,0,0,0.4659,77.08,77.27,na
1784708999999,SOLUSDT:30m,NEUTRAL,0,0,0.5129,77.08,77.27,na
1784710799999,SOLUSDT:1h,NEUTRAL,0,0,0.5384,77.08,77.28,na
1784707499999,BNBUSDT:5m,SELL,-1,0,0.4361,568.57,570.66,miss
1784708999999,BNBUSDT:30m,NEUTRAL,0,0,0.5098,568.57,570.66,na
1784710799999,BNBUSDT:1h,NEUTRAL,0,0,0.4944,568.57,570.65,na
1784707499999,XRPUSDT:5m,NEUTRAL,0,0,0.4701,1.1314,1.1364,na
1784708999999,XRPUSDT:30m,NEUTRAL,0,0,0.5017,1.1314,1.1364,na
1784710799999,XRPUSDT:1h,NEUTRAL,0,0,0.5122,1.1314,1.1364,na
1784707499999,DOGEUSDT:5m,SELL,-1,0,0.3947,0.07229,0.07242,miss
1784708999999,DOGEUSDT:30m,NEUTRAL,0,0,0.5033,0.07229,0.07242,na
1784710799999,DOGEUSDT:1h,NEUTRAL,0,0,0.5223,0.07228,0.07242,na
1784707499999,ADAUSDT:5m,SELL,-1,0,0.4131,0.1712,0.1727,miss
1784708999999,ADAUSDT:30m,BUY,1,0,0.5825,0.1712,0.1727,hit
1784710799999,ADAUSDT:1h,NEUTRAL,0,0,0.5024,0.1712,0.1727,na
1784707499999,TRXUSDT:5m,STRONG SELL,-1,1,0.2641,0.3292,0.3298,miss
1784708999999,TRXUSDT:30m,NEUTRAL,0,0,0.501,0.3292,0.3298,na
1784710799999,TRXUSDT:1h,SELL,-1,0,0.3911,0.3292,0.3298,miss
1784707499999,AVAXUSDT:5m,NEUTRAL,0,0,0.4589,6.51,6.511,na
1784708999999,AVAXUSDT:30m,NEUTRAL,0,0,0.4849,6.51,6.511,na
1784710799999,AVAXUSDT:1h,NEUTRAL,0,0,0.4716,6.51,6.512,na
1784707499999,LINKUSDT:5m,SELL,-1,0,0.4471,8.586,8.607,miss
1784708999999,LINKUSDT:30m,NEUTRAL,0,0,0.4963,8.586,8.607,na
1784710799999,LINKUSDT:1h,NEUTRAL,0,0,0.4828,8.586,8.607,na
1784726099999,BTCUSDT:5m,STRONG SELL,-1,1,0.3521,65668.81,66152.45,miss
1784726999999,BTCUSDT:30m,NEUTRAL,0,0,0.503,65663.1,66152.46,na
1784728799999,BTCUSDT:1h,NEUTRAL,0,0,0.5287,65663.09,66152.46,na
1784726099999,ETHUSDT:5m,NEUTRAL,0,0,0.4565,1920.18,1944.14,na
1784726999999,ETHUSDT:30m,NEUTRAL,0,0,0.4897,1920.18,1944.14,na
1784728799999,ETHUSDT:1h,NEUTRAL,0,0,0.4883,1920.18,1944.13,na
1784726099999,SOLUSDT:5m,SELL,-1,0,0.4356,77.27,78.37,miss
1784726999999,SOLUSDT:30m,SELL,-1,0,0.4185,77.27,78.37,miss
1784728799999,SOLUSDT:1h,BUY,1,0,0.5676,77.28,78.35,hit
1784726099999,BNBUSDT:5m,SELL,-1,0,0.4193,570.66,572.2,miss
1784726999999,BNBUSDT:30m,NEUTRAL,0,0,0.5154,570.66,572.14,na
1784728799999,BNBUSDT:1h,NEUTRAL,0,0,0.4738,570.65,572.1,na
1784726099999,XRPUSDT:5m,BUY,1,0,0.5594,1.1364,1.1488,hit
1784726999999,XRPUSDT:30m,NEUTRAL,0,0,0.4966,1.1364,1.1488,na
1784728799999,XRPUSDT:1h,NEUTRAL,0,0,0.4976,1.1364,1.1487,na
1784726099999,DOGEUSDT:5m,NEUTRAL,0,0,0.4511,0.07242,0.07323,na
1784726999999,DOGEUSDT:30m,NEUTRAL,0,0,0.456,0.07242,0.07324,na
1784728799999,DOGEUSDT:1h,NEUTRAL,0,0,0.5116,0.07242,0.07325,na
1784726099999,ADAUSDT:5m,SELL,-1,0,0.4416,0.1727,0.1783,miss
1784726999999,ADAUSDT:30m,NEUTRAL,0,0,0.505,0.1727,0.1783,na
1784728799999,ADAUSDT:1h,NEUTRAL,0,0,0.4652,0.1727,0.1783,na
1784726099999,TRXUSDT:5m,STRONG SELL,-1,1,0.3429,0.3298,0.3288,hit
1784726999999,TRXUSDT:30m,BUY,1,0,0.5708,0.3298,0.3288,miss
1784728799999,TRXUSDT:1h,SELL,-1,0,0.3983,0.3298,0.3288,hit
1784726099999,AVAXUSDT:5m,NEUTRAL,0,0,0.4748,6.511,6.625,na
1784726999999,AVAXUSDT:30m,NEUTRAL,0,0,0.5387,6.511,6.625,na
1784728799999,AVAXUSDT:1h,NEUTRAL,0,0,0.5099,6.512,6.625,na
1784726099999,LINKUSDT:5m,NEUTRAL,0,0,0.5116,8.607,8.66,na
1784726999999,LINKUSDT:30m,STRONG BUY,1,1,0.625,8.607,8.66,hit
1784728799999,LINKUSDT:1h,SELL,-1,0,0.4413,8.607,8.66,miss
1784742899999,BTCUSDT:5m,SELL,-1,0,0.392,66152.45,66094.0,hit
1784743199999,BTCUSDT:30m,BUY,1,0,0.5768,66152.46,66093.99,miss
1784743199999,BTCUSDT:1h,NEUTRAL,0,0,0.536,66152.46,66094.0,na
1784742899999,ETHUSDT:5m,SELL,-1,0,0.4209,1944.14,1934.93,hit
1784743199999,ETHUSDT:30m,NEUTRAL,0,0,0.5425,1944.14,1934.94,na
1784743199999,ETHUSDT:1h,NEUTRAL,0,0,0.5032,1944.13,1934.94,na
1784742899999,SOLUSDT:5m,NEUTRAL,0,0,0.462,78.37,78.0,na
1784743199999,SOLUSDT:30m,NEUTRAL,0,0,0.529,78.37,78.0,na
1784743199999,SOLUSDT:1h,NEUTRAL,0,0,0.5371,78.35,78.0,na
1784742899999,BNBUSDT:5m,NEUTRAL,0,0,0.4824,572.2,571.96,na
1784743199999,BNBUSDT:30m,NEUTRAL,0,0,0.5496,572.14,571.97,na
1784743199999,BNBUSDT:1h,NEUTRAL,0,0,0.5012,572.1,571.97,na
1784742899999,XRPUSDT:5m,BUY,1,0,0.56,1.1488,1.1418,miss
1784743199999,XRPUSDT:30m,NEUTRAL,0,0,0.4894,1.1488,1.1418,na
1784743199999,XRPUSDT:1h,NEUTRAL,0,0,0.5383,1.1487,1.1418,na
1784742899999,DOGEUSDT:5m,NEUTRAL,0,0,0.5376,0.07323,0.07297,na
1784743199999,DOGEUSDT:30m,NEUTRAL,0,0,0.5382,0.07324,0.07297,na
1784743199999,DOGEUSDT:1h,NEUTRAL,0,0,0.4597,0.07325,0.07297,na
1784742899999,ADAUSDT:5m,NEUTRAL,0,0,0.4627,0.1783,0.1753,na
1784743199999,ADAUSDT:30m,NEUTRAL,0,0,0.4674,0.1783,0.1753,na
1784743199999,ADAUSDT:1h,NEUTRAL,0,0,0.4906,0.1783,0.1753,na
1784742899999,TRXUSDT:5m,STRONG SELL,-1,1,0.3699,0.3288,0.3288,hit
1784743199999,TRXUSDT:30m,NEUTRAL,0,0,0.481,0.3288,0.3288,na
1784743199999,TRXUSDT:1h,SELL,-1,0,0.4207,0.3288,0.3287,hit
1784742899999,AVAXUSDT:5m,BUY,1,0,0.6016,6.625,6.662,hit
1784743199999,AVAXUSDT:30m,NEUTRAL,0,0,0.5157,6.625,6.662,na
1784743199999,AVAXUSDT:1h,NEUTRAL,0,0,0.4901,6.625,6.662,na
1784742899999,LINKUSDT:5m,NEUTRAL,0,0,0.4616,8.66,8.654,na
1784743199999,LINKUSDT:30m,STRONG BUY,1,1,0.7074,8.66,8.654,miss
1784743199999,LINKUSDT:1h,SELL,-1,0,0.4499,8.66,8.654,hit
1784756699999,BTCUSDT:5m,SELL,-1,0,0.4376,66094.0,65800.0,hit
1784757599999,BTCUSDT:30m,BUY,1,0,0.5942,66093.99,65799.99,miss
1784757599999,BTCUSDT:1h,BUY,1,0,0.5828,66094.0,65799.99,miss
1784764799999,BTCUSDT:1d,NEUTRAL,0,0,0.4881,65905.87,65799.99,na
1784756699999,ETHUSDT:5m,NEUTRAL,0,0,0.5373,1934.93,1926.66,na
1784757599999,ETHUSDT:30m,NEUTRAL,0,0,0.5479,1934.94,1926.66,na
1784757599999,ETHUSDT:1h,NEUTRAL,0,0,0.4984,1934.94,1926.66,na
1784764799999,ETHUSDT:1d,BUY,1,0,0.5536,1915.24,1926.66,hit
1784756699999,SOLUSDT:5m,SELL,-1,0,0.393,78.0,77.55,hit
1784757599999,SOLUSDT:30m,NEUTRAL,0,0,0.5044,78.0,77.55,na
1784757599999,SOLUSDT:1h,NEUTRAL,0,0,0.5385,78.0,77.56,na
1784764799999,SOLUSDT:1d,NEUTRAL,0,0,0.546,77.09,77.56,na
1784756699999,BNBUSDT:5m,BUY,1,0,0.576,571.96,570.51,miss
1784757599999,BNBUSDT:30m,SELL,-1,0,0.4431,571.97,570.51,hit
1784757599999,BNBUSDT:1h,BUY,1,0,0.5574,571.97,570.51,miss
1784764799999,BNBUSDT:1d,NEUTRAL,0,0,0.473,568.58,570.51,na
1784756699999,XRPUSDT:5m,NEUTRAL,0,0,0.4934,1.1418,1.1366,na
1784757599999,XRPUSDT:30m,NEUTRAL,0,0,0.5417,1.1418,1.1366,na
1784757599999,XRPUSDT:1h,NEUTRAL,0,0,0.5313,1.1418,1.1365,na
1784764799999,XRPUSDT:1d,SELL,-1,0,0.4492,1.1314,1.1365,miss
1784756699999,DOGEUSDT:5m,NEUTRAL,0,0,0.4811,0.07297,0.07261,na
1784757599999,DOGEUSDT:30m,NEUTRAL,0,0,0.5119,0.07297,0.07261,na
1784757599999,DOGEUSDT:1h,SELL,-1,0,0.3973,0.07297,0.07261,hit
1784764799999,DOGEUSDT:1d,SELL,-1,0,0.4297,0.07228,0.07261,miss
1784756699999,ADAUSDT:5m,NEUTRAL,0,0,0.5223,0.1753,0.1743,na
1784757599999,ADAUSDT:30m,NEUTRAL,0,0,0.498,0.1753,0.1743,na
1784757599999,ADAUSDT:1h,NEUTRAL,0,0,0.4742,0.1753,0.1742,na
1784764799999,ADAUSDT:1d,STRONG SELL,-1,1,0.3721,0.1712,0.1742,miss
1784756699999,TRXUSDT:5m,STRONG SELL,-1,1,0.2906,0.3288,0.3291,miss
1784757599999,TRXUSDT:30m,SELL,-1,0,0.3903,0.3288,0.3291,miss
1784757599999,TRXUSDT:1h,SELL,-1,0,0.4209,0.3287,0.3291,miss
1784764799999,TRXUSDT:1d,NEUTRAL,0,0,0.512,0.3292,0.3292,na
1784756699999,AVAXUSDT:5m,NEUTRAL,0,0,0.4665,6.662,6.585,na
1784757599999,AVAXUSDT:30m,NEUTRAL,0,0,0.4882,6.662,6.585,na
1784757599999,AVAXUSDT:1h,STRONG SELL,-1,1,0.2793,6.662,6.585,hit
1784764799999,AVAXUSDT:1d,NEUTRAL,0,0,0.4995,6.51,6.585,na
1784756699999,LINKUSDT:5m,NEUTRAL,0,0,0.5441,8.654,8.588,na
1784757599999,LINKUSDT:30m,BUY,1,0,0.6053,8.654,8.588,miss
1784757599999,LINKUSDT:1h,NEUTRAL,0,0,0.4526,8.654,8.588,na
1784764799999,LINKUSDT:1d,NEUTRAL,0,0,0.4777,8.586,8.588,na
1784789399999,BTCUSDT:5m,NEUTRAL,0,0,0.5448,65800.0,65513.39,na
1784789999999,BTCUSDT:30m,STRONG BUY,1,1,0.6295,65799.99,65499.48,miss
1784789999999,BTCUSDT:1h,NEUTRAL,0,0,0.5004,65799.99,65499.48,na
1784789399999,ETHUSDT:5m,NEUTRAL,0,0,0.546,1926.66,1924.04,na
1784789999999,ETHUSDT:30m,BUY,1,0,0.5503,1926.66,1924.04,miss
1784789999999,ETHUSDT:1h,NEUTRAL,0,0,0.509,1926.66,1924.04,na
1784789399999,SOLUSDT:5m,NEUTRAL,0,0,0.5298,77.55,77.68,na
1784789999999,SOLUSDT:30m,NEUTRAL,0,0,0.4767,77.55,77.67,na
1784789999999,SOLUSDT:1h,NEUTRAL,0,0,0.4975,77.56,77.67,na
1784789399999,BNBUSDT:5m,NEUTRAL,0,0,0.5095,570.51,570.02,na
1784789999999,BNBUSDT:30m,NEUTRAL,0,0,0.5483,570.51,570.12,na
1784789999999,BNBUSDT:1h,NEUTRAL,0,0,0.5271,570.51,570.11,na
1784789399999,XRPUSDT:5m,NEUTRAL,0,0,0.5014,1.1366,1.1327,na
1784789999999,XRPUSDT:30m,NEUTRAL,0,0,0.4848,1.1366,1.1326,na
1784789999999,XRPUSDT:1h,NEUTRAL,0,0,0.4896,1.1365,1.1326,na
1784789399999,DOGEUSDT:5m,NEUTRAL,0,0,0.4893,0.07261,0.07237,na
1784789999999,DOGEUSDT:30m,SELL,-1,0,0.4076,0.07261,0.07238,hit
1784789999999,DOGEUSDT:1h,BUY,1,0,0.5559,0.07261,0.07238,miss
1784789399999,ADAUSDT:5m,SELL,-1,0,0.4324,0.1743,0.175,miss
1784789999999,ADAUSDT:30m,NEUTRAL,0,0,0.467,0.1743,0.175,na
1784789999999,ADAUSDT:1h,NEUTRAL,0,0,0.49,0.1742,0.175,na
1784789399999,TRXUSDT:5m,BUY,1,0,0.5739,0.3291,0.3272,miss
1784789999999,TRXUSDT:30m,NEUTRAL,0,0,0.4692,0.3291,0.3272,na
1784789999999,TRXUSDT:1h,SELL,-1,0,0.429,0.3291,0.3271,hit
1784789399999,AVAXUSDT:5m,NEUTRAL,0,0,0.5007,6.585,6.586,na
1784789999999,AVAXUSDT:30m,NEUTRAL,0,0,0.4689,6.585,6.588,na
1784789999999,AVAXUSDT:1h,NEUTRAL,0,0,0.4609,6.585,6.588,na
1784789399999,LINKUSDT:5m,SELL,-1,0,0.3879,8.588,8.64,miss
1784789999999,LINKUSDT:30m,NEUTRAL,0,0,0.4671,8.588,8.64,na
1784789999999,LINKUSDT:1h,NEUTRAL,0,0,0.5322,8.588,8.64,na
1784808899999,BTCUSDT:5m,SELL,-1,0,0.4082,65513.39,64757.81,hit
1784809799999,BTCUSDT:30m,NEUTRAL,0,0,0.5007,65499.48,64757.82,na
1784811599999,BTCUSDT:1h,NEUTRAL,0,0,0.5299,65499.48,64757.81,na
1784809199999,ETHUSDT:5m,SELL,-1,0,0.4228,1924.04,1886.99,hit
1784809799999,ETHUSDT:30m,NEUTRAL,0,0,0.4798,1924.04,1887.12,na
1784811599999,ETHUSDT:1h,NEUTRAL,0,0,0.4894,1924.04,1887.3,na
1784809199999,SOLUSDT:5m,SELL,-1,0,0.3887,77.68,75.94,hit
1784809799999,SOLUSDT:30m,NEUTRAL,0,0,0.464,77.67,75.94,na
1784811599999,SOLUSDT:1h,NEUTRAL,0,0,0.5334,77.67,75.94,na
1784809199999,BNBUSDT:5m,NEUTRAL,0,0,0.5253,570.02,566.72,na
1784809799999,BNBUSDT:30m,BUY,1,0,0.5672,570.12,566.78,miss
1784811599999,BNBUSDT:1h,NEUTRAL,0,0,0.5037,570.11,566.78,na
1784809199999,XRPUSDT:5m,NEUTRAL,0,0,0.4586,1.1327,1.1087,na
1784809799999,XRPUSDT:30m,NEUTRAL,0,0,0.4742,1.1326,1.1087,na
1784811599999,XRPUSDT:1h,NEUTRAL,0,0,0.5079,1.1326,1.1088,na
1784809199999,DOGEUSDT:5m,NEUTRAL,0,0,0.5208,0.07237,0.06963,na
1784809799999,DOGEUSDT:30m,NEUTRAL,0,0,0.4853,0.07238,0.06963,na
1784811599999,DOGEUSDT:1h,NEUTRAL,0,0,0.5494,0.07238,0.06964,na
1784809199999,ADAUSDT:5m,NEUTRAL,0,0,0.4552,0.175,0.1694,na
1784809799999,ADAUSDT:30m,SELL,-1,0,0.4439,0.175,0.1694,hit
1784811599999,ADAUSDT:1h,NEUTRAL,0,0,0.4681,0.175,0.1694,na
1784809199999,TRXUSDT:5m,SELL,-1,0,0.4202,0.3272,0.3268,hit
1784809799999,TRXUSDT:30m,SELL,-1,0,0.4185,0.3272,0.3268,hit
1784811599999,TRXUSDT:1h,SELL,-1,0,0.3893,0.3271,0.3268,hit
1784809199999,AVAXUSDT:5m,NEUTRAL,0,0,0.5176,6.586,6.433,na
1784809799999,AVAXUSDT:30m,NEUTRAL,0,0,0.5357,6.588,6.433,na
1784811599999,AVAXUSDT:1h,SELL,-1,0,0.4376,6.588,6.432,hit
1784809199999,LINKUSDT:5m,NEUTRAL,0,0,0.4844,8.64,8.481,na
1784809799999,LINKUSDT:30m,BUY,1,0,0.5936,8.64,8.481,miss
1784811599999,LINKUSDT:1h,BUY,1,0,0.5788,8.64,8.481,miss
1784826599999,BTCUSDT:5m,SELL,-1,0,0.412,64757.81,65130.0,miss
1784827799999,BTCUSDT:30m,NEUTRAL,0,0,0.4826,64757.82,65130.0,na
1784829599999,BTCUSDT:1h,NEUTRAL,0,0,0.5253,64757.81,65130.0,na
1784826599999,ETHUSDT:5m,BUY,1,0,0.5557,1886.99,1884.69,miss
1784827799999,ETHUSDT:30m,SELL,-1,0,0.4132,1887.12,1884.7,hit
1784829599999,ETHUSDT:1h,SELL,-1,0,0.4464,1887.3,1884.81,hit
1784826599999,SOLUSDT:5m,SELL,-1,0,0.4234,75.94,76.09,miss
1784827799999,SOLUSDT:30m,NEUTRAL,0,0,0.4636,75.94,76.08,na
1784829599999,SOLUSDT:1h,NEUTRAL,0,0,0.5254,75.94,76.08,na
1784826599999,BNBUSDT:5m,NEUTRAL,0,0,0.5011,566.72,567.81,na
1784827799999,BNBUSDT:30m,NEUTRAL,0,0,0.488,566.78,567.82,na
1784829599999,BNBUSDT:1h,NEUTRAL,0,0,0.4776,566.78,567.82,na
1784826599999,XRPUSDT:5m,SELL,-1,0,0.4406,1.1087,1.1111,miss
1784827799999,XRPUSDT:30m,NEUTRAL,0,0,0.4708,1.1087,1.1111,na
1784829599999,XRPUSDT:1h,NEUTRAL,0,0,0.4654,1.1088,1.1111,na
1784826599999,DOGEUSDT:5m,SELL,-1,0,0.4107,0.06963,0.06959,hit
1784827799999,DOGEUSDT:30m,STRONG SELL,-1,1,0.3528,0.06963,0.06959,hit
1784829599999,DOGEUSDT:1h,NEUTRAL,0,0,0.5113,0.06964,0.06959,na
1784826599999,ADAUSDT:5m,SELL,-1,0,0.3998,0.1694,0.1696,miss
1784827799999,ADAUSDT:30m,SELL,-1,0,0.4422,0.1694,0.1696,miss
1784829599999,ADAUSDT:1h,SELL,-1,0,0.45,0.1694,0.1696,miss
1784826599999,TRXUSDT:5m,SELL,-1,0,0.3848,0.3268,0.3273,miss
1784827799999,TRXUSDT:30m,SELL,-1,0,0.4385,0.3268,0.3272,miss
1784829599999,TRXUSDT:1h,NEUTRAL,0,0,0.4899,0.3268,0.3273,na
1784826599999,AVAXUSDT:5m,NEUTRAL,0,0,0.4669,6.433,6.312,na
1784827799999,AVAXUSDT:30m,NEUTRAL,0,0,0.5138,6.433,6.312,na
1784829599999,AVAXUSDT:1h,NEUTRAL,0,0,0.4725,6.432,6.312,na
1784826599999,LINKUSDT:5m,NEUTRAL,0,0,0.4818,8.481,8.504,na
1784827799999,LINKUSDT:30m,NEUTRAL,0,0,0.5153,8.481,8.504,na
1784829599999,LINKUSDT:1h,NEUTRAL,0,0,0.4774,8.481,8.504,na
1784839499999,BTCUSDT:5m,NEUTRAL,0,0,0.4925,65130.0,64908.01,na
1784840399999,BTCUSDT:30m,BUY,1,0,0.5636,65130.0,64908.01,miss
1784840399999,BTCUSDT:1h,NEUTRAL,0,0,0.5177,65130.0,64908.0,na
1784851199999,BTCUSDT:1d,NEUTRAL,0,0,0.4945,65799.99,64908.01,na
1784839499999,ETHUSDT:5m,NEUTRAL,0,0,0.4973,1884.69,1873.94,na
1784840399999,ETHUSDT:30m,SELL,-1,0,0.4454,1884.7,1873.94,hit
1784840399999,ETHUSDT:1h,NEUTRAL,0,0,0.4725,1884.81,1874.02,na
1784851199999,ETHUSDT:1d,NEUTRAL,0,0,0.4539,1926.66,1874.02,na
1784839499999,SOLUSDT:5m,SELL,-1,0,0.4345,76.09,75.72,hit
1784840399999,SOLUSDT:30m,NEUTRAL,0,0,0.4565,76.08,75.72,na
1784840399999,SOLUSDT:1h,BUY,1,0,0.5754,76.08,75.72,miss
1784851199999,SOLUSDT:1d,NEUTRAL,0,0,0.4838,77.56,75.71,na
1784839499999,BNBUSDT:5m,NEUTRAL,0,0,0.5152,567.81,566.93,na
1784840399999,BNBUSDT:30m,NEUTRAL,0,0,0.5059,567.82,566.93,na
1784840399999,BNBUSDT:1h,STRONG SELL,-1,1,0.3371,567.82,566.93,hit
1784851199999,BNBUSDT:1d,NEUTRAL,0,0,0.4949,570.51,566.93,na
1784839499999,XRPUSDT:5m,SELL,-1,0,0.4249,1.1111,1.1061,hit
1784840399999,XRPUSDT:30m,NEUTRAL,0,0,0.5119,1.1111,1.106,na
1784840399999,XRPUSDT:1h,NEUTRAL,0,0,0.503,1.1111,1.1061,na
1784851199999,XRPUSDT:1d,NEUTRAL,0,0,0.4718,1.1365,1.1061,na
1784839499999,DOGEUSDT:5m,NEUTRAL,0,0,0.4637,0.06959,0.0689,na
1784840399999,DOGEUSDT:30m,NEUTRAL,0,0,0.4627,0.06959,0.0689,na
1784840399999,DOGEUSDT:1h,SELL,-1,0,0.4195,0.06959,0.0689,hit
1784851199999,DOGEUSDT:1d,SELL,-1,0,0.4054,0.07261,0.06891,hit
1784839499999,ADAUSDT:5m,SELL,-1,0,0.4456,0.1696,0.1677,hit
1784840399999,ADAUSDT:30m,NEUTRAL,0,0,0.4909,0.1696,0.1677,na
1784840399999,ADAUSDT:1h,STRONG SELL,-1,1,0.3437,0.1696,0.1677,hit
1784851199999,ADAUSDT:1d,SELL,-1,0,0.44,0.1742,0.1677,hit
1784839499999,TRXUSDT:5m,SELL,-1,0,0.4408,0.3273,0.3291,miss
1784840399999,TRXUSDT:30m,NEUTRAL,0,0,0.4611,0.3272,0.3291,na
1784840399999,TRXUSDT:1h,SELL,-1,0,0.4475,0.3273,0.329,miss
1784851199999,TRXUSDT:1d,NEUTRAL,0,0,0.5377,0.3292,0.329,na
1784839499999,AVAXUSDT:5m,NEUTRAL,0,0,0.4528,6.312,6.262,na
1784840399999,AVAXUSDT:30m,NEUTRAL,0,0,0.4597,6.312,6.262,na
1784840399999,AVAXUSDT:1h,NEUTRAL,0,0,0.5378,6.312,6.262,na
1784851199999,AVAXUSDT:1d,NEUTRAL,0,0,0.4724,6.585,6.262,na
1784839499999,LINKUSDT:5m,NEUTRAL,0,0,0.5146,8.504,8.457,na
1784840399999,LINKUSDT:30m,NEUTRAL,0,0,0.5158,8.504,8.457,na
1784840399999,LINKUSDT:1h,NEUTRAL,0,0,0.5181,8.504,8.457,na
1784851199999,LINKUSDT:1d,NEUTRAL,0,0,0.493,8.588,8.457,na
1784852099999,BTCUSDT:5m,NEUTRAL,0,0,0.5275,64908.01,65106.12,na
1784852999999,BTCUSDT:30m,NEUTRAL,0,0,0.4861,64908.01,65106.13,na
1784854799999,BTCUSDT:1h,NEUTRAL,0,0,0.5206,64908.0,65106.13,na
1784852099999,ETHUSDT:5m,NEUTRAL,0,0,0.5493,1873.94,1884.75,na
1784852999999,ETHUSDT:30m,NEUTRAL,0,0,0.4848,1873.94,1884.8,na
1784854799999,ETHUSDT:1h,NEUTRAL,0,0,0.4632,1874.02,1884.8,na
1784852099999,SOLUSDT:5m,STRONG SELL,-1,1,0.3713,75.72,75.6,hit
1784852999999,SOLUSDT:30m,SELL,-1,0,0.4353,75.72,75.6,hit
1784854799999,SOLUSDT:1h,NEUTRAL,0,0,0.4769,75.72,75.6,na
1784852099999,BNBUSDT:5m,NEUTRAL,0,0,0.4973,566.93,567.31,na
1784852999999,BNBUSDT:30m,NEUTRAL,0,0,0.4683,566.93,567.3,na
1784854799999,BNBUSDT:1h,NEUTRAL,0,0,0.496,566.93,567.3,na
1784852099999,XRPUSDT:5m,STRONG SELL,-1,1,0.3585,1.1061,1.1097,miss
1784852999999,XRPUSDT:30m,NEUTRAL,0,0,0.4528,1.106,1.1097,na
1784854799999,XRPUSDT:1h,NEUTRAL,0,0,0.4786,1.1061,1.1097,na
1784852099999,DOGEUSDT:5m,SELL,-1,0,0.4088,0.0689,0.06978,miss
1784852999999,DOGEUSDT:30m,NEUTRAL,0,0,0.4582,0.0689,0.06978,na
1784854799999,DOGEUSDT:1h,STRONG SELL,-1,1,0.3509,0.0689,0.06978,miss
1784852099999,ADAUSDT:5m,NEUTRAL,0,0,0.4536,0.1677,0.1671,na
1784852999999,ADAUSDT:30m,NEUTRAL,0,0,0.4799,0.1677,0.1671,na
1784854799999,ADAUSDT:1h,SELL,-1,0,0.4166,0.1677,0.1671,hit
1784852099999,TRXUSDT:5m,STRONG SELL,-1,1,0.2004,0.3291,0.3312,miss
1784852999999,TRXUSDT:30m,NEUTRAL,0,0,0.5154,0.3291,0.3312,na
1784854799999,TRXUSDT:1h,NEUTRAL,0,0,0.4716,0.329,0.3312,na
1784852099999,AVAXUSDT:5m,NEUTRAL,0,0,0.4596,6.262,6.245,na
1784852999999,AVAXUSDT:30m,SELL,-1,0,0.4287,6.262,6.241,hit
1784854799999,AVAXUSDT:1h,NEUTRAL,0,0,0.4919,6.262,6.241,na
1784852099999,LINKUSDT:5m,NEUTRAL,0,0,0.4747,8.457,8.502,na
1784852999999,LINKUSDT:30m,NEUTRAL,0,0,0.4567,8.457,8.501,na
1784854799999,LINKUSDT:1h,NEUTRAL,0,0,0.456,8.457,8.501,na
1784884499999,BTCUSDT:5m,NEUTRAL,0,0,0.4649,65106.12,64160.0,na
1784885399999,BTCUSDT:30m,NEUTRAL,0,0,0.5067,65106.13,64160.0,na
1784887199999,BTCUSDT:1h,NEUTRAL,0,0,0.4929,65106.13,64160.0,na
1784884499999,ETHUSDT:5m,NEUTRAL,0,0,0.5315,1884.75,1865.85,na
1784885399999,ETHUSDT:30m,NEUTRAL,0,0,0.4822,1884.8,1865.5,na
1784887199999,ETHUSDT:1h,NEUTRAL,0,0,0.5074,1884.8,1865.43,na
1784884499999,SOLUSDT:5m,SELL,-1,0,0.4467,75.6,74.14,hit
1784885399999,SOLUSDT:30m,SELL,-1,0,0.4396,75.6,74.15,hit
1784887199999,SOLUSDT:1h,NEUTRAL,0,0,0.4552,75.6,74.15,na
1784884499999,BNBUSDT:5m,SELL,-1,0,0.4386,567.31,562.07,hit
1784885399999,BNBUSDT:30m,SELL,-1,0,0.418,567.3,562.03,hit
1784887199999,BNBUSDT:1h,NEUTRAL,0,0,0.484,567.3,562.03,na
1784884499999,XRPUSDT:5m,NEUTRAL,0,0,0.4726,1.1097,1.0942,na
1784885399999,XRPUSDT:30m,NEUTRAL,0,0,0.4533,1.1097,1.0944,na
1784887199999,XRPUSDT:1h,SELL,-1,0,0.447,1.1097,1.0944,hit
1784884499999,DOGEUSDT:5m,NEUTRAL,0,0,0.4713,0.06978,0.06907,na
1784885399999,DOGEUSDT:30m,NEUTRAL,0,0,0.4635,0.06978,0.06907,na
1784887199999,DOGEUSDT:1h,STRONG SELL,-1,1,0.3212,0.06978,0.06907,hit
1784884499999,ADAUSDT:5m,NEUTRAL,0,0,0.4506,0.1671,0.1649,na
1784885399999,ADAUSDT:30m,SELL,-1,0,0.4227,0.1671,0.1649,hit
1784887199999,ADAUSDT:1h,NEUTRAL,0,0,0.4914,0.1671,0.1649,na
1784884499999,TRXUSDT:5m,NEUTRAL,0,0,0.4956,0.3312,0.3308,na
1784885399999,TRXUSDT:30m,NEUTRAL,0,0,0.5333,0.3312,0.3308,na
1784887199999,TRXUSDT:1h,NEUTRAL,0,0,0.4797,0.3312,0.3308,na
1784884499999,AVAXUSDT:5m,SELL,-1,0,0.4479,6.245,6.211,hit
1784885399999,AVAXUSDT:30m,NEUTRAL,0,0,0.4553,6.241,6.211,na
1784887199999,AVAXUSDT:1h,NEUTRAL,0,0,0.5382,6.241,6.21,na
1784884499999,LINKUSDT:5m,SELL,-1,0,0.4058,8.502,8.381,hit
1784885399999,LINKUSDT:30m,NEUTRAL,0,0,0.4558,8.501,8.381,na
1784887199999,LINKUSDT:1h,NEUTRAL,0,0,0.482,8.501,8.381,na
1784906399999,BTCUSDT:5m,NEUTRAL,0,0,0.4759,64160.0,64214.5,na
1784906999999,BTCUSDT:30m,NEUTRAL,0,0,0.4799,64160.0,64214.5,na
1784908799999,BTCUSDT:1h,NEUTRAL,0,0,0.5084,64160.0,64214.49,na
1784906399999,ETHUSDT:5m,STRONG SELL,-1,1,0.3553,1865.85,1863.0,hit
1784906999999,ETHUSDT:30m,SELL,-1,0,0.436,1865.5,1863.0,hit
1784908799999,ETHUSDT:1h,NEUTRAL,0,0,0.4892,1865.43,1862.99,na
1784906399999,SOLUSDT:5m,NEUTRAL,0,0,0.45,74.14,73.95,na
1784906999999,SOLUSDT:30m,SELL,-1,0,0.4262,74.15,73.96,hit
1784908799999,SOLUSDT:1h,NEUTRAL,0,0,0.5069,74.15,73.95,na
1784906399999,BNBUSDT:5m,SELL,-1,0,0.4332,562.07,565.26,miss
1784906999999,BNBUSDT:30m,SELL,-1,0,0.4394,562.03,565.26,miss
1784908799999,BNBUSDT:1h,NEUTRAL,0,0,0.5052,562.03,565.26,na
1784906399999,XRPUSDT:5m,SELL,-1,0,0.4398,1.0942,1.0897,hit
1784906999999,XRPUSDT:30m,SELL,-1,0,0.3986,1.0944,1.0897,hit
1784908799999,XRPUSDT:1h,NEUTRAL,0,0,0.4647,1.0944,1.0896,na
1784906399999,DOGEUSDT:5m,NEUTRAL,0,0,0.4736,0.06907,0.0692,na
1784906999999,DOGEUSDT:30m,NEUTRAL,0,0,0.4572,0.06907,0.06921,na
1784908799999,DOGEUSDT:1h,NEUTRAL,0,0,0.4737,0.06907,0.06921,na
1784906399999,ADAUSDT:5m,SELL,-1,0,0.3949,0.1649,0.1636,hit
1784906999999,ADAUSDT:30m,STRONG SELL,-1,1,0.3381,0.1649,0.1636,hit
1784908799999,ADAUSDT:1h,SELL,-1,0,0.4226,0.1649,0.1636,hit
1784906399999,TRXUSDT:5m,SELL,-1,0,0.4348,0.3308,0.3321,miss
1784906999999,TRXUSDT:30m,NEUTRAL,0,0,0.5086,0.3308,0.3321,na
1784908799999,TRXUSDT:1h,NEUTRAL,0,0,0.4736,0.3308,0.3321,na
1784906399999,AVAXUSDT:5m,SELL,-1,0,0.4322,6.211,6.233,miss
1784906999999,AVAXUSDT:30m,NEUTRAL,0,0,0.4615,6.211,6.233,na
1784908799999,AVAXUSDT:1h,SELL,-1,0,0.4377,6.21,6.233,miss
1784906399999,LINKUSDT:5m,SELL,-1,0,0.4054,8.381,8.354,hit
1784906999999,LINKUSDT:30m,NEUTRAL,0,0,0.4696,8.381,8.354,na
1784908799999,LINKUSDT:1h,NEUTRAL,0,0,0.4816,8.381,8.354,na
1784923799999,BTCUSDT:5m,STRONG SELL,-1,1,0.3735,64214.5,64165.08,hit
1784924999999,BTCUSDT:30m,NEUTRAL,0,0,0.4632,64214.5,64165.07,na
1784926799999,BTCUSDT:1h,NEUTRAL,0,0,0.4894,64214.49,64165.07,na
1784923799999,ETHUSDT:5m,SELL,-1,0,0.4425,1863.0,1860.68,hit
1784924999999,ETHUSDT:30m,STRONG SELL,-1,1,0.2906,1863.0,1860.69,hit
1784926799999,ETHUSDT:1h,STRONG SELL,-1,1,0.3795,1862.99,1860.69,hit
1784923799999,SOLUSDT:5m,BUY,1,0,0.5645,73.95,73.93,miss
1784924999999,SOLUSDT:30m,SELL,-1,0,0.4172,73.96,73.93,hit
1784926799999,SOLUSDT:1h,SELL,-1,0,0.4448,73.95,73.93,hit
1784923799999,BNBUSDT:5m,NEUTRAL,0,0,0.5126,565.26,564.53,na
1784924999999,BNBUSDT:30m,NEUTRAL,0,0,0.5195,565.26,564.6,na
1784926799999,BNBUSDT:1h,NEUTRAL,0,0,0.5034,565.26,564.6,na
1784923799999,XRPUSDT:5m,SELL,-1,0,0.4479,1.0897,1.0913,miss
1784924999999,XRPUSDT:30m,NEUTRAL,0,0,0.4611,1.0897,1.0913,na
1784926799999,XRPUSDT:1h,SELL,-1,0,0.4452,1.0896,1.0913,miss
1784923799999,DOGEUSDT:5m,SELL,-1,0,0.4426,0.0692,0.06958,miss
1784924999999,DOGEUSDT:30m,NEUTRAL,0,0,0.4558,0.06921,0.06958,na
1784926799999,DOGEUSDT:1h,SELL,-1,0,0.4146,0.06921,0.06958,miss
1784923799999,ADAUSDT:5m,SELL,-1,0,0.3981,0.1636,0.1638,miss
1784924999999,ADAUSDT:30m,SELL,-1,0,0.4096,0.1636,0.1638,miss
1784926799999,ADAUSDT:1h,SELL,-1,0,0.4307,0.1636,0.1638,miss
1784923799999,TRXUSDT:5m,STRONG SELL,-1,1,0.3109,0.3321,0.3308,hit
1784924999999,TRXUSDT:30m,NEUTRAL,0,0,0.4952,0.3321,0.3308,na
1784926799999,TRXUSDT:1h,NEUTRAL,0,0,0.4685,0.3321,0.3309,na
1784923799999,AVAXUSDT:5m,NEUTRAL,0,0,0.4782,6.233,6.3,na
1784924999999,AVAXUSDT:30m,NEUTRAL,0,0,0.4723,6.233,6.3,na
1784926799999,AVAXUSDT:1h,NEUTRAL,0,0,0.4545,6.233,6.3,na
1784923799999,LINKUSDT:5m,SELL,-1,0,0.4458,8.354,8.337,hit
1784924999999,LINKUSDT:30m,SELL,-1,0,0.4199,8.354,8.337,hit
1784926799999,LINKUSDT:1h,NEUTRAL,0,0,0.4705,8.354,8.337,na
1784936999999,BTCUSDT:5m,NEUTRAL,0,0,0.5202,64165.08,64018.08,na
1784937599999,BTCUSDT:30m,NEUTRAL,0,0,0.4609,64165.07,64018.09,na
1784937599999,BTCUSDT:1h,NEUTRAL,0,0,0.4877,64165.07,64018.09,na
1784937599999,BTCUSDT:1d,NEUTRAL,0,0,0.4601,64908.01,64018.09,na
1784936999999,ETHUSDT:5m,BUY,1,0,0.5843,1860.68,1857.01,miss
1784937599999,ETHUSDT:30m,NEUTRAL,0,0,0.5094,1860.69,1857.01,na
1784937599999,ETHUSDT:1h,NEUTRAL,0,0,0.4538,1860.69,1857.01,na
1784937599999,ETHUSDT:1d,NEUTRAL,0,0,0.5146,1874.02,1857.01,na
1784936999999,SOLUSDT:5m,NEUTRAL,0,0,0.5095,73.93,73.85,na
1784937599999,SOLUSDT:30m,SELL,-1,0,0.4247,73.93,73.85,hit
1784937599999,SOLUSDT:1h,SELL,-1,0,0.4498,73.93,73.86,hit
1784937599999,SOLUSDT:1d,NEUTRAL,0,0,0.4656,75.71,73.86,na
1784936999999,BNBUSDT:5m,NEUTRAL,0,0,0.494,564.53,564.13,na
1784937599999,BNBUSDT:30m,STRONG SELL,-1,1,0.352,564.6,564.13,hit
1784937599999,BNBUSDT:1h,SELL,-1,0,0.445,564.6,564.13,hit
1784937599999,BNBUSDT:1d,NEUTRAL,0,0,0.489,566.93,564.13,na
1784936999999,XRPUSDT:5m,BUY,1,0,0.5733,1.0913,1.0878,miss
1784937599999,XRPUSDT:30m,SELL,-1,0,0.4285,1.0913,1.0878,hit
1784937599999,XRPUSDT:1h,NEUTRAL,0,0,0.4627,1.0913,1.0879,na
1784937599999,XRPUSDT:1d,SELL,-1,0,0.4455,1.1061,1.0879,hit
1784936999999,DOGEUSDT:5m,NEUTRAL,0,0,0.4571,0.06958,0.06932,na
1784937599999,DOGEUSDT:30m,SELL,-1,0,0.4154,0.06958,0.06932,hit
1784937599999,DOGEUSDT:1h,NEUTRAL,0,0,0.4876,0.06958,0.06932,na
1784937599999,DOGEUSDT:1d,SELL,-1,0,0.3978,0.06891,0.06932,miss
1784936999999,ADAUSDT:5m,SELL,-1,0,0.4403,0.1638,0.1617,hit
1784937599999,ADAUSDT:30m,SELL,-1,0,0.4011,0.1638,0.1617,hit
1784937599999,ADAUSDT:1h,SELL,-1,0,0.4298,0.1638,0.1617,hit
1784937599999,ADAUSDT:1d,SELL,-1,0,0.4271,0.1677,0.1617,hit
1784936999999,TRXUSDT:5m,STRONG SELL,-1,1,0.3452,0.3308,0.3297,hit
1784937599999,TRXUSDT:30m,NEUTRAL,0,0,0.4732,0.3308,0.3296,na
1784937599999,TRXUSDT:1h,NEUTRAL,0,0,0.4777,0.3309,0.3296,na
1784937599999,TRXUSDT:1d,NEUTRAL,0,0,0.5436,0.329,0.3296,na
1784936999999,AVAXUSDT:5m,NEUTRAL,0,0,0.4985,6.3,6.244,na
1784937599999,AVAXUSDT:30m,SELL,-1,0,0.4206,6.3,6.241,hit
1784937599999,AVAXUSDT:1h,SELL,-1,0,0.4243,6.3,6.241,hit
1784937599999,AVAXUSDT:1d,NEUTRAL,0,0,0.4555,6.262,6.241,na
1784936999999,LINKUSDT:5m,NEUTRAL,0,0,0.4838,8.337,8.3,na
1784937599999,LINKUSDT:30m,SELL,-1,0,0.4495,8.337,8.3,hit
1784937599999,LINKUSDT:1h,NEUTRAL,0,0,0.4969,8.337,8.3,na
1784937599999,LINKUSDT:1d,NEUTRAL,0,0,0.4736,8.457,8.3,na
1784964899999,BTCUSDT:5m,BUY,1,0,0.5861,64018.08,64064.0,hit
1784966399999,BTCUSDT:30m,NEUTRAL,0,0,0.4677,64018.09,64064.0,na
1784966399999,BTCUSDT:1h,NEUTRAL,0,0,0.4917,64018.09,64064.01,na
1784964899999,ETHUSDT:5m,BUY,1,0,0.5601,1857.01,1858.5,hit
1784966399999,ETHUSDT:30m,BUY,1,0,0.5572,1857.01,1858.5,hit
1784966399999,ETHUSDT:1h,SELL,-1,0,0.3958,1857.01,1858.5,miss
1784964899999,SOLUSDT:5m,SELL,-1,0,0.4412,73.85,73.91,miss
1784966399999,SOLUSDT:30m,SELL,-1,0,0.4012,73.85,73.91,miss
1784966399999,SOLUSDT:1h,SELL,-1,0,0.4453,73.86,73.91,miss
1784964899999,BNBUSDT:5m,SELL,-1,0,0.425,564.13,565.07,miss
1784966399999,BNBUSDT:30m,NEUTRAL,0,0,0.5186,564.13,565.07,na
1784966399999,BNBUSDT:1h,NEUTRAL,0,0,0.5152,564.13,565.07,na
1784964899999,XRPUSDT:5m,NEUTRAL,0,0,0.4875,1.0878,1.0895,na
1784966399999,XRPUSDT:30m,SELL,-1,0,0.4278,1.0878,1.0894,miss
1784966399999,XRPUSDT:1h,SELL,-1,0,0.4481,1.0879,1.0894,miss
1784964899999,DOGEUSDT:5m,NEUTRAL,0,0,0.5425,0.06932,0.06937,na
1784966399999,DOGEUSDT:30m,NEUTRAL,0,0,0.4565,0.06932,0.06938,na
1784966399999,DOGEUSDT:1h,NEUTRAL,0,0,0.4978,0.06932,0.06938,na
1784964899999,ADAUSDT:5m,STRONG SELL,-1,1,0.3715,0.1617,0.1623,miss
1784966399999,ADAUSDT:30m,SELL,-1,0,0.405,0.1617,0.1623,miss
1784966399999,ADAUSDT:1h,SELL,-1,0,0.4268,0.1617,0.1623,miss
1784964899999,TRXUSDT:5m,STRONG SELL,-1,1,0.2692,0.3297,0.33,miss
1784966399999,TRXUSDT:30m,STRONG SELL,-1,1,0.2845,0.3296,0.33,miss
1784966399999,TRXUSDT:1h,NEUTRAL,0,0,0.4724,0.3296,0.33,na
1784964899999,AVAXUSDT:5m,NEUTRAL,0,0,0.4833,6.244,6.282,na
1784966399999,AVAXUSDT:30m,STRONG SELL,-1,1,0.349,6.241,6.282,miss
1784966399999,AVAXUSDT:1h,NEUTRAL,0,0,0.5172,6.241,6.282,na
1784964899999,LINKUSDT:5m,NEUTRAL,0,0,0.4683,8.3,8.312,na
1784966399999,LINKUSDT:30m,NEUTRAL,0,0,0.5251,8.3,8.312,na
1784966399999,LINKUSDT:1h,NEUTRAL,0,0,0.456,8.3,8.312,na
1784980199999,BTCUSDT:5m,NEUTRAL,0,0,0.5167,64064.0,64215.57,na
1784980799999,BTCUSDT:30m,NEUTRAL,0,0,0.4844,64064.0,64217.72,na
1784980799999,BTCUSDT:1h,NEUTRAL,0,0,0.4955,64064.01,64217.72,na
1784980199999,ETHUSDT:5m,NEUTRAL,0,0,0.5258,1858.5,1870.53,na
1784980799999,ETHUSDT:30m,STRONG SELL,-1,1,0.3297,1858.5,1870.53,miss
1784980799999,ETHUSDT:1h,STRONG SELL,-1,1,0.3081,1858.5,1870.53,miss
1784980199999,SOLUSDT:5m,SELL,-1,0,0.3891,73.91,74.24,miss
1784980799999,SOLUSDT:30m,SELL,-1,0,0.3925,73.91,74.24,miss
1784980799999,SOLUSDT:1h,SELL,-1,0,0.4484,73.91,74.24,miss
1784980199999,BNBUSDT:5m,NEUTRAL,0,0,0.4873,565.07,566.99,na
1784980799999,BNBUSDT:30m,SELL,-1,0,0.3971,565.07,566.99,miss
1784980799999,BNBUSDT:1h,NEUTRAL,0,0,0.5409,565.07,566.99,na
1784980199999,XRPUSDT:5m,SELL,-1,0,0.4205,1.0895,1.0995,miss
1784980799999,XRPUSDT:30m,SELL,-1,0,0.4295,1.0894,1.0995,miss
1784980799999,XRPUSDT:1h,NEUTRAL,0,0,0.4619,1.0894,1.0995,na
1784980199999,DOGEUSDT:5m,SELL,-1,0,0.4323,0.06937,0.07128,miss
1784980799999,DOGEUSDT:30m,SELL,-1,0,0.3869,0.06938,0.07123,miss
1784980799999,DOGEUSDT:1h,SELL,-1,0,0.4409,0.06938,0.07124,miss
1784980199999,ADAUSDT:5m,NEUTRAL,0,0,0.5041,0.1623,0.1649,na
1784980799999,ADAUSDT:30m,STRONG SELL,-1,1,0.3481,0.1623,0.1649,miss
1784980799999,ADAUSDT:1h,SELL,-1,0,0.4001,0.1623,0.1649,miss
1784980199999,TRXUSDT:5m,STRONG SELL,-1,1,0.327,0.33,0.33,hit
1784980799999,TRXUSDT:30m,NEUTRAL,0,0,0.502,0.33,0.33,na
1784980799999,TRXUSDT:1h,NEUTRAL,0,0,0.4684,0.33,0.3299,na
1784980199999,AVAXUSDT:5m,NEUTRAL,0,0,0.4742,6.282,6.57,na
1784980799999,AVAXUSDT:30m,NEUTRAL,0,0,0.4515,6.282,6.57,na
1784980799999,AVAXUSDT:1h,SELL,-1,0,0.3865,6.282,6.574,miss
1784980199999,LINKUSDT:5m,NEUTRAL,0,0,0.4563,8.312,8.393,na
1784980799999,LINKUSDT:30m,NEUTRAL,0,0,0.4961,8.312,8.393,na
1784980799999,LINKUSDT:1h,SELL,-1,0,0.4458,8.312,8.393,miss
1784994599999,BTCUSDT:5m,BUY,1,0,0.5843,64215.57,64364.45,hit
1784995199999,BTCUSDT:30m,NEUTRAL,0,0,0.5037,64217.72,64364.44,na
1784995199999,BTCUSDT:1h,NEUTRAL,0,0,0.5059,64217.72,64364.45,na
1784994599999,ETHUSDT:5m,STRONG BUY,1,1,0.6268,1870.53,1873.43,hit
1784995199999,ETHUSDT:30m,STRONG SELL,-1,1,0.2829,1870.53,1873.42,miss
1784995199999,ETHUSDT:1h,SELL,-1,0,0.4449,1870.53,1873.43,miss
1784994599999,SOLUSDT:5m,NEUTRAL,0,0,0.4818,74.24,74.51,na
1784995199999,SOLUSDT:30m,SELL,-1,0,0.3937,74.24,74.51,miss
1784995199999,SOLUSDT:1h,SELL,-1,0,0.4435,74.24,74.5,miss
1784994599999,BNBUSDT:5m,SELL,-1,0,0.4323,566.99,568.67,miss
1784995199999,BNBUSDT:30m,SELL,-1,0,0.4113,566.99,568.67,miss
1784995199999,BNBUSDT:1h,NEUTRAL,0,0,0.52,566.99,568.67,na
1784994599999,XRPUSDT:5m,NEUTRAL,0,0,0.5054,1.0995,1.1001,na
1784995199999,XRPUSDT:30m,NEUTRAL,0,0,0.4909,1.0995,1.0999,na
1784995199999,XRPUSDT:1h,NEUTRAL,0,0,0.5062,1.0995,1.0998,na
1784994599999,DOGEUSDT:5m,BUY,1,0,0.5729,0.07128,0.07287,hit
1784995199999,DOGEUSDT:30m,NEUTRAL,0,0,0.5008,0.07123,0.07288,na
1784995199999,DOGEUSDT:1h,STRONG SELL,-1,1,0.3524,0.07124,0.07288,miss
1784994599999,ADAUSDT:5m,NEUTRAL,0,0,0.5209,0.1649,0.1652,na
1784995199999,ADAUSDT:30m,STRONG SELL,-1,1,0.2565,0.1649,0.1652,miss
1784995199999,ADAUSDT:1h,SELL,-1,0,0.4406,0.1649,0.1652,miss
1784994599999,TRXUSDT:5m,STRONG SELL,-1,1,0.259,0.33,0.3306,miss
1784995199999,TRXUSDT:30m,SELL,-1,0,0.3973,0.33,0.3306,miss
1784995199999,TRXUSDT:1h,NEUTRAL,0,0,0.5388,0.3299,0.3306,na
1784994599999,AVAXUSDT:5m,NEUTRAL,0,0,0.5302,6.57,6.709,na
1784995199999,AVAXUSDT:30m,SELL,-1,0,0.3804,6.57,6.709,miss
1784995199999,AVAXUSDT:1h,SELL,-1,0,0.4008,6.574,6.709,miss
1784994599999,LINKUSDT:5m,BUY,1,0,0.556,8.393,8.397,hit
1784995199999,LINKUSDT:30m,NEUTRAL,0,0,0.4903,8.393,8.397,na
1784995199999,LINKUSDT:1h,NEUTRAL,0,0,0.4736,8.393,8.397,na
1785009899999,BTCUSDT:5m,NEUTRAL,0,0,0.5364,64364.45,64383.01,na
1785011399999,BTCUSDT:30m,SELL,-1,0,0.4176,64364.44,64383.01,miss
1785013199999,BTCUSDT:1h,NEUTRAL,0,0,0.4904,64364.45,64383.01,na
1785009899999,ETHUSDT:5m,BUY,1,0,0.5532,1873.43,1874.56,hit
1785011399999,ETHUSDT:30m,SELL,-1,0,0.432,1873.42,1874.56,miss
1785013199999,ETHUSDT:1h,SELL,-1,0,0.4341,1873.43,1874.56,miss
1785009899999,SOLUSDT:5m,BUY,1,0,0.5638,74.51,74.47,miss
1785011399999,SOLUSDT:30m,STRONG SELL,-1,1,0.3602,74.51,74.47,hit
1785013199999,SOLUSDT:1h,SELL,-1,0,0.441,74.5,74.47,hit
1785009899999,BNBUSDT:5m,NEUTRAL,0,0,0.4963,568.67,569.05,na
1785011399999,BNBUSDT:30m,NEUTRAL,0,0,0.4629,568.67,569.04,na
1785013199999,BNBUSDT:1h,NEUTRAL,0,0,0.546,568.67,569.04,na
1785009899999,XRPUSDT:5m,BUY,1,0,0.5648,1.1001,1.0984,miss
1785011399999,XRPUSDT:30m,NEUTRAL,0,0,0.4966,1.0999,1.0984,na
1785013199999,XRPUSDT:1h,NEUTRAL,0,0,0.4573,1.0998,1.0984,na
1785009899999,DOGEUSDT:5m,NEUTRAL,0,0,0.4896,0.07287,0.07176,na
1785011399999,DOGEUSDT:30m,NEUTRAL,0,0,0.4621,0.07288,0.07176,na
1785013199999,DOGEUSDT:1h,STRONG SELL,-1,1,0.3233,0.07288,0.07176,hit
1785009899999,ADAUSDT:5m,NEUTRAL,0,0,0.4704,0.1652,0.1646,na
1785011399999,ADAUSDT:30m,SELL,-1,0,0.4346,0.1652,0.1646,hit
1785013199999,ADAUSDT:1h,SELL,-1,0,0.4389,0.1652,0.1646,hit
1785009899999,TRXUSDT:5m,SELL,-1,0,0.3977,0.3306,0.3315,miss
1785011399999,TRXUSDT:30m,SELL,-1,0,0.4198,0.3306,0.3315,miss
1785013199999,TRXUSDT:1h,SELL,-1,0,0.4428,0.3306,0.3315,miss
1785009899999,AVAXUSDT:5m,NEUTRAL,0,0,0.5103,6.709,6.747,na
1785011399999,AVAXUSDT:30m,NEUTRAL,0,0,0.5078,6.709,6.747,na
1785013199999,AVAXUSDT:1h,NEUTRAL,0,0,0.4658,6.709,6.747,na
1785009899999,LINKUSDT:5m,BUY,1,0,0.5596,8.397,8.379,miss
1785011399999,LINKUSDT:30m,SELL,-1,0,0.4254,8.397,8.379,hit
1785013199999,LINKUSDT:1h,NEUTRAL,0,0,0.4569,8.397,8.379,na
1785023099999,BTCUSDT:5m,SELL,-1,0,0.3897,64383.01,64365.17,hit
1785023999999,BTCUSDT:30m,NEUTRAL,0,0,0.4628,64383.01,64365.16,na
1785023999999,BTCUSDT:1h,NEUTRAL,0,0,0.4927,64383.01,64365.17,na
1785023999999,BTCUSDT:1d,NEUTRAL,0,0,0.484,64018.09,64365.17,na
1785023099999,ETHUSDT:5m,BUY,1,0,0.6123,1874.56,1881.24,hit
1785023999999,ETHUSDT:30m,NEUTRAL,0,0,0.4818,1874.56,1881.23,na
1785023999999,ETHUSDT:1h,SELL,-1,0,0.3958,1874.56,1881.24,miss
1785023999999,ETHUSDT:1d,NEUTRAL,0,0,0.5198,1857.01,1881.24,na
1785023099999,SOLUSDT:5m,NEUTRAL,0,0,0.4955,74.47,74.86,na
1785023999999,SOLUSDT:30m,STRONG SELL,-1,1,0.38,74.47,74.86,miss
1785023999999,SOLUSDT:1h,NEUTRAL,0,0,0.497,74.47,74.87,na
1785023999999,SOLUSDT:1d,SELL,-1,0,0.4407,73.86,74.87,miss
1785023099999,BNBUSDT:5m,NEUTRAL,0,0,0.493,569.05,571.57,na
1785023999999,BNBUSDT:30m,SELL,-1,0,0.4361,569.04,571.57,miss
1785023999999,BNBUSDT:1h,NEUTRAL,0,0,0.4813,569.04,571.56,na
1785023999999,BNBUSDT:1d,NEUTRAL,0,0,0.4959,564.13,571.57,na
1785023099999,XRPUSDT:5m,NEUTRAL,0,0,0.5059,1.0984,1.0986,na
1785023999999,XRPUSDT:30m,NEUTRAL,0,0,0.516,1.0984,1.0986,na
1785023999999,XRPUSDT:1h,NEUTRAL,0,0,0.4707,1.0984,1.0987,na
1785023999999,XRPUSDT:1d,STRONG SELL,-1,1,0.2889,1.0879,1.0987,miss
1785023099999,DOGEUSDT:5m,NEUTRAL,0,0,0.5303,0.07176,0.07325,na
1785023999999,DOGEUSDT:30m,NEUTRAL,0,0,0.4622,0.07176,0.07325,na
1785023999999,DOGEUSDT:1h,STRONG SELL,-1,1,0.295,0.07176,0.07326,miss
1785023999999,DOGEUSDT:1d,SELL,-1,0,0.4181,0.06932,0.07326,miss
1785023099999,ADAUSDT:5m,NEUTRAL,0,0,0.4942,0.1646,0.1651,na
1785023999999,ADAUSDT:30m,STRONG SELL,-1,1,0.3507,0.1646,0.1651,miss
1785023999999,ADAUSDT:1h,SELL,-1,0,0.4433,0.1646,0.1651,miss
1785023999999,ADAUSDT:1d,SELL,-1,0,0.419,0.1617,0.1651,miss
1785023099999,TRXUSDT:5m,SELL,-1,0,0.407,0.3315,0.3311,hit
1785023999999,TRXUSDT:30m,NEUTRAL,0,0,0.4636,0.3315,0.3311,na
1785023999999,TRXUSDT:1h,NEUTRAL,0,0,0.5067,0.3315,0.3311,na
1785023999999,TRXUSDT:1d,NEUTRAL,0,0,0.5431,0.3296,0.3311,na
1785023099999,AVAXUSDT:5m,NEUTRAL,0,0,0.5459,6.747,6.785,na
1785023999999,AVAXUSDT:30m,NEUTRAL,0,0,0.5098,6.747,6.786,na
1785023999999,AVAXUSDT:1h,NEUTRAL,0,0,0.5051,6.747,6.786,na
1785023999999,AVAXUSDT:1d,NEUTRAL,0,0,0.4633,6.241,6.786,na
1785023099999,LINKUSDT:5m,NEUTRAL,0,0,0.5102,8.379,8.423,na
1785023999999,LINKUSDT:30m,NEUTRAL,0,0,0.4632,8.379,8.423,na
1785023999999,LINKUSDT:1h,SELL,-1,0,0.4389,8.379,8.423,miss
1785023999999,LINKUSDT:1d,NEUTRAL,0,0,0.4822,8.3,8.423,na
1785052799999,BTCUSDT:5m,NEUTRAL,0,0,0.5428,64365.17,64515.21,na
1785052799999,BTCUSDT:30m,SELL,-1,0,0.4292,64365.16,64515.2,miss
1785052799999,BTCUSDT:1h,NEUTRAL,0,0,0.4837,64365.17,64515.2,na
1785052799999,ETHUSDT:5m,BUY,1,0,0.5756,1881.24,1886.71,hit
1785052799999,ETHUSDT:30m,NEUTRAL,0,0,0.4606,1881.23,1886.81,na
1785052799999,ETHUSDT:1h,NEUTRAL,0,0,0.4929,1881.24,1886.81,na
1785052799999,SOLUSDT:5m,NEUTRAL,0,0,0.5007,74.86,74.94,na
1785052799999,SOLUSDT:30m,STRONG SELL,-1,1,0.3597,74.86,74.94,miss
1785052799999,SOLUSDT:1h,NEUTRAL,0,0,0.4796,74.87,74.94,na
1785052799999,BNBUSDT:5m,BUY,1,0,0.6019,571.57,570.51,miss
1785052799999,BNBUSDT:30m,NEUTRAL,0,0,0.4994,571.57,570.51,na
1785052799999,BNBUSDT:1h,NEUTRAL,0,0,0.5411,571.56,570.51,na
1785052799999,XRPUSDT:5m,NEUTRAL,0,0,0.4853,1.0986,1.1002,na
1785052799999,XRPUSDT:30m,NEUTRAL,0,0,0.4631,1.0986,1.1003,na
1785052799999,XRPUSDT:1h,SELL,-1,0,0.4374,1.0987,1.1003,miss
1785052799999,DOGEUSDT:5m,NEUTRAL,0,0,0.4852,0.07325,0.07327,na
1785052799999,DOGEUSDT:30m,NEUTRAL,0,0,0.4873,0.07325,0.07327,na
1785052799999,DOGEUSDT:1h,NEUTRAL,0,0,0.502,0.07326,0.07327,na
1785052799999,ADAUSDT:5m,NEUTRAL,0,0,0.4574,0.1651,0.165,na
1785052799999,ADAUSDT:30m,SELL,-1,0,0.385,0.1651,0.165,hit
1785052799999,ADAUSDT:1h,SELL,-1,0,0.4384,0.1651,0.165,hit
1785052799999,TRXUSDT:5m,STRONG SELL,-1,1,0.2837,0.3311,0.3323,miss
1785052799999,TRXUSDT:30m,SELL,-1,0,0.4165,0.3311,0.3323,miss
1785052799999,TRXUSDT:1h,NEUTRAL,0,0,0.5283,0.3311,0.3322,na
1785052799999,AVAXUSDT:5m,NEUTRAL,0,0,0.5109,6.785,6.706,na
1785052799999,AVAXUSDT:30m,NEUTRAL,0,0,0.5166,6.786,6.706,na
1785052799999,AVAXUSDT:1h,NEUTRAL,0,0,0.5161,6.786,6.706,na
1785052799999,LINKUSDT:5m,NEUTRAL,0,0,0.5136,8.423,8.438,na
1785052799999,LINKUSDT:30m,NEUTRAL,0,0,0.4753,8.423,8.438,na
1785052799999,LINKUSDT:1h,NEUTRAL,0,0,0.4632,8.423,8.438,na
1785066599999,BTCUSDT:5m,SELL,-1,0,0.4491,64515.21,64786.01,miss
1785067199999,BTCUSDT:30m,NEUTRAL,0,0,0.4564,64515.2,64786.0,na
1785067199999,BTCUSDT:1h,NEUTRAL,0,0,0.4821,64515.2,64786.01,na
1785066899999,ETHUSDT:5m,BUY,1,0,0.5624,1886.71,1913.94,hit
1785067199999,ETHUSDT:30m,NEUTRAL,0,0,0.4868,1886.81,1913.79,na
1785067199999,ETHUSDT:1h,NEUTRAL,0,0,0.4761,1886.81,1913.79,na
1785066899999,SOLUSDT:5m,NEUTRAL,0,0,0.4719,74.94,75.33,na
1785067199999,SOLUSDT:30m,SELL,-1,0,0.395,74.94,75.32,miss
1785067199999,SOLUSDT:1h,NEUTRAL,0,0,0.5111,74.94,75.32,na
1785066899999,BNBUSDT:5m,NEUTRAL,0,0,0.4768,570.51,573.29,na
1785067199999,BNBUSDT:30m,NEUTRAL,0,0,0.4731,570.51,573.29,na
1785067199999,BNBUSDT:1h,BUY,1,0,0.5676,570.51,573.28,hit
1785066899999,XRPUSDT:5m,NEUTRAL,0,0,0.4805,1.1002,1.1034,na
1785067199999,XRPUSDT:30m,NEUTRAL,0,0,0.5183,1.1003,1.1034,na
1785067199999,XRPUSDT:1h,NEUTRAL,0,0,0.4673,1.1003,1.1034,na
1785066899999,DOGEUSDT:5m,NEUTRAL,0,0,0.4778,0.07327,0.07309,na
1785067199999,DOGEUSDT:30m,NEUTRAL,0,0,0.4928,0.07327,0.07309,na
1785067199999,DOGEUSDT:1h,NEUTRAL,0,0,0.478,0.07327,0.0731,na
1785066599999,ADAUSDT:5m,SELL,-1,0,0.4164,0.165,0.1654,miss
1785067199999,ADAUSDT:30m,SELL,-1,0,0.3825,0.165,0.1654,miss
1785067199999,ADAUSDT:1h,NEUTRAL,0,0,0.451,0.165,0.1654,na
1785066899999,TRXUSDT:5m,STRONG SELL,-1,1,0.2742,0.3323,0.3328,miss
1785067199999,TRXUSDT:30m,SELL,-1,0,0.3915,0.3323,0.3328,miss
1785067199999,TRXUSDT:1h,NEUTRAL,0,0,0.4996,0.3322,0.3328,na
1785066899999,AVAXUSDT:5m,NEUTRAL,0,0,0.4651,6.706,6.689,na
1785067199999,AVAXUSDT:30m,NEUTRAL,0,0,0.4915,6.706,6.689,na
1785067199999,AVAXUSDT:1h,NEUTRAL,0,0,0.4508,6.706,6.689,na
1785066899999,LINKUSDT:5m,NEUTRAL,0,0,0.4889,8.438,8.549,na
1785067199999,LINKUSDT:30m,NEUTRAL,0,0,0.475,8.438,8.549,na
1785067199999,LINKUSDT:1h,SELL,-1,0,0.429,8.438,8.551,miss
1785080999999,BTCUSDT:5m,SELL,-1,0,0.4377,64786.01,64685.99,hit
1785081599999,BTCUSDT:30m,NEUTRAL,0,0,0.4871,64786.0,64686.0,na
1785081599999,BTCUSDT:1h,NEUTRAL,0,0,0.4899,64786.01,64686.0,na
1785080999999,ETHUSDT:5m,NEUTRAL,0,0,0.4965,1913.94,1913.81,na
1785081599999,ETHUSDT:30m,SELL,-1,0,0.4099,1913.79,1913.8,miss
1785081599999,ETHUSDT:1h,STRONG SELL,-1,1,0.3647,1913.79,1913.8,miss
1785080999999,SOLUSDT:5m,SELL,-1,0,0.3937,75.33,75.36,miss
1785081599999,SOLUSDT:30m,STRONG SELL,-1,1,0.3521,75.32,75.36,miss
1785081599999,SOLUSDT:1h,NEUTRAL,0,0,0.4979,75.32,75.36,na
1785080999999,BNBUSDT:5m,NEUTRAL,0,0,0.4648,573.29,573.47,na
1785081599999,BNBUSDT:30m,NEUTRAL,0,0,0.5124,573.29,573.47,na
1785081599999,BNBUSDT:1h,NEUTRAL,0,0,0.5361,573.28,573.48,na
1785080999999,XRPUSDT:5m,NEUTRAL,0,0,0.4898,1.1034,1.1025,na
1785081599999,XRPUSDT:30m,NEUTRAL,0,0,0.5227,1.1034,1.1025,na
1785081599999,XRPUSDT:1h,NEUTRAL,0,0,0.5277,1.1034,1.1025,na
1785080999999,DOGEUSDT:5m,NEUTRAL,0,0,0.4648,0.07309,0.07265,na
1785081599999,DOGEUSDT:30m,BUY,1,0,0.5625,0.07309,0.07265,miss
1785081599999,DOGEUSDT:1h,NEUTRAL,0,0,0.5349,0.0731,0.07265,na
1785080999999,ADAUSDT:5m,SELL,-1,0,0.4085,0.1654,0.1646,hit
1785081599999,ADAUSDT:30m,SELL,-1,0,0.4,0.1654,0.1646,hit
1785081599999,ADAUSDT:1h,SELL,-1,0,0.4359,0.1654,0.1646,hit
1785080999999,TRXUSDT:5m,STRONG SELL,-1,1,0.2916,0.3328,0.3321,hit
1785081599999,TRXUSDT:30m,STRONG SELL,-1,1,0.3493,0.3328,0.3321,hit
1785081599999,TRXUSDT:1h,NEUTRAL,0,0,0.522,0.3328,0.3321,na
1785080999999,AVAXUSDT:5m,NEUTRAL,0,0,0.4582,6.689,6.669,na
1785081599999,AVAXUSDT:30m,BUY,1,0,0.5753,6.689,6.669,miss
1785081599999,AVAXUSDT:1h,NEUTRAL,0,0,0.5074,6.689,6.669,na
1785080999999,LINKUSDT:5m,NEUTRAL,0,0,0.5067,8.549,8.586,na
1785081599999,LINKUSDT:30m,SELL,-1,0,0.4381,8.549,8.586,miss
1785081599999,LINKUSDT:1h,NEUTRAL,0,0,0.4644,8.551,8.586,na
1785096299999,BTCUSDT:5m,NEUTRAL,0,0,0.5145,64685.99,65370.66,na
1785097799999,BTCUSDT:30m,NEUTRAL,0,0,0.4678,64686.0,65363.01,na
1785099599999,BTCUSDT:1h,SELL,-1,0,0.4329,64686.0,65363.01,miss
1785096299999,ETHUSDT:5m,NEUTRAL,0,0,0.464,1913.81,1952.4,na
1785097799999,ETHUSDT:30m,NEUTRAL,0,0,0.4896,1913.8,1952.4,na
1785099599999,ETHUSDT:1h,SELL,-1,0,0.4462,1913.8,1952.4,miss
1785096299999,SOLUSDT:5m,NEUTRAL,0,0,0.4693,75.36,76.64,na
1785097799999,SOLUSDT:30m,SELL,-1,0,0.4352,75.36,76.63,miss
1785099599999,SOLUSDT:1h,NEUTRAL,0,0,0.5318,75.36,76.63,na
1785096299999,BNBUSDT:5m,NEUTRAL,0,0,0.4636,573.47,574.53,na
1785097799999,BNBUSDT:30m,NEUTRAL,0,0,0.5153,573.47,574.53,na
1785099599999,BNBUSDT:1h,BUY,1,0,0.5518,573.48,574.53,hit
1785096299999,XRPUSDT:5m,SELL,-1,0,0.4139,1.1025,1.1125,miss
1785097799999,XRPUSDT:30m,NEUTRAL,0,0,0.5029,1.1025,1.1125,na
1785099599999,XRPUSDT:1h,NEUTRAL,0,0,0.4909,1.1025,1.1125,na
1785096299999,DOGEUSDT:5m,SELL,-1,0,0.4196,0.07265,0.07333,miss
1785097799999,DOGEUSDT:30m,BUY,1,0,0.5856,0.07265,0.07333,hit
1785099599999,DOGEUSDT:1h,STRONG BUY,1,1,0.6756,0.07265,0.07331,hit
1785096299999,ADAUSDT:5m,STRONG SELL,-1,1,0.3605,0.1646,0.1657,miss
1785097799999,ADAUSDT:30m,SELL,-1,0,0.3999,0.1646,0.1657,miss
1785099599999,ADAUSDT:1h,NEUTRAL,0,0,0.4925,0.1646,0.1657,na
1785096299999,TRXUSDT:5m,STRONG SELL,-1,1,0.3649,0.3321,0.3321,hit
1785097799999,TRXUSDT:30m,SELL,-1,0,0.4067,0.3321,0.3321,hit
1785099599999,TRXUSDT:1h,NEUTRAL,0,0,0.5445,0.3321,0.3321,na
1785096299999,AVAXUSDT:5m,SELL,-1,0,0.3915,6.669,6.732,miss
1785097799999,AVAXUSDT:30m,NEUTRAL,0,0,0.5116,6.669,6.732,na
1785099599999,AVAXUSDT:1h,NEUTRAL,0,0,0.4918,6.669,6.732,na
1785096299999,LINKUSDT:5m,NEUTRAL,0,0,0.5115,8.586,8.811,na
1785097799999,LINKUSDT:30m,NEUTRAL,0,0,0.4855,8.586,8.811,na
1785099599999,LINKUSDT:1h,NEUTRAL,0,0,0.4966,8.586,8.811,na
1785109199999,BTCUSDT:5m,SELL,-1,0,0.4227,65370.66,65122.73,hit
1785110399999,BTCUSDT:30m,NEUTRAL,0,0,0.5238,65363.01,65122.73,na
1785110399999,BTCUSDT:1h,NEUTRAL,0,0,0.4909,65363.01,65122.73,na
1785110399999,BTCUSDT:1d,NEUTRAL,0,0,0.4713,64365.17,65122.73,na
1785109199999,ETHUSDT:5m,NEUTRAL,0,0,0.4777,1952.4,1961.65,na
1785110399999,ETHUSDT:30m,NEUTRAL,0,0,0.5128,1952.4,1961.65,na
1785110399999,ETHUSDT:1h,SELL,-1,0,0.4427,1952.4,1961.65,miss
1785110399999,ETHUSDT:1d,NEUTRAL,0,0,0.476,1881.24,1961.72,na
1785109199999,SOLUSDT:5m,SELL,-1,0,0.4196,76.64,76.61,hit
1785110399999,SOLUSDT:30m,SELL,-1,0,0.4216,76.63,76.61,hit
1785110399999,SOLUSDT:1h,SELL,-1,0,0.4147,76.63,76.6,hit
1785110399999,SOLUSDT:1d,SELL,-1,0,0.4344,74.87,76.61,miss
1785109199999,BNBUSDT:5m,NEUTRAL,0,0,0.521,574.53,573.12,na
1785110399999,BNBUSDT:30m,NEUTRAL,0,0,0.5244,574.53,573.12,na
1785110399999,BNBUSDT:1h,BUY,1,0,0.5577,574.53,573.13,miss
1785110399999,BNBUSDT:1d,NEUTRAL,0,0,0.5404,571.57,573.12,na
1785109199999,XRPUSDT:5m,SELL,-1,0,0.4218,1.1125,1.1056,hit
1785110399999,XRPUSDT:30m,NEUTRAL,0,0,0.521,1.1125,1.1056,na
1785110399999,XRPUSDT:1h,NEUTRAL,0,0,0.5276,1.1125,1.1056,na
1785110399999,XRPUSDT:1d,SELL,-1,0,0.4093,1.0987,1.1056,miss
1785109199999,DOGEUSDT:5m,SELL,-1,0,0.4059,0.07333,0.0726,hit
1785110399999,DOGEUSDT:30m,NEUTRAL,0,0,0.4802,0.07333,0.0726,na
1785110399999,DOGEUSDT:1h,NEUTRAL,0,0,0.4641,0.07331,0.0726,na
1785110399999,DOGEUSDT:1d,NEUTRAL,0,0,0.4788,0.07326,0.0726,na
1785109199999,ADAUSDT:5m,STRONG SELL,-1,1,0.3101,0.1657,0.1648,hit
1785110399999,ADAUSDT:30m,SELL,-1,0,0.3939,0.1657,0.1648,hit
1785110399999,ADAUSDT:1h,SELL,-1,0,0.4318,0.1657,0.1647,hit
1785110399999,ADAUSDT:1d,SELL,-1,0,0.4417,0.1651,0.1647,hit
1785109199999,TRXUSDT:5m,STRONG SELL,-1,1,0.2344,0.3321,0.3306,hit
1785110399999,TRXUSDT:30m,SELL,-1,0,0.3924,0.3321,0.3306,hit
1785110399999,TRXUSDT:1h,SELL,-1,0,0.4387,0.3321,0.3306,hit
1785110399999,TRXUSDT:1d,NEUTRAL,0,0,0.5285,0.3311,0.3306,na
1785109199999,AVAXUSDT:5m,NEUTRAL,0,0,0.4591,6.732,6.674,na
1785110399999,AVAXUSDT:30m,NEUTRAL,0,0,0.5211,6.732,6.675,na
1785110399999,AVAXUSDT:1h,NEUTRAL,0,0,0.4921,6.732,6.675,na
1785110399999,AVAXUSDT:1d,NEUTRAL,0,0,0.4936,6.786,6.674,na
1785109199999,LINKUSDT:5m,NEUTRAL,0,0,0.5152,8.811,8.767,na
1785110399999,LINKUSDT:30m,NEUTRAL,0,0,0.5113,8.811,8.767,na
1785110399999,LINKUSDT:1h,NEUTRAL,0,0,0.4872,8.811,8.767,na
1785110399999,LINKUSDT:1d,NEUTRAL,0,0,0.5017,8.423,8.767,na
1785153899999,BTCUSDT:5m,NEUTRAL,0,0,0.5108,65122.73,65054.0,na
1785155399999,BTCUSDT:30m,NEUTRAL,0,0,0.4889,65122.73,65053.99,na
1785157199999,BTCUSDT:1h,SELL,-1,0,0.4249,65122.73,65053.99,hit
1785153899999,ETHUSDT:5m,NEUTRAL,0,0,0.5169,1961.65,1944.31,na
1785155399999,ETHUSDT:30m,BUY,1,0,0.5882,1961.65,1944.31,miss
1785157199999,ETHUSDT:1h,NEUTRAL,0,0,0.4848,1961.65,1944.31,na
1785153899999,SOLUSDT:5m,NEUTRAL,0,0,0.4706,76.61,75.99,na
1785155399999,SOLUSDT:30m,SELL,-1,0,0.4444,76.61,75.99,hit
1785157199999,SOLUSDT:1h,NEUTRAL,0,0,0.5044,76.6,75.99,na
1785153899999,BNBUSDT:5m,NEUTRAL,0,0,0.4818,573.12,574.91,na
1785155399999,BNBUSDT:30m,BUY,1,0,0.575,573.12,574.9,hit
1785157199999,BNBUSDT:1h,NEUTRAL,0,0,0.5316,573.13,574.9,na
1785153899999,XRPUSDT:5m,SELL,-1,0,0.4224,1.1056,1.0945,hit
1785155399999,XRPUSDT:30m,NEUTRAL,0,0,0.5151,1.1056,1.0944,na
1785157199999,XRPUSDT:1h,STRONG SELL,-1,1,0.3725,1.1056,1.0944,hit
1785153899999,DOGEUSDT:5m,NEUTRAL,0,0,0.519,0.0726,0.07212,na
1785155399999,DOGEUSDT:30m,NEUTRAL,0,0,0.5239,0.0726,0.07211,na
1785157199999,DOGEUSDT:1h,NEUTRAL,0,0,0.5488,0.0726,0.07211,na
1785153899999,ADAUSDT:5m,NEUTRAL,0,0,0.5138,0.1648,0.1594,na
1785155399999,ADAUSDT:30m,NEUTRAL,0,0,0.4681,0.1648,0.1594,na
1785157199999,ADAUSDT:1h,NEUTRAL,0,0,0.4534,0.1647,0.1594,na
1785153899999,TRXUSDT:5m,STRONG SELL,-1,1,0.2589,0.3306,0.3287,hit
1785155399999,TRXUSDT:30m,STRONG SELL,-1,1,0.313,0.3306,0.3286,hit
1785157199999,TRXUSDT:1h,NEUTRAL,0,0,0.4731,0.3306,0.3286,na
1785153899999,AVAXUSDT:5m,NEUTRAL,0,0,0.4558,6.674,6.576,na
1785155399999,AVAXUSDT:30m,BUY,1,0,0.5523,6.675,6.576,miss
1785157199999,AVAXUSDT:1h,NEUTRAL,0,0,0.4901,6.675,6.576,na
1785153899999,LINKUSDT:5m,NEUTRAL,0,0,0.5105,8.767,8.63,na
1785155399999,LINKUSDT:30m,NEUTRAL,0,0,0.4897,8.767,8.63,na
1785157199999,LINKUSDT:1h,NEUTRAL,0,0,0.5196,8.767,8.63,na
1785175499999,BTCUSDT:5m,BUY,1,0,0.5613,65054.0,64855.42,miss
1785176999999,BTCUSDT:30m,NEUTRAL,0,0,0.5234,65053.99,64855.42,na
1785178799999,BTCUSDT:1h,NEUTRAL,0,0,0.4689,65053.99,64855.42,na
1785175499999,ETHUSDT:5m,NEUTRAL,0,0,0.5159,1944.31,1943.4,na
1785176999999,ETHUSDT:30m,BUY,1,0,0.5601,1944.31,1943.39,miss
1785178799999,ETHUSDT:1h,NEUTRAL,0,0,0.4827,1944.31,1943.39,na
1785175499999,SOLUSDT:5m,NEUTRAL,0,0,0.4535,75.99,75.56,na
1785176999999,SOLUSDT:30m,NEUTRAL,0,0,0.4522,75.99,75.56,na
1785178799999,SOLUSDT:1h,SELL,-1,0,0.4349,75.99,75.56,hit
1785175499999,BNBUSDT:5m,SELL,-1,0,0.4162,574.91,573.65,hit
1785176999999,BNBUSDT:30m,BUY,1,0,0.5699,574.9,573.64,miss
1785178799999,BNBUSDT:1h,SELL,-1,0,0.393,574.9,573.64,hit
1785175499999,XRPUSDT:5m,SELL,-1,0,0.3944,1.0945,1.0877,hit
1785176999999,XRPUSDT:30m,NEUTRAL,0,0,0.4837,1.0944,1.0877,na
1785178799999,XRPUSDT:1h,SELL,-1,0,0.3975,1.0944,1.0877,hit
1785175499999,DOGEUSDT:5m,NEUTRAL,0,0,0.4641,0.07212,0.07187,na
1785176999999,DOGEUSDT:30m,NEUTRAL,0,0,0.4883,0.07211,0.07187,na
1785178799999,DOGEUSDT:1h,SELL,-1,0,0.4468,0.07211,0.07187,hit
1785175499999,ADAUSDT:5m,NEUTRAL,0,0,0.4915,0.1594,0.1591,na
1785176999999,ADAUSDT:30m,SELL,-1,0,0.4357,0.1594,0.1591,hit
1785178799999,ADAUSDT:1h,SELL,-1,0,0.447,0.1594,0.1591,hit
1785175499999,TRXUSDT:5m,STRONG SELL,-1,1,0.2316,0.3287,0.3276,hit
1785176999999,TRXUSDT:30m,STRONG SELL,-1,1,0.3262,0.3286,0.3276,hit
1785178799999,TRXUSDT:1h,NEUTRAL,0,0,0.4516,0.3286,0.3276,na
1785175499999,AVAXUSDT:5m,NEUTRAL,0,0,0.4595,6.576,6.563,na
1785176999999,AVAXUSDT:30m,NEUTRAL,0,0,0.5313,6.576,6.563,na
1785178799999,AVAXUSDT:1h,NEUTRAL,0,0,0.4855,6.576,6.563,na
1785175499999,LINKUSDT:5m,NEUTRAL,0,0,0.4657,8.63,8.59,na
1785176999999,LINKUSDT:30m,NEUTRAL,0,0,0.5286,8.63,8.59,na
1785178799999,LINKUSDT:1h,NEUTRAL,0,0,0.4765,8.63,8.59,na
1785189299999,BTCUSDT:5m,NEUTRAL,0,0,0.4916,64855.42,63468.0,na
1785189599999,BTCUSDT:30m,NEUTRAL,0,0,0.4791,64855.42,63468.0,na
1785189599999,BTCUSDT:1h,NEUTRAL,0,0,0.4561,64855.42,63467.99,na
1785196799999,BTCUSDT:1d,NEUTRAL,0,0,0.4757,65122.73,63468.0,na
1785189299999,ETHUSDT:5m,SELL,-1,0,0.4381,1943.4,1881.61,hit
1785189599999,ETHUSDT:30m,NEUTRAL,0,0,0.5492,1943.39,1881.62,na
1785189599999,ETHUSDT:1h,NEUTRAL,0,0,0.4691,1943.39,1881.61,na
1785196799999,ETHUSDT:1d,NEUTRAL,0,0,0.5477,1961.72,1881.61,na
1785189299999,SOLUSDT:5m,NEUTRAL,0,0,0.4509,75.56,73.14,na
1785189599999,SOLUSDT:30m,NEUTRAL,0,0,0.4989,75.56,73.15,na
1785189599999,SOLUSDT:1h,NEUTRAL,0,0,0.4698,75.56,73.15,na
1785196799999,SOLUSDT:1d,NEUTRAL,0,0,0.4668,76.61,73.15,na
1785189299999,BNBUSDT:5m,SELL,-1,0,0.3931,573.65,565.08,hit
1785189599999,BNBUSDT:30m,BUY,1,0,0.5964,573.64,565.08,miss
1785189599999,BNBUSDT:1h,STRONG BUY,1,1,0.6212,573.64,565.08,miss
1785196799999,BNBUSDT:1d,NEUTRAL,0,0,0.4909,573.12,565.08,na
1785189299999,XRPUSDT:5m,SELL,-1,0,0.4487,1.0877,1.0548,hit
1785189599999,XRPUSDT:30m,NEUTRAL,0,0,0.535,1.0877,1.0548,na
1785189599999,XRPUSDT:1h,STRONG SELL,-1,1,0.3688,1.0877,1.0548,hit
1785196799999,XRPUSDT:1d,SELL,-1,0,0.4335,1.1056,1.0548,hit
1785189299999,DOGEUSDT:5m,NEUTRAL,0,0,0.4523,0.07187,0.07009,na
1785189599999,DOGEUSDT:30m,NEUTRAL,0,0,0.503,0.07187,0.07009,na
1785189599999,DOGEUSDT:1h,NEUTRAL,0,0,0.5234,0.07187,0.0701,na
1785196799999,DOGEUSDT:1d,NEUTRAL,0,0,0.4585,0.0726,0.07009,na
1785189299999,ADAUSDT:5m,STRONG SELL,-1,1,0.3593,0.1591,0.1566,hit
1785189599999,ADAUSDT:30m,NEUTRAL,0,0,0.451,0.1591,0.1566,na
1785189599999,ADAUSDT:1h,SELL,-1,0,0.4492,0.1591,0.1566,hit
1785196799999,ADAUSDT:1d,SELL,-1,0,0.4111,0.1647,0.1566,hit
1785189299999,TRXUSDT:5m,STRONG SELL,-1,1,0.1962,0.3276,0.3251,hit
1785189599999,TRXUSDT:30m,STRONG SELL,-1,1,0.3572,0.3276,0.3251,hit
1785189599999,TRXUSDT:1h,SELL,-1,0,0.4481,0.3276,0.325,hit
1785196799999,TRXUSDT:1d,NEUTRAL,0,0,0.5432,0.3306,0.325,na
1785189299999,AVAXUSDT:5m,NEUTRAL,0,0,0.4838,6.563,6.428,na
1785189599999,AVAXUSDT:30m,NEUTRAL,0,0,0.5265,6.563,6.428,na
1785189599999,AVAXUSDT:1h,NEUTRAL,0,0,0.471,6.563,6.428,na
1785196799999,AVAXUSDT:1d,NEUTRAL,0,0,0.4973,6.674,6.428,na
1785189299999,LINKUSDT:5m,SELL,-1,0,0.3985,8.59,8.306,hit
1785189599999,LINKUSDT:30m,NEUTRAL,0,0,0.5122,8.59,8.306,na
1785189599999,LINKUSDT:1h,NEUTRAL,0,0,0.4916,8.59,8.306,na
1785196799999,LINKUSDT:1d,NEUTRAL,0,0,0.5084,8.767,8.306,na
1785224999999,BTCUSDT:5m,NEUTRAL,0,0,0.4862,63468.0,63861.9,na
1785225599999,BTCUSDT:30m,SELL,-1,0,0.4424,63468.0,63861.89,miss
1785225599999,BTCUSDT:1h,NEUTRAL,0,0,0.4545,63467.99,63860.0,na
1785224999999,ETHUSDT:5m,NEUTRAL,0,0,0.4859,1881.61,1914.82,na
1785225599999,ETHUSDT:30m,NEUTRAL,0,0,0.5313,1881.62,1914.81,na
1785225599999,ETHUSDT:1h,SELL,-1,0,0.4435,1881.61,1914.82,miss
1785224999999,SOLUSDT:5m,NEUTRAL,0,0,0.5139,73.14,74.17,na
1785225599999,SOLUSDT:30m,NEUTRAL,0,0,0.463,73.15,74.17,na
1785225599999,SOLUSDT:1h,STRONG SELL,-1,1,0.3312,73.15,74.18,miss
1785224999999,BNBUSDT:5m,SELL,-1,0,0.4468,565.08,572.52,miss
1785225599999,BNBUSDT:30m,BUY,1,0,0.5536,565.08,572.53,hit
1785225599999,BNBUSDT:1h,NEUTRAL,0,0,0.4881,565.08,572.52,na
1785224999999,XRPUSDT:5m,SELL,-1,0,0.4132,1.0548,1.0633,miss
1785225599999,XRPUSDT:30m,BUY,1,0,0.5632,1.0548,1.0633,hit
1785225599999,XRPUSDT:1h,NEUTRAL,0,0,0.4694,1.0548,1.0634,na
1785224999999,DOGEUSDT:5m,NEUTRAL,0,0,0.4557,0.07009,0.0707,na
1785225599999,DOGEUSDT:30m,NEUTRAL,0,0,0.4975,0.07009,0.07069,na
1785225599999,DOGEUSDT:1h,SELL,-1,0,0.4299,0.0701,0.07068,miss
1785224999999,ADAUSDT:5m,SELL,-1,0,0.4272,0.1566,0.1583,miss
1785225599999,ADAUSDT:30m,SELL,-1,0,0.445,0.1566,0.1584,miss
1785225599999,ADAUSDT:1h,SELL,-1,0,0.4299,0.1566,0.1584,miss
1785224999999,TRXUSDT:5m,STRONG SELL,-1,1,0.2946,0.3251,0.3244,hit
1785225599999,TRXUSDT:30m,STRONG SELL,-1,1,0.3466,0.3251,0.3244,hit
1785225599999,TRXUSDT:1h,SELL,-1,0,0.4335,0.325,0.3244,hit
1785224999999,AVAXUSDT:5m,NEUTRAL,0,0,0.5134,6.428,6.547,na
1785225599999,AVAXUSDT:30m,NEUTRAL,0,0,0.5253,6.428,6.549,na
1785225599999,AVAXUSDT:1h,NEUTRAL,0,0,0.4658,6.428,6.549,na
1785224999999,LINKUSDT:5m,SELL,-1,0,0.3915,8.306,8.36,miss
1785225599999,LINKUSDT:30m,NEUTRAL,0,0,0.5061,8.306,8.36,na
1785225599999,LINKUSDT:1h,NEUTRAL,0,0,0.4753,8.306,8.36,na
1785254099999,BTCUSDT:5m,SELL,-1,0,0.4288,63861.9,63905.99,miss
1785254399999,BTCUSDT:30m,NEUTRAL,0,0,0.4511,63861.89,63905.99,na
1785254399999,BTCUSDT:1h,NEUTRAL,0,0,0.4612,63860.0,63905.99,na
1785254099999,ETHUSDT:5m,BUY,1,0,0.5516,1914.82,1918.61,hit
1785254399999,ETHUSDT:30m,BUY,1,0,0.5606,1914.81,1918.61,hit
1785254399999,ETHUSDT:1h,NEUTRAL,0,0,0.4789,1914.82,1918.61,na
1785254099999,SOLUSDT:5m,NEUTRAL,0,0,0.5056,74.17,74.13,na
1785254399999,SOLUSDT:30m,NEUTRAL,0,0,0.4748,74.17,74.14,na
1785254399999,SOLUSDT:1h,NEUTRAL,0,0,0.4514,74.18,74.14,na
1785254399999,BNBUSDT:5m,NEUTRAL,0,0,0.5113,572.52,570.99,na
1785254399999,BNBUSDT:30m,NEUTRAL,0,0,0.5414,572.53,570.99,na
1785254399999,BNBUSDT:1h,NEUTRAL,0,0,0.507,572.52,570.98,na
1785254399999,XRPUSDT:5m,NEUTRAL,0,0,0.5036,1.0633,1.0618,na
1785254399999,XRPUSDT:30m,NEUTRAL,0,0,0.4589,1.0633,1.0618,na
1785254399999,XRPUSDT:1h,NEUTRAL,0,0,0.5383,1.0634,1.0618,na
1785254399999,DOGEUSDT:5m,NEUTRAL,0,0,0.5243,0.0707,0.07072,na
1785254399999,DOGEUSDT:30m,BUY,1,0,0.5607,0.07069,0.07072,hit
1785254399999,DOGEUSDT:1h,NEUTRAL,0,0,0.4717,0.07068,0.07072,na
1785254399999,ADAUSDT:5m,NEUTRAL,0,0,0.4722,0.1583,0.1594,na
1785254399999,ADAUSDT:30m,NEUTRAL,0,0,0.4846,0.1584,0.1594,na
1785254399999,ADAUSDT:1h,NEUTRAL,0,0,0.4631,0.1584,0.1593,na
1785254399999,TRXUSDT:5m,STRONG SELL,-1,1,0.3093,0.3244,0.3244,hit
1785254399999,TRXUSDT:30m,STRONG SELL,-1,1,0.3375,0.3244,0.3244,hit
1785254399999,TRXUSDT:1h,SELL,-1,0,0.4221,0.3244,0.3244,hit
1785254399999,AVAXUSDT:5m,NEUTRAL,0,0,0.4927,6.547,6.574,na
1785254399999,AVAXUSDT:30m,NEUTRAL,0,0,0.5011,6.549,6.574,na
1785254399999,AVAXUSDT:1h,NEUTRAL,0,0,0.5032,6.549,6.574,na
1785254399999,LINKUSDT:5m,NEUTRAL,0,0,0.4778,8.36,8.369,na
1785254399999,LINKUSDT:30m,NEUTRAL,0,0,0.4675,8.36,8.369,na
1785254399999,LINKUSDT:1h,SELL,-1,0,0.4121,8.36,8.37,miss
1785271199999,BTCUSDT:5m,BUY,1,0,0.5693,63905.99,64067.99,hit
1785272399999,BTCUSDT:30m,SELL,-1,0,0.4413,63905.99,64068.0,miss
1785272399999,BTCUSDT:1h,NEUTRAL,0,0,0.4639,63905.99,64067.99,na
1785283199999,BTCUSDT:1d,NEUTRAL,0,0,0.5003,63468.0,64068.0,na
1785271199999,ETHUSDT:5m,NEUTRAL,0,0,0.5442,1918.61,1925.62,na
1785272399999,ETHUSDT:30m,BUY,1,0,0.5653,1918.61,1925.82,hit
1785272399999,ETHUSDT:1h,NEUTRAL,0,0,0.4844,1918.61,1925.82,na
1785283199999,ETHUSDT:1d,BUY,1,0,0.5714,1881.61,1925.71,hit
1785271199999,SOLUSDT:5m,NEUTRAL,0,0,0.4583,74.13,74.05,na
1785272399999,SOLUSDT:30m,NEUTRAL,0,0,0.5085,74.14,74.05,na
1785272399999,SOLUSDT:1h,SELL,-1,0,0.4356,74.14,74.05,hit
1785283199999,SOLUSDT:1d,NEUTRAL,0,0,0.4625,73.15,74.05,na
1785271199999,BNBUSDT:5m,BUY,1,0,0.5693,570.99,572.26,hit
1785272399999,BNBUSDT:30m,BUY,1,0,0.5563,570.99,572.26,hit
1785272399999,BNBUSDT:1h,NEUTRAL,0,0,0.5485,570.98,572.27,na
1785283199999,BNBUSDT:1d,NEUTRAL,0,0,0.4822,565.08,572.27,na
1785271199999,XRPUSDT:5m,NEUTRAL,0,0,0.5435,1.0618,1.0745,na
1785272399999,XRPUSDT:30m,STRONG SELL,-1,1,0.3774,1.0618,1.0745,miss
1785272399999,XRPUSDT:1h,SELL,-1,0,0.4258,1.0618,1.0745,miss
1785283199999,XRPUSDT:1d,SELL,-1,0,0.3848,1.0548,1.0744,miss
1785271199999,DOGEUSDT:5m,NEUTRAL,0,0,0.4753,0.07072,0.07109,na
1785272399999,DOGEUSDT:30m,SELL,-1,0,0.384,0.07072,0.07109,miss
1785272399999,DOGEUSDT:1h,NEUTRAL,0,0,0.4798,0.07072,0.07109,na
1785283199999,DOGEUSDT:1d,NEUTRAL,0,0,0.4634,0.07009,0.07109,na
1785271199999,ADAUSDT:5m,SELL,-1,0,0.4152,0.1594,0.1629,miss
1785272399999,ADAUSDT:30m,NEUTRAL,0,0,0.5102,0.1594,0.1629,na
1785272399999,ADAUSDT:1h,NEUTRAL,0,0,0.4595,0.1593,0.1629,na
1785283199999,ADAUSDT:1d,NEUTRAL,0,0,0.4801,0.1566,0.1629,na
1785271199999,TRXUSDT:5m,STRONG SELL,-1,1,0.3472,0.3244,0.325,miss
1785272399999,TRXUSDT:30m,STRONG SELL,-1,1,0.3237,0.3244,0.325,miss
1785272399999,TRXUSDT:1h,SELL,-1,0,0.426,0.3244,0.325,miss
1785283199999,TRXUSDT:1d,NEUTRAL,0,0,0.5485,0.325,0.325,na
1785271199999,AVAXUSDT:5m,SELL,-1,0,0.4336,6.574,6.606,miss
1785272399999,AVAXUSDT:30m,NEUTRAL,0,0,0.4636,6.574,6.606,na
1785272399999,AVAXUSDT:1h,NEUTRAL,0,0,0.4907,6.574,6.606,na
1785283199999,AVAXUSDT:1d,NEUTRAL,0,0,0.4977,6.428,6.608,na
1785271199999,LINKUSDT:5m,SELL,-1,0,0.437,8.369,8.488,miss
1785272399999,LINKUSDT:30m,NEUTRAL,0,0,0.4971,8.369,8.488,na
1785272399999,LINKUSDT:1h,STRONG SELL,-1,1,0.2993,8.37,8.488,miss
1785283199999,LINKUSDT:1d,NEUTRAL,0,0,0.4959,8.306,8.488,na
1785283799999,BTCUSDT:5m,BUY,1,0,0.6176,64067.99,64660.38,hit
1785284999999,BTCUSDT:30m,NEUTRAL,0,0,0.4902,64068.0,64663.5,na
1785286799999,BTCUSDT:1h,SELL,-1,0,0.4436,64067.99,64663.51,miss
1785283799999,ETHUSDT:5m,BUY,1,0,0.5955,1925.62,1920.04,miss
1785284999999,ETHUSDT:30m,NEUTRAL,0,0,0.539,1925.82,1920.03,na
1785286799999,ETHUSDT:1h,NEUTRAL,0,0,0.471,1925.82,1920.03,na
1785283799999,SOLUSDT:5m,NEUTRAL,0,0,0.5144,74.05,74.04,na
1785284999999,SOLUSDT:30m,NEUTRAL,0,0,0.4711,74.05,74.05,na
1785286799999,SOLUSDT:1h,NEUTRAL,0,0,0.5236,74.05,74.06,na
1785283799999,BNBUSDT:5m,NEUTRAL,0,0,0.5214,572.26,572.74,na
1785284999999,BNBUSDT:30m,BUY,1,0,0.5786,572.26,572.74,hit
1785286799999,BNBUSDT:1h,BUY,1,0,0.5539,572.27,572.73,hit
1785283799999,XRPUSDT:5m,BUY,1,0,0.5849,1.0745,1.089,hit
1785284999999,XRPUSDT:30m,SELL,-1,0,0.4017,1.0745,1.089,miss
1785286799999,XRPUSDT:1h,NEUTRAL,0,0,0.4847,1.0745,1.0889,na
1785283799999,DOGEUSDT:5m,NEUTRAL,0,0,0.4988,0.07109,0.07079,na
1785284999999,DOGEUSDT:30m,NEUTRAL,0,0,0.4952,0.07109,0.07079,na
1785286799999,DOGEUSDT:1h,SELL,-1,0,0.413,0.07109,0.07078,hit
1785283799999,ADAUSDT:5m,NEUTRAL,0,0,0.5489,0.1629,0.1642,na
1785284999999,ADAUSDT:30m,NEUTRAL,0,0,0.4538,0.1629,0.1642,na
1785286799999,ADAUSDT:1h,NEUTRAL,0,0,0.4657,0.1629,0.1642,na
1785283799999,TRXUSDT:5m,STRONG SELL,-1,1,0.2183,0.325,0.3262,miss
1785284999999,TRXUSDT:30m,STRONG SELL,-1,1,0.3549,0.325,0.3263,miss
1785286799999,TRXUSDT:1h,SELL,-1,0,0.4165,0.325,0.3263,miss
1785283799999,AVAXUSDT:5m,NEUTRAL,0,0,0.4631,6.606,6.429,na
1785284999999,AVAXUSDT:30m,NEUTRAL,0,0,0.4775,6.606,6.429,na
1785286799999,AVAXUSDT:1h,NEUTRAL,0,0,0.4815,6.606,6.429,na
1785283799999,LINKUSDT:5m,NEUTRAL,0,0,0.4958,8.488,8.452,na
1785284999999,LINKUSDT:30m,NEUTRAL,0,0,0.515,8.488,8.451,na
1785286799999,LINKUSDT:1h,STRONG SELL,-1,1,0.3684,8.488,8.451,hit
1785320399999,BTCUSDT:5m,STRONG BUY,1,1,0.6962,64660.38,63905.15,miss
1785320999999,BTCUSDT:30m,NEUTRAL,0,0,0.4778,64663.5,63907.99,na
1785322799999,BTCUSDT:1h,NEUTRAL,0,0,0.4742,64663.51,63907.99,na
1785320399999,ETHUSDT:5m,BUY,1,0,0.5783,1920.04,1890.87,miss
1785320999999,ETHUSDT:30m,NEUTRAL,0,0,0.5185,1920.03,1890.88,na
1785322799999,ETHUSDT:1h,NEUTRAL,0,0,0.5093,1920.03,1890.86,na
1785320399999,SOLUSDT:5m,NEUTRAL,0,0,0.4962,74.04,72.96,na
1785320999999,SOLUSDT:30m,NEUTRAL,0,0,0.5148,74.05,72.97,na
1785322799999,SOLUSDT:1h,NEUTRAL,0,0,0.5025,74.06,72.97,na
1785320399999,BNBUSDT:5m,NEUTRAL,0,0,0.5299,572.74,567.57,na
1785320999999,BNBUSDT:30m,BUY,1,0,0.597,572.74,567.63,miss
1785322799999,BNBUSDT:1h,BUY,1,0,0.5602,572.73,567.64,miss
1785320399999,XRPUSDT:5m,NEUTRAL,0,0,0.4745,1.089,1.0667,na
1785320999999,XRPUSDT:30m,SELL,-1,0,0.4437,1.089,1.0666,hit
1785322799999,XRPUSDT:1h,NEUTRAL,0,0,0.4959,1.0889,1.0664,na
1785320399999,DOGEUSDT:5m,NEUTRAL,0,0,0.4574,0.07079,0.07006,na
1785320999999,DOGEUSDT:30m,NEUTRAL,0,0,0.4881,0.07079,0.07006,na
1785322799999,DOGEUSDT:1h,BUY,1,0,0.5942,0.07078,0.07006,miss
1785320399999,ADAUSDT:5m,SELL,-1,0,0.4016,0.1642,0.1629,hit
1785320999999,ADAUSDT:30m,SELL,-1,0,0.3983,0.1642,0.1629,hit
1785322799999,ADAUSDT:1h,NEUTRAL,0,0,0.4577,0.1642,0.1629,na
1785320399999,TRXUSDT:5m,NEUTRAL,0,0,0.465,0.3262,0.3263,na
1785320999999,TRXUSDT:30m,SELL,-1,0,0.3814,0.3263,0.3263,hit
1785322799999,TRXUSDT:1h,NEUTRAL,0,0,0.4643,0.3263,0.3263,na
1785320399999,AVAXUSDT:5m,NEUTRAL,0,0,0.4771,6.429,6.371,na
1785320999999,AVAXUSDT:30m,NEUTRAL,0,0,0.4925,6.429,6.371,na
1785322799999,AVAXUSDT:1h,NEUTRAL,0,0,0.5279,6.429,6.372,na
1785320399999,LINKUSDT:5m,SELL,-1,0,0.44,8.452,8.268,hit
1785320999999,LINKUSDT:30m,NEUTRAL,0,0,0.4906,8.451,8.268,na
1785322799999,LINKUSDT:1h,NEUTRAL,0,0,0.5012,8.451,8.269,na
1785341099999,BTCUSDT:5m,BUY,1,0,0.5853,63905.15,63686.16,miss
1785342599999,BTCUSDT:30m,SELL,-1,0,0.4437,63907.99,63686.16,hit
1785344399999,BTCUSDT:1h,NEUTRAL,0,0,0.5162,63907.99,63686.16,na
1785341099999,ETHUSDT:5m,BUY,1,0,0.5917,1890.87,1889.29,miss
1785342599999,ETHUSDT:30m,SELL,-1,0,0.4087,1890.88,1889.99,hit
1785344399999,ETHUSDT:1h,NEUTRAL,0,0,0.5278,1890.86,1890.09,na
1785341399999,SOLUSDT:5m,NEUTRAL,0,0,0.492,72.96,73.09,na
1785342599999,SOLUSDT:30m,NEUTRAL,0,0,0.4532,72.97,73.07,na
1785344399999,SOLUSDT:1h,NEUTRAL,0,0,0.5138,72.97,73.07,na
1785341399999,BNBUSDT:5m,NEUTRAL,0,0,0.5401,567.57,569.08,na
1785342599999,BNBUSDT:30m,NEUTRAL,0,0,0.5391,567.63,569.08,na
1785344399999,BNBUSDT:1h,BUY,1,0,0.5525,567.64,569.07,hit
1785341399999,XRPUSDT:5m,NEUTRAL,0,0,0.4723,1.0667,1.0699,na
1785342599999,XRPUSDT:30m,SELL,-1,0,0.4479,1.0666,1.0699,miss
1785344399999,XRPUSDT:1h,SELL,-1,0,0.4134,1.0664,1.0699,miss
1785341399999,DOGEUSDT:5m,NEUTRAL,0,0,0.5206,0.07006,0.06979,na
1785342599999,DOGEUSDT:30m,NEUTRAL,0,0,0.4847,0.07006,0.06979,na
1785344399999,DOGEUSDT:1h,NEUTRAL,0,0,0.5417,0.07006,0.06978,na
1785341399999,ADAUSDT:5m,STRONG SELL,-1,1,0.3702,0.1629,0.1639,miss
1785342599999,ADAUSDT:30m,NEUTRAL,0,0,0.524,0.1629,0.1639,na
1785344399999,ADAUSDT:1h,NEUTRAL,0,0,0.4528,0.1629,0.1639,na
1785341399999,TRXUSDT:5m,NEUTRAL,0,0,0.475,0.3263,0.3259,na
1785342599999,TRXUSDT:30m,STRONG SELL,-1,1,0.3646,0.3263,0.3259,hit
1785344399999,TRXUSDT:1h,NEUTRAL,0,0,0.4824,0.3263,0.3258,na
1785341399999,AVAXUSDT:5m,NEUTRAL,0,0,0.4638,6.371,6.379,na
1785342599999,AVAXUSDT:30m,NEUTRAL,0,0,0.4702,6.371,6.379,na
1785344399999,AVAXUSDT:1h,NEUTRAL,0,0,0.5261,6.372,6.379,na
1785341399999,LINKUSDT:5m,NEUTRAL,0,0,0.4801,8.268,8.247,na
1785342599999,LINKUSDT:30m,SELL,-1,0,0.4363,8.268,8.247,hit
1785344399999,LINKUSDT:1h,NEUTRAL,0,0,0.4891,8.269,8.247,na
1785356399999,BTCUSDT:5m,NEUTRAL,0,0,0.5375,63686.16,64044.04,na
1785356999999,BTCUSDT:30m,NEUTRAL,0,0,0.4855,63686.16,64052.43,na
1785358799999,BTCUSDT:1h,NEUTRAL,0,0,0.5103,63686.16,64052.44,na
1785356399999,ETHUSDT:5m,NEUTRAL,0,0,0.5346,1889.29,1912.82,na
1785356999999,ETHUSDT:30m,SELL,-1,0,0.4465,1889.99,1912.83,miss
1785358799999,ETHUSDT:1h,NEUTRAL,0,0,0.5029,1890.09,1912.83,na
1785356399999,SOLUSDT:5m,NEUTRAL,0,0,0.4607,73.09,73.74,na
1785356999999,SOLUSDT:30m,SELL,-1,0,0.4463,73.07,73.73,miss
1785358799999,SOLUSDT:1h,NEUTRAL,0,0,0.5235,73.07,73.72,na
1785356399999,BNBUSDT:5m,NEUTRAL,0,0,0.4738,569.08,572.33,na
1785356999999,BNBUSDT:30m,BUY,1,0,0.5528,569.08,572.33,hit
1785358799999,BNBUSDT:1h,BUY,1,0,0.5647,569.07,572.32,hit
1785356399999,XRPUSDT:5m,NEUTRAL,0,0,0.4658,1.0699,1.0749,na
1785356999999,XRPUSDT:30m,NEUTRAL,0,0,0.4802,1.0699,1.0748,na
1785358799999,XRPUSDT:1h,NEUTRAL,0,0,0.46,1.0699,1.0748,na
1785356399999,DOGEUSDT:5m,NEUTRAL,0,0,0.4943,0.06979,0.0702,na
1785356999999,DOGEUSDT:30m,SELL,-1,0,0.4459,0.06979,0.0702,miss
1785358799999,DOGEUSDT:1h,NEUTRAL,0,0,0.4923,0.06978,0.0702,na
1785356399999,ADAUSDT:5m,NEUTRAL,0,0,0.4907,0.1639,0.1624,na
1785356999999,ADAUSDT:30m,NEUTRAL,0,0,0.5155,0.1639,0.1624,na
1785358799999,ADAUSDT:1h,NEUTRAL,0,0,0.4783,0.1639,0.1624,na
1785356399999,TRXUSDT:5m,SELL,-1,0,0.3923,0.3259,0.3257,hit
1785356999999,TRXUSDT:30m,STRONG SELL,-1,1,0.3783,0.3259,0.3257,hit
1785358799999,TRXUSDT:1h,NEUTRAL,0,0,0.4826,0.3258,0.3257,na
1785356399999,AVAXUSDT:5m,NEUTRAL,0,0,0.4817,6.379,6.433,na
1785356999999,AVAXUSDT:30m,NEUTRAL,0,0,0.4852,6.379,6.433,na
1785358799999,AVAXUSDT:1h,NEUTRAL,0,0,0.4919,6.379,6.433,na
1785356399999,LINKUSDT:5m,NEUTRAL,0,0,0.4919,8.247,8.341,na
1785356999999,LINKUSDT:30m,SELL,-1,0,0.447,8.247,8.341,miss
1785358799999,LINKUSDT:1h,NEUTRAL,0,0,0.5084,8.247,8.341,na
1785368999999,BTCUSDT:5m,NEUTRAL,0,0,0.5295,64044.04,64019.95,na
1785369599999,BTCUSDT:30m,NEUTRAL,0,0,0.461,64052.43,64019.95,na
1785369599999,BTCUSDT:1h,SELL,-1,0,0.4007,64052.44,64014.05,hit
1785369599999,BTCUSDT:1d,NEUTRAL,0,0,0.496,64068.0,64014.05,na
1785368999999,ETHUSDT:5m,NEUTRAL,0,0,0.5297,1912.82,1903.34,na
1785369599999,ETHUSDT:30m,SELL,-1,0,0.3965,1912.83,1903.29,hit
1785369599999,ETHUSDT:1h,NEUTRAL,0,0,0.5341,1912.83,1903.29,na
1785369599999,ETHUSDT:1d,NEUTRAL,0,0,0.5484,1925.71,1903.29,na
1785368999999,SOLUSDT:5m,NEUTRAL,0,0,0.4997,73.74,73.41,na
1785369599999,SOLUSDT:30m,NEUTRAL,0,0,0.4929,73.73,73.41,na
1785369599999,SOLUSDT:1h,NEUTRAL,0,0,0.5302,73.72,73.41,na
1785369599999,SOLUSDT:1d,NEUTRAL,0,0,0.4696,74.05,73.41,na
1785368999999,BNBUSDT:5m,NEUTRAL,0,0,0.5389,572.33,574.66,na
1785369599999,BNBUSDT:30m,BUY,1,0,0.5734,572.33,574.66,hit
1785369599999,BNBUSDT:1h,BUY,1,0,0.5981,572.32,574.66,hit
1785369599999,BNBUSDT:1d,NEUTRAL,0,0,0.4807,572.27,574.65,na
1785368999999,XRPUSDT:5m,SELL,-1,0,0.448,1.0749,1.0767,miss
1785369599999,XRPUSDT:30m,NEUTRAL,0,0,0.4594,1.0748,1.0766,na
1785369599999,XRPUSDT:1h,NEUTRAL,0,0,0.5059,1.0748,1.0766,na
1785369599999,XRPUSDT:1d,SELL,-1,0,0.3808,1.0744,1.0766,miss
1785368999999,DOGEUSDT:5m,NEUTRAL,0,0,0.4827,0.0702,0.06978,na
1785369599999,DOGEUSDT:30m,SELL,-1,0,0.4323,0.0702,0.0698,hit
1785369599999,DOGEUSDT:1h,NEUTRAL,0,0,0.5202,0.0702,0.0698,na
1785369599999,DOGEUSDT:1d,STRONG SELL,-1,1,0.3292,0.07109,0.0698,hit
1785368999999,ADAUSDT:5m,NEUTRAL,0,0,0.4673,0.1624,0.1633,na
1785369599999,ADAUSDT:30m,NEUTRAL,0,0,0.4872,0.1624,0.1633,na
1785369599999,ADAUSDT:1h,NEUTRAL,0,0,0.5096,0.1624,0.1633,na
1785369599999,ADAUSDT:1d,NEUTRAL,0,0,0.5036,0.1629,0.1633,na
1785368999999,TRXUSDT:5m,BUY,1,0,0.5985,0.3257,0.3278,hit
1785369599999,TRXUSDT:30m,STRONG SELL,-1,1,0.3594,0.3257,0.3278,miss
1785369599999,TRXUSDT:1h,SELL,-1,0,0.393,0.3257,0.3278,miss
1785369599999,TRXUSDT:1d,NEUTRAL,0,0,0.5072,0.325,0.3278,na
1785368999999,AVAXUSDT:5m,NEUTRAL,0,0,0.4699,6.433,6.424,na
1785369599999,AVAXUSDT:30m,NEUTRAL,0,0,0.5138,6.433,6.424,na
1785369599999,AVAXUSDT:1h,NEUTRAL,0,0,0.5381,6.433,6.424,na
1785369599999,AVAXUSDT:1d,NEUTRAL,0,0,0.5017,6.608,6.423,na
1785368999999,LINKUSDT:5m,NEUTRAL,0,0,0.5007,8.341,8.292,na
1785369599999,LINKUSDT:30m,NEUTRAL,0,0,0.5113,8.341,8.292,na
1785369599999,LINKUSDT:1h,NEUTRAL,0,0,0.5267,8.341,8.292,na
1785369599999,LINKUSDT:1d,NEUTRAL,0,0,0.5155,8.488,8.292,na
1785398399999,BTCUSDT:5m,BUY,1,0,0.5734,64019.95,64640.93,hit
1785398399999,BTCUSDT:30m,SELL,-1,0,0.4416,64019.95,64640.94,miss
1785398399999,BTCUSDT:1h,STRONG SELL,-1,1,0.3774,64014.05,64640.94,miss
1785398399999,ETHUSDT:5m,SELL,-1,0,0.4491,1903.34,1916.23,miss
1785398399999,ETHUSDT:30m,STRONG SELL,-1,1,0.3595,1903.29,1916.22,miss
1785398399999,ETHUSDT:1h,BUY,1,0,0.5543,1903.29,1916.23,hit
1785398399999,SOLUSDT:5m,NEUTRAL,0,0,0.479,73.41,74.53,na
1785398399999,SOLUSDT:30m,NEUTRAL,0,0,0.4745,73.41,74.54,na
1785398399999,SOLUSDT:1h,NEUTRAL,0,0,0.5287,73.41,74.55,na
1785398399999,BNBUSDT:5m,NEUTRAL,0,0,0.5264,574.66,589.37,na
1785398399999,BNBUSDT:30m,BUY,1,0,0.5736,574.66,589.41,hit
1785398399999,BNBUSDT:1h,BUY,1,0,0.5563,574.66,589.41,hit
1785398399999,XRPUSDT:5m,NEUTRAL,0,0,0.4693,1.0767,1.0924,na
1785398399999,XRPUSDT:30m,SELL,-1,0,0.4497,1.0766,1.0924,miss
1785398399999,XRPUSDT:1h,SELL,-1,0,0.44,1.0766,1.0924,miss
1785398399999,DOGEUSDT:5m,NEUTRAL,0,0,0.4651,0.06978,0.07027,na
1785398399999,DOGEUSDT:30m,BUY,1,0,0.5889,0.0698,0.07027,hit
1785398399999,DOGEUSDT:1h,NEUTRAL,0,0,0.477,0.0698,0.07028,na
1785398399999,ADAUSDT:5m,SELL,-1,0,0.4275,0.1633,0.1732,miss
1785398399999,ADAUSDT:30m,NEUTRAL,0,0,0.5021,0.1633,0.1732,na
1785398399999,ADAUSDT:1h,NEUTRAL,0,0,0.5079,0.1633,0.1731,na
1785398699999,TRXUSDT:5m,STRONG SELL,-1,1,0.3075,0.3278,0.3293,miss
1785400199999,TRXUSDT:30m,STRONG SELL,-1,1,0.3785,0.3278,0.3293,miss
1785401999999,TRXUSDT:1h,NEUTRAL,0,0,0.4578,0.3278,0.3293,na
1785398399999,AVAXUSDT:5m,STRONG SELL,-1,1,0.3795,6.424,6.451,miss
1785398399999,AVAXUSDT:30m,NEUTRAL,0,0,0.5169,6.424,6.451,na
1785398399999,AVAXUSDT:1h,SELL,-1,0,0.4218,6.424,6.451,miss
1785398699999,LINKUSDT:5m,NEUTRAL,0,0,0.5028,8.292,8.467,na
1785400199999,LINKUSDT:30m,STRONG SELL,-1,1,0.2856,8.292,8.467,miss
1785401999999,LINKUSDT:1h,SELL,-1,0,0.4207,8.292,8.468,miss
1785425699999,BTCUSDT:5m,BUY,1,0,0.5643,64640.93,64873.99,hit
1785427199999,BTCUSDT:30m,NEUTRAL,0,0,0.4656,64640.94,64873.99,na
1785427199999,BTCUSDT:1h,NEUTRAL,0,0,0.4808,64640.94,64873.99,na
1785425699999,ETHUSDT:5m,NEUTRAL,0,0,0.4568,1916.23,1924.91,na
1785427199999,ETHUSDT:30m,STRONG SELL,-1,1,0.3265,1916.22,1924.91,miss
1785427199999,ETHUSDT:1h,BUY,1,0,0.551,1916.23,1924.91,hit
1785425699999,SOLUSDT:5m,SELL,-1,0,0.4255,74.53,74.68,miss
1785427199999,SOLUSDT:30m,NEUTRAL,0,0,0.5318,74.54,74.68,na
1785427199999,SOLUSDT:1h,NEUTRAL,0,0,0.5424,74.55,74.68,na
1785425699999,BNBUSDT:5m,NEUTRAL,0,0,0.4949,589.37,593.18,na
1785427199999,BNBUSDT:30m,BUY,1,0,0.5552,589.41,593.19,hit
1785427199999,BNBUSDT:1h,BUY,1,0,0.573,589.41,593.19,hit
1785425699999,XRPUSDT:5m,NEUTRAL,0,0,0.4843,1.0924,1.0879,na
1785427199999,XRPUSDT:30m,NEUTRAL,0,0,0.4533,1.0924,1.088,na
1785427199999,XRPUSDT:1h,NEUTRAL,0,0,0.4852,1.0924,1.088,na
1785425699999,DOGEUSDT:5m,NEUTRAL,0,0,0.4925,0.07027,0.07074,na
1785427199999,DOGEUSDT:30m,STRONG SELL,-1,1,0.3315,0.07027,0.07074,miss
1785427199999,DOGEUSDT:1h,NEUTRAL,0,0,0.5184,0.07028,0.07074,na
1785425999999,ADAUSDT:5m,NEUTRAL,0,0,0.4612,0.1732,0.1719,na
1785427199999,ADAUSDT:30m,NEUTRAL,0,0,0.5293,0.1732,0.172,na
1785427199999,ADAUSDT:1h,NEUTRAL,0,0,0.5412,0.1731,0.172,na
1785425999999,TRXUSDT:5m,STRONG SELL,-1,1,0.2683,0.3293,0.3291,hit
1785427199999,TRXUSDT:30m,STRONG SELL,-1,1,0.3787,0.3293,0.3291,hit
1785427199999,TRXUSDT:1h,STRONG SELL,-1,1,0.3715,0.3293,0.3291,hit
1785425999999,AVAXUSDT:5m,SELL,-1,0,0.4017,6.451,6.466,miss
1785427199999,AVAXUSDT:30m,NEUTRAL,0,0,0.5012,6.451,6.466,na
1785427199999,AVAXUSDT:1h,NEUTRAL,0,0,0.5301,6.451,6.466,na
1785425999999,LINKUSDT:5m,SELL,-1,0,0.4438,8.467,8.473,miss
1785427199999,LINKUSDT:30m,STRONG SELL,-1,1,0.3656,8.467,8.473,miss
1785427199999,LINKUSDT:1h,NEUTRAL,0,0,0.5254,8.468,8.474,na
1785443099999,BTCUSDT:5m,BUY,1,0,0.5747,64873.99,64839.99,miss
1785443399999,BTCUSDT:30m,NEUTRAL,0,0,0.4944,64873.99,64845.99,na
1785445199999,BTCUSDT:1h,NEUTRAL,0,0,0.5282,64873.99,64845.99,na
1785443099999,ETHUSDT:5m,NEUTRAL,0,0,0.4922,1924.91,1924.25,na
1785443399999,ETHUSDT:30m,NEUTRAL,0,0,0.517,1924.91,1924.25,na
1785445199999,ETHUSDT:1h,BUY,1,0,0.5757,1924.91,1924.26,miss
1785443099999,SOLUSDT:5m,NEUTRAL,0,0,0.489,74.68,74.71,na
1785443399999,SOLUSDT:30m,SELL,-1,0,0.439,74.68,74.7,miss
1785445199999,SOLUSDT:1h,BUY,1,0,0.5597,74.68,74.7,hit
1785443099999,BNBUSDT:5m,SELL,-1,0,0.4466,593.18,592.66,hit
1785443399999,BNBUSDT:30m,NEUTRAL,0,0,0.5444,593.19,592.66,na
1785445199999,BNBUSDT:1h,BUY,1,0,0.5759,593.19,592.66,miss
1785443099999,XRPUSDT:5m,NEUTRAL,0,0,0.4624,1.0879,1.0848,na
1785443399999,XRPUSDT:30m,NEUTRAL,0,0,0.457,1.088,1.0848,na
1785445199999,XRPUSDT:1h,NEUTRAL,0,0,0.4618,1.088,1.0848,na
1785443099999,DOGEUSDT:5m,BUY,1,0,0.5652,0.07074,0.07064,miss
1785443399999,DOGEUSDT:30m,NEUTRAL,0,0,0.4982,0.07074,0.07064,na
1785445199999,DOGEUSDT:1h,NEUTRAL,0,0,0.5389,0.07074,0.07064,na
1785443099999,ADAUSDT:5m,NEUTRAL,0,0,0.4704,0.1719,0.17,na
1785443399999,ADAUSDT:30m,NEUTRAL,0,0,0.5197,0.172,0.17,na
1785445199999,ADAUSDT:1h,NEUTRAL,0,0,0.5392,0.172,0.1702,na
1785443099999,TRXUSDT:5m,STRONG SELL,-1,1,0.3006,0.3291,0.3287,hit
1785443399999,TRXUSDT:30m,SELL,-1,0,0.4328,0.3291,0.3287,hit
1785445199999,TRXUSDT:1h,SELL,-1,0,0.3908,0.3291,0.3287,hit
1785443099999,AVAXUSDT:5m,NEUTRAL,0,0,0.476,6.466,6.451,na
1785443399999,AVAXUSDT:30m,NEUTRAL,0,0,0.5166,6.466,6.451,na
1785445199999,AVAXUSDT:1h,NEUTRAL,0,0,0.4879,6.466,6.451,na
1785443099999,LINKUSDT:5m,NEUTRAL,0,0,0.5225,8.473,8.476,na
1785443399999,LINKUSDT:30m,SELL,-1,0,0.403,8.473,8.476,miss
1785445199999,LINKUSDT:1h,NEUTRAL,0,0,0.5215,8.474,8.476,na
1785455399999,BTCUSDT:5m,NEUTRAL,0,0,0.5059,64839.99,63688.67,na
1785455999999,BTCUSDT:30m,NEUTRAL,0,0,0.5095,64845.99,63688.68,na
1785455999999,BTCUSDT:1h,NEUTRAL,0,0,0.5097,64845.99,63688.68,na
1785455999999,BTCUSDT:1d,NEUTRAL,0,0,0.4957,64014.05,63684.01,na
1785455399999,ETHUSDT:5m,NEUTRAL,0,0,0.4948,1924.25,1882.2,na
1785455999999,ETHUSDT:30m,NEUTRAL,0,0,0.454,1924.25,1882.1,na
1785455999999,ETHUSDT:1h,BUY,1,0,0.582,1924.26,1882.09,miss
1785455999999,ETHUSDT:1d,NEUTRAL,0,0,0.4574,1903.29,1882.1,na
1785455399999,SOLUSDT:5m,NEUTRAL,0,0,0.4679,74.71,73.45,na
1785455999999,SOLUSDT:30m,NEUTRAL,0,0,0.4807,74.7,73.44,na
1785455999999,SOLUSDT:1h,BUY,1,0,0.5733,74.7,73.44,miss
1785455999999,SOLUSDT:1d,SELL,-1,0,0.4372,73.41,73.44,miss
1785455399999,BNBUSDT:5m,NEUTRAL,0,0,0.5477,592.66,589.98,na
1785455999999,BNBUSDT:30m,BUY,1,0,0.6191,592.66,590.05,miss
1785455999999,BNBUSDT:1h,BUY,1,0,0.5723,592.66,590.06,miss
1785455999999,BNBUSDT:1d,NEUTRAL,0,0,0.4996,574.65,590.06,na
1785455399999,XRPUSDT:5m,NEUTRAL,0,0,0.5112,1.0848,1.0714,na
1785455999999,XRPUSDT:30m,NEUTRAL,0,0,0.485,1.0848,1.0714,na
1785455999999,XRPUSDT:1h,NEUTRAL,0,0,0.4723,1.0848,1.0714,na
1785455999999,XRPUSDT:1d,SELL,-1,0,0.3949,1.0766,1.0714,hit
1785455399999,DOGEUSDT:5m,NEUTRAL,0,0,0.5132,0.07064,0.06935,na
1785455999999,DOGEUSDT:30m,NEUTRAL,0,0,0.5329,0.07064,0.06935,na
1785455999999,DOGEUSDT:1h,NEUTRAL,0,0,0.5479,0.07064,0.06935,na
1785455999999,DOGEUSDT:1d,SELL,-1,0,0.4199,0.0698,0.06935,hit
1785455399999,ADAUSDT:5m,SELL,-1,0,0.4331,0.17,0.1689,hit
1785455999999,ADAUSDT:30m,SELL,-1,0,0.4257,0.17,0.1689,hit
1785455999999,ADAUSDT:1h,NEUTRAL,0,0,0.4713,0.1702,0.1689,na
1785455999999,ADAUSDT:1d,SELL,-1,0,0.4335,0.1633,0.1689,miss
1785455399999,TRXUSDT:5m,STRONG SELL,-1,1,0.3697,0.3287,0.328,hit
1785455999999,TRXUSDT:30m,NEUTRAL,0,0,0.5154,0.3287,0.328,na
1785455999999,TRXUSDT:1h,STRONG SELL,-1,1,0.3216,0.3287,0.328,hit
1785455999999,TRXUSDT:1d,NEUTRAL,0,0,0.5464,0.3278,0.328,na
1785455399999,AVAXUSDT:5m,NEUTRAL,0,0,0.4928,6.451,6.419,na
1785455999999,AVAXUSDT:30m,NEUTRAL,0,0,0.5222,6.451,6.419,na
1785455999999,AVAXUSDT:1h,SELL,-1,0,0.4477,6.451,6.419,hit
1785455999999,AVAXUSDT:1d,NEUTRAL,0,0,0.4781,6.423,6.419,na
1785455399999,LINKUSDT:5m,NEUTRAL,0,0,0.5183,8.476,8.233,na
1785455999999,LINKUSDT:30m,NEUTRAL,0,0,0.5121,8.476,8.233,na
1785455999999,LINKUSDT:1h,NEUTRAL,0,0,0.5219,8.476,8.233,na
1785455999999,LINKUSDT:1d,NEUTRAL,0,0,0.4991,8.292,8.233,na
1785492299999,BTCUSDT:5m,STRONG SELL,-1,1,0.3309,63688.67,62920.0,hit
1785493799999,BTCUSDT:30m,NEUTRAL,0,0,0.4503,63688.68,62917.24,na
1785495599999,BTCUSDT:1h,NEUTRAL,0,0,0.5183,63688.68,62917.24,na
1785492299999,ETHUSDT:5m,STRONG SELL,-1,1,0.3279,1882.2,1865.6,hit
1785493799999,ETHUSDT:30m,STRONG SELL,-1,1,0.3746,1882.1,1865.48,hit
1785495599999,ETHUSDT:1h,BUY,1,0,0.5592,1882.09,1865.48,miss
1785492299999,SOLUSDT:5m,SELL,-1,0,0.4411,73.45,73.21,hit
1785493799999,SOLUSDT:30m,NEUTRAL,0,0,0.5016,73.44,73.21,na
1785495599999,SOLUSDT:1h,NEUTRAL,0,0,0.5286,73.44,73.21,na
1785492299999,BNBUSDT:5m,NEUTRAL,0,0,0.4727,589.98,586.64,na
1785493799999,BNBUSDT:30m,STRONG BUY,1,1,0.6789,590.05,586.65,miss
1785495599999,BNBUSDT:1h,NEUTRAL,0,0,0.5376,590.06,586.63,na
1785492299999,XRPUSDT:5m,NEUTRAL,0,0,0.4625,1.0714,1.0611,na
1785493799999,XRPUSDT:30m,NEUTRAL,0,0,0.4669,1.0714,1.0611,na
1785495599999,XRPUSDT:1h,SELL,-1,0,0.4289,1.0714,1.061,hit
1785492299999,DOGEUSDT:5m,NEUTRAL,0,0,0.4569,0.06935,0.06928,na
1785493799999,DOGEUSDT:30m,NEUTRAL,0,0,0.5029,0.06935,0.06928,na
1785495599999,DOGEUSDT:1h,NEUTRAL,0,0,0.5037,0.06935,0.06928,na
1785492299999,ADAUSDT:5m,SELL,-1,0,0.3993,0.1689,0.1693,miss
1785493799999,ADAUSDT:30m,BUY,1,0,0.5573,0.1689,0.1693,hit
1785495599999,ADAUSDT:1h,NEUTRAL,0,0,0.5492,0.1689,0.1693,na
1785492299999,TRXUSDT:5m,STRONG SELL,-1,1,0.3749,0.328,0.3265,hit
1785493799999,TRXUSDT:30m,SELL,-1,0,0.4095,0.328,0.3265,hit
1785495599999,TRXUSDT:1h,NEUTRAL,0,0,0.5274,0.328,0.3265,na
1785492299999,AVAXUSDT:5m,NEUTRAL,0,0,0.4826,6.419,6.418,na
1785493799999,AVAXUSDT:30m,NEUTRAL,0,0,0.4849,6.419,6.418,na
1785495599999,AVAXUSDT:1h,NEUTRAL,0,0,0.4793,6.419,6.418,na
1785492299999,LINKUSDT:5m,SELL,-1,0,0.3945,8.233,8.119,hit
1785493799999,LINKUSDT:30m,NEUTRAL,0,0,0.4986,8.233,8.119,na
1785495599999,LINKUSDT:1h,NEUTRAL,0,0,0.5239,8.233,8.119,na
1785515099999,BTCUSDT:5m,SELL,-1,0,0.4156,62920.0,62976.01,miss
1785515399999,BTCUSDT:30m,NEUTRAL,0,0,0.4729,62917.24,62976.01,na
1785517199999,BTCUSDT:1h,NEUTRAL,0,0,0.4956,62917.24,62976.01,na
1785515399999,ETHUSDT:5m,STRONG SELL,-1,1,0.3006,1865.6,1864.36,hit
1785515399999,ETHUSDT:30m,NEUTRAL,0,0,0.4804,1865.48,1864.37,na
1785517199999,ETHUSDT:1h,NEUTRAL,0,0,0.5256,1865.48,1864.37,na
1785515399999,SOLUSDT:5m,SELL,-1,0,0.4225,73.21,72.98,hit
1785515399999,SOLUSDT:30m,NEUTRAL,0,0,0.5012,73.21,72.98,na
1785517199999,SOLUSDT:1h,NEUTRAL,0,0,0.5169,73.21,72.98,na
1785515399999,BNBUSDT:5m,NEUTRAL,0,0,0.4557,586.64,587.54,na
1785515399999,BNBUSDT:30m,BUY,1,0,0.5758,586.65,587.54,hit
1785517199999,BNBUSDT:1h,NEUTRAL,0,0,0.5285,586.63,587.54,na
1785515399999,XRPUSDT:5m,SELL,-1,0,0.4171,1.0611,1.0632,miss
1785515399999,XRPUSDT:30m,NEUTRAL,0,0,0.4604,1.0611,1.0632,na
1785517199999,XRPUSDT:1h,SELL,-1,0,0.4311,1.061,1.0632,miss
1785515399999,DOGEUSDT:5m,NEUTRAL,0,0,0.4879,0.06928,0.06959,na
1785515399999,DOGEUSDT:30m,NEUTRAL,0,0,0.4824,0.06928,0.06959,na
1785517199999,DOGEUSDT:1h,NEUTRAL,0,0,0.4958,0.06928,0.06959,na
1785515399999,ADAUSDT:5m,SELL,-1,0,0.4287,0.1693,0.169,hit
1785515399999,ADAUSDT:30m,NEUTRAL,0,0,0.5025,0.1693,0.169,na
1785517199999,ADAUSDT:1h,NEUTRAL,0,0,0.5072,0.1693,0.169,na
1785515399999,TRXUSDT:5m,STRONG SELL,-1,1,0.3484,0.3265,0.3262,hit
1785515399999,TRXUSDT:30m,NEUTRAL,0,0,0.4563,0.3265,0.3263,na
1785517199999,TRXUSDT:1h,NEUTRAL,0,0,0.5157,0.3265,0.3263,na
1785515399999,AVAXUSDT:5m,NEUTRAL,0,0,0.5238,6.418,6.416,na
1785515399999,AVAXUSDT:30m,NEUTRAL,0,0,0.4959,6.418,6.416,na
1785517199999,AVAXUSDT:1h,BUY,1,0,0.5563,6.418,6.416,miss
1785515399999,LINKUSDT:5m,SELL,-1,0,0.4243,8.119,8.162,miss
1785515399999,LINKUSDT:30m,NEUTRAL,0,0,0.5101,8.119,8.16,na
1785517199999,LINKUSDT:1h,NEUTRAL,0,0,0.5075,8.119,8.16,na
1785531299999,BTCUSDT:5m,SELL,-1,0,0.4203,62976.01,62967.19,hit
1785531599999,BTCUSDT:30m,NEUTRAL,0,0,0.4657,62976.01,62967.19,na
1785531599999,BTCUSDT:1h,NEUTRAL,0,0,0.4899,62976.01,62967.19,na
1785542399999,BTCUSDT:1d,NEUTRAL,0,0,0.5203,63684.01,62967.19,na
1785531299999,ETHUSDT:5m,NEUTRAL,0,0,0.5214,1864.36,1865.35,na
1785531599999,ETHUSDT:30m,SELL,-1,0,0.4077,1864.37,1865.24,miss
1785531599999,ETHUSDT:1h,NEUTRAL,0,0,0.5301,1864.37,1865.24,na
1785542399999,ETHUSDT:1d,NEUTRAL,0,0,0.5245,1882.1,1865.24,na
1785531299999,SOLUSDT:5m,NEUTRAL,0,0,0.4831,72.98,72.95,na
1785531599999,SOLUSDT:30m,NEUTRAL,0,0,0.489,72.98,72.95,na
1785531599999,SOLUSDT:1h,NEUTRAL,0,0,0.5033,72.98,72.96,na
1785542399999,SOLUSDT:1d,SELL,-1,0,0.4301,73.44,72.96,hit
1785531299999,BNBUSDT:5m,SELL,-1,0,0.4141,587.54,587.93,miss
1785531599999,BNBUSDT:30m,NEUTRAL,0,0,0.5426,587.54,587.93,na
1785531599999,BNBUSDT:1h,NEUTRAL,0,0,0.544,587.54,587.93,na
1785542399999,BNBUSDT:1d,NEUTRAL,0,0,0.4761,590.06,587.93,na
1785531299999,XRPUSDT:5m,SELL,-1,0,0.4425,1.0632,1.063,hit
1785531599999,XRPUSDT:30m,NEUTRAL,0,0,0.4602,1.0632,1.063,na
1785531599999,XRPUSDT:1h,SELL,-1,0,0.4178,1.0632,1.063,hit
1785542399999,XRPUSDT:1d,NEUTRAL,0,0,0.5352,1.0714,1.063,na
1785531299999,DOGEUSDT:5m,NEUTRAL,0,0,0.4991,0.06959,0.06967,na
1785531599999,DOGEUSDT:30m,STRONG SELL,-1,1,0.3256,0.06959,0.06967,miss
1785531599999,DOGEUSDT:1h,NEUTRAL,0,0,0.5087,0.06959,0.06967,na
1785542399999,DOGEUSDT:1d,NEUTRAL,0,0,0.4802,0.06935,0.06967,na
1785531299999,ADAUSDT:5m,SELL,-1,0,0.4435,0.169,0.1687,hit
1785531599999,ADAUSDT:30m,NEUTRAL,0,0,0.4704,0.169,0.1687,na
1785531599999,ADAUSDT:1h,NEUTRAL,0,0,0.4913,0.169,0.1687,na
1785542399999,ADAUSDT:1d,SELL,-1,0,0.4267,0.1689,0.1687,hit
1785531299999,TRXUSDT:5m,NEUTRAL,0,0,0.453,0.3262,0.3261,na
1785531599999,TRXUSDT:30m,SELL,-1,0,0.4468,0.3263,0.3261,hit
1785531599999,TRXUSDT:1h,SELL,-1,0,0.4031,0.3263,0.3261,hit
1785542399999,TRXUSDT:1d,NEUTRAL,0,0,0.4799,0.328,0.3261,na
1785531299999,AVAXUSDT:5m,NEUTRAL,0,0,0.4799,6.416,6.398,na
1785531599999,AVAXUSDT:30m,NEUTRAL,0,0,0.4786,6.416,6.398,na
1785531599999,AVAXUSDT:1h,SELL,-1,0,0.4447,6.416,6.398,hit
1785542399999,AVAXUSDT:1d,NEUTRAL,0,0,0.468,6.419,6.398,na
1785531299999,LINKUSDT:5m,NEUTRAL,0,0,0.4932,8.162,8.19,na
1785531599999,LINKUSDT:30m,NEUTRAL,0,0,0.5042,8.16,8.19,na
1785531599999,LINKUSDT:1h,SELL,-1,0,0.4497,8.16,8.19,miss
1785542399999,LINKUSDT:1d,BUY,1,0,0.5577,8.233,8.19,miss
1785543299999,BTCUSDT:5m,NEUTRAL,0,0,0.5287,62967.19,63102.51,na
1785544199999,BTCUSDT:30m,NEUTRAL,0,0,0.4754,62967.19,63102.5,na
1785545999999,BTCUSDT:1h,NEUTRAL,0,0,0.4904,62967.19,63102.5,na
1785543299999,ETHUSDT:5m,STRONG SELL,-1,1,0.3711,1865.35,1867.74,miss
1785544199999,ETHUSDT:30m,NEUTRAL,0,0,0.4698,1865.24,1867.74,na
1785545999999,ETHUSDT:1h,NEUTRAL,0,0,0.5114,1865.24,1867.74,na
1785543299999,SOLUSDT:5m,NEUTRAL,0,0,0.5357,72.95,72.99,na
1785544199999,SOLUSDT:30m,NEUTRAL,0,0,0.4946,72.95,72.99,na
1785545999999,SOLUSDT:1h,NEUTRAL,0,0,0.5035,72.96,72.99,na
1785543299999,BNBUSDT:5m,NEUTRAL,0,0,0.4807,587.93,586.85,na
1785544199999,BNBUSDT:30m,BUY,1,0,0.5522,587.93,586.86,miss
1785545999999,BNBUSDT:1h,NEUTRAL,0,0,0.5403,587.93,586.86,na
1785543299999,XRPUSDT:5m,NEUTRAL,0,0,0.4893,1.063,1.0621,na
1785544199999,XRPUSDT:30m,NEUTRAL,0,0,0.4569,1.063,1.0621,na
1785545999999,XRPUSDT:1h,SELL,-1,0,0.4286,1.063,1.0622,hit
1785543299999,DOGEUSDT:5m,NEUTRAL,0,0,0.4707,0.06967,0.06986,na
1785544199999,DOGEUSDT:30m,SELL,-1,0,0.4319,0.06967,0.06986,miss
1785545999999,DOGEUSDT:1h,NEUTRAL,0,0,0.5127,0.06967,0.06986,na
1785543299999,ADAUSDT:5m,SELL,-1,0,0.4331,0.1687,0.1727,miss
1785544199999,ADAUSDT:30m,STRONG SELL,-1,1,0.3799,0.1687,0.1727,miss
1785545999999,ADAUSDT:1h,NEUTRAL,0,0,0.5485,0.1687,0.1727,na
1785543299999,TRXUSDT:5m,STRONG SELL,-1,1,0.3757,0.3261,0.3277,miss
1785544199999,TRXUSDT:30m,STRONG SELL,-1,1,0.374,0.3261,0.3277,miss
1785545999999,TRXUSDT:1h,SELL,-1,0,0.3877,0.3261,0.3277,miss
1785543299999,AVAXUSDT:5m,NEUTRAL,0,0,0.4599,6.398,6.376,na
1785544199999,AVAXUSDT:30m,NEUTRAL,0,0,0.4854,6.398,6.376,na
1785545999999,AVAXUSDT:1h,NEUTRAL,0,0,0.4788,6.398,6.376,na
1785543299999,LINKUSDT:5m,NEUTRAL,0,0,0.5299,8.19,8.125,na
1785544199999,LINKUSDT:30m,NEUTRAL,0,0,0.4836,8.19,8.125,na
1785545999999,LINKUSDT:1h,NEUTRAL,0,0,0.4807,8.19,8.124,na
1785573899999,BTCUSDT:5m,NEUTRAL,0,0,0.5311,63102.51,63111.12,na
1785574799999,BTCUSDT:30m,NEUTRAL,0,0,0.473,63102.5,63111.11,na
1785574799999,BTCUSDT:1h,NEUTRAL,0,0,0.4816,63102.5,63111.12,na
1785573899999,ETHUSDT:5m,NEUTRAL,0,0,0.4541,1867.74,1867.98,na
1785574799999,ETHUSDT:30m,SELL,-1,0,0.4212,1867.74,1867.98,miss
1785574799999,ETHUSDT:1h,NEUTRAL,0,0,0.5232,1867.74,1867.99,na
1785573899999,SOLUSDT:5m,NEUTRAL,0,0,0.5029,72.99,72.87,na
1785574799999,SOLUSDT:30m,NEUTRAL,0,0,0.5331,72.99,72.88,na
1785574799999,SOLUSDT:1h,NEUTRAL,0,0,0.5109,72.99,72.87,na
1785573899999,BNBUSDT:5m,NEUTRAL,0,0,0.4533,586.85,578.91,na
1785574799999,BNBUSDT:30m,BUY,1,0,0.5793,586.86,578.93,miss
1785574799999,BNBUSDT:1h,NEUTRAL,0,0,0.5268,586.86,579.11,na
1785573899999,XRPUSDT:5m,NEUTRAL,0,0,0.4853,1.0621,1.0634,na
1785574799999,XRPUSDT:30m,NEUTRAL,0,0,0.4562,1.0621,1.0634,na
1785574799999,XRPUSDT:1h,SELL,-1,0,0.3985,1.0622,1.0634,miss
1785573899999,DOGEUSDT:5m,NEUTRAL,0,0,0.4551,0.06986,0.06988,na
1785574799999,DOGEUSDT:30m,BUY,1,0,0.5906,0.06986,0.06987,hit
1785574799999,DOGEUSDT:1h,NEUTRAL,0,0,0.4796,0.06986,0.06987,na
1785573899999,ADAUSDT:5m,NEUTRAL,0,0,0.4769,0.1727,0.1729,na
1785574799999,ADAUSDT:30m,NEUTRAL,0,0,0.4897,0.1727,0.1728,na
1785574799999,ADAUSDT:1h,NEUTRAL,0,0,0.5263,0.1727,0.1728,na
1785573899999,TRXUSDT:5m,STRONG SELL,-1,1,0.3749,0.3277,0.3276,hit
1785574799999,TRXUSDT:30m,BUY,1,0,0.6043,0.3277,0.3276,miss
1785574799999,TRXUSDT:1h,NEUTRAL,0,0,0.5018,0.3277,0.3276,na
1785573899999,AVAXUSDT:5m,NEUTRAL,0,0,0.4597,6.376,6.344,na
1785574799999,AVAXUSDT:30m,NEUTRAL,0,0,0.4832,6.376,6.344,na
1785574799999,AVAXUSDT:1h,NEUTRAL,0,0,0.4742,6.376,6.344,na
1785573899999,LINKUSDT:5m,SELL,-1,0,0.4271,8.125,8.09,hit
1785574799999,LINKUSDT:30m,NEUTRAL,0,0,0.467,8.125,8.09,na
1785574799999,LINKUSDT:1h,NEUTRAL,0,0,0.4945,8.124,8.09,na
1785586499999,BTCUSDT:5m,NEUTRAL,0,0,0.4528,63111.12,63051.07,na
1785587399999,BTCUSDT:30m,NEUTRAL,0,0,0.4896,63111.11,63051.06,na
1785589199999,BTCUSDT:1h,NEUTRAL,0,0,0.464,63111.12,63051.06,na
1785586499999,ETHUSDT:5m,BUY,1,0,0.5528,1867.98,1871.04,hit
1785587399999,ETHUSDT:30m,NEUTRAL,0,0,0.4506,1867.98,1871.04,na
1785589199999,ETHUSDT:1h,NEUTRAL,0,0,0.5474,1867.99,1871.18,na
1785586499999,SOLUSDT:5m,NEUTRAL,0,0,0.4754,72.87,72.82,na
1785587399999,SOLUSDT:30m,NEUTRAL,0,0,0.4837,72.88,72.82,na
1785589199999,SOLUSDT:1h,SELL,-1,0,0.4362,72.87,72.82,hit
1785586799999,BNBUSDT:5m,SELL,-1,0,0.4485,578.91,577.42,hit
1785587399999,BNBUSDT:30m,NEUTRAL,0,0,0.5389,578.93,577.42,na
1785589199999,BNBUSDT:1h,NEUTRAL,0,0,0.5221,579.11,577.41,na
1785586799999,XRPUSDT:5m,NEUTRAL,0,0,0.5341,1.0634,1.0639,na
1785587399999,XRPUSDT:30m,SELL,-1,0,0.4453,1.0634,1.0639,miss
1785589199999,XRPUSDT:1h,SELL,-1,0,0.402,1.0634,1.0639,miss
1785586799999,DOGEUSDT:5m,NEUTRAL,0,0,0.4708,0.06988,0.07014,na
1785587399999,DOGEUSDT:30m,NEUTRAL,0,0,0.5463,0.06987,0.07014,na
1785589199999,DOGEUSDT:1h,BUY,1,0,0.5624,0.06987,0.07014,hit
1785586499999,ADAUSDT:5m,NEUTRAL,0,0,0.475,0.1729,0.1726,na
1785587399999,ADAUSDT:30m,NEUTRAL,0,0,0.513,0.1728,0.1726,na
1785589199999,ADAUSDT:1h,NEUTRAL,0,0,0.4957,0.1728,0.1726,na
1785586799999,TRXUSDT:5m,SELL,-1,0,0.4097,0.3276,0.3285,miss
1785587399999,TRXUSDT:30m,NEUTRAL,0,0,0.5102,0.3276,0.3285,na
1785589199999,TRXUSDT:1h,NEUTRAL,0,0,0.4644,0.3276,0.3285,na
1785586799999,AVAXUSDT:5m,SELL,-1,0,0.4375,6.344,6.372,miss
1785587399999,AVAXUSDT:30m,NEUTRAL,0,0,0.4888,6.344,6.372,na
1785589199999,AVAXUSDT:1h,NEUTRAL,0,0,0.4772,6.344,6.372,na
1785586799999,LINKUSDT:5m,NEUTRAL,0,0,0.4634,8.09,8.109,na
1785587399999,LINKUSDT:30m,NEUTRAL,0,0,0.4683,8.09,8.109,na
1785589199999,LINKUSDT:1h,NEUTRAL,0,0,0.4642,8.09,8.109,na
1785599399999,BTCUSDT:5m,NEUTRAL,0,0,0.517,63051.07,62524.0,na
1785599999999,BTCUSDT:30m,NEUTRAL,0,0,0.5212,63051.06,62530.28,na
1785599999999,BTCUSDT:1h,NEUTRAL,0,0,0.4896,63051.06,62530.29,na
1785599399999,ETHUSDT:5m,BUY,1,0,0.5633,1871.04,1837.89,miss
1785599999999,ETHUSDT:30m,BUY,1,0,0.6126,1871.04,1838.04,miss
1785599999999,ETHUSDT:1h,NEUTRAL,0,0,0.538,1871.18,1838.15,na
1785599399999,SOLUSDT:5m,NEUTRAL,0,0,0.4996,72.82,71.31,na
1785599999999,SOLUSDT:30m,NEUTRAL,0,0,0.5003,72.82,71.31,na
1785599999999,SOLUSDT:1h,NEUTRAL,0,0,0.513,72.82,71.3,na
1785599399999,BNBUSDT:5m,SELL,-1,0,0.4278,577.42,575.57,hit
1785599999999,BNBUSDT:30m,NEUTRAL,0,0,0.5494,577.42,575.57,na
1785599999999,BNBUSDT:1h,NEUTRAL,0,0,0.4774,577.41,575.57,na
1785599399999,XRPUSDT:5m,NEUTRAL,0,0,0.46,1.0639,1.0528,na
1785599999999,XRPUSDT:30m,NEUTRAL,0,0,0.4524,1.0639,1.0528,na
1785599999999,XRPUSDT:1h,SELL,-1,0,0.3856,1.0639,1.0529,hit
1785599399999,DOGEUSDT:5m,SELL,-1,0,0.4358,0.07014,0.06852,hit
1785599999999,DOGEUSDT:30m,NEUTRAL,0,0,0.4967,0.07014,0.06852,na
1785599999999,DOGEUSDT:1h,SELL,-1,0,0.4486,0.07014,0.06852,hit
1785599399999,ADAUSDT:5m,NEUTRAL,0,0,0.481,0.1726,0.1728,na
1785599999999,ADAUSDT:30m,SELL,-1,0,0.3885,0.1726,0.1728,miss
1785599999999,ADAUSDT:1h,BUY,1,0,0.5614,0.1726,0.1728,hit
1785599399999,TRXUSDT:5m,STRONG SELL,-1,1,0.3132,0.3285,0.3275,hit
1785599999999,TRXUSDT:30m,BUY,1,0,0.5784,0.3285,0.3275,miss
1785599999999,TRXUSDT:1h,NEUTRAL,0,0,0.4569,0.3285,0.3275,na
1785599399999,AVAXUSDT:5m,NEUTRAL,0,0,0.4933,6.372,6.128,na
1785599999999,AVAXUSDT:30m,NEUTRAL,0,0,0.4523,6.372,6.128,na
1785599999999,AVAXUSDT:1h,NEUTRAL,0,0,0.5103,6.372,6.128,na
1785599399999,LINKUSDT:5m,SELL,-1,0,0.4268,8.109,8.009,hit
1785599999999,LINKUSDT:30m,NEUTRAL,0,0,0.5226,8.109,8.009,na
1785599999999,LINKUSDT:1h,NEUTRAL,0,0,0.4556,8.109,8.009,na
1785614699999,BTCUSDT:5m,NEUTRAL,0,0,0.5085,62524.0,62778.0,na
1785616199999,BTCUSDT:30m,NEUTRAL,0,0,0.4916,62530.28,62778.01,na
1785617999999,BTCUSDT:1h,NEUTRAL,0,0,0.478,62530.29,62778.01,na
1785614699999,ETHUSDT:5m,SELL,-1,0,0.416,1837.89,1844.15,miss
1785616199999,ETHUSDT:30m,SELL,-1,0,0.4333,1838.04,1844.15,miss
1785617999999,ETHUSDT:1h,NEUTRAL,0,0,0.4979,1838.15,1844.15,na
1785614699999,SOLUSDT:5m,NEUTRAL,0,0,0.4694,71.31,71.86,na
1785616199999,SOLUSDT:30m,NEUTRAL,0,0,0.5104,71.31,71.86,na
1785617999999,SOLUSDT:1h,NEUTRAL,0,0,0.4918,71.3,71.86,na
1785614699999,BNBUSDT:5m,SELL,-1,0,0.4074,575.57,575.45,hit
1785616199999,BNBUSDT:30m,BUY,1,0,0.5525,575.57,575.44,miss
1785617999999,BNBUSDT:1h,NEUTRAL,0,0,0.4819,575.57,575.44,na
1785614699999,XRPUSDT:5m,NEUTRAL,0,0,0.4521,1.0528,1.06,na
1785616199999,XRPUSDT:30m,NEUTRAL,0,0,0.4875,1.0528,1.06,na
1785617999999,XRPUSDT:1h,SELL,-1,0,0.428,1.0529,1.06,miss
1785614699999,DOGEUSDT:5m,NEUTRAL,0,0,0.4796,0.06852,0.06918,na
1785616199999,DOGEUSDT:30m,NEUTRAL,0,0,0.4898,0.06852,0.06918,na
1785617999999,DOGEUSDT:1h,NEUTRAL,0,0,0.5019,0.06852,0.06918,na
1785614699999,ADAUSDT:5m,SELL,-1,0,0.4472,0.1728,0.1742,miss
1785616199999,ADAUSDT:30m,SELL,-1,0,0.4415,0.1728,0.1742,miss
1785617999999,ADAUSDT:1h,BUY,1,0,0.5601,0.1728,0.1742,hit
1785614699999,TRXUSDT:5m,STRONG SELL,-1,1,0.352,0.3275,0.3278,miss
1785616199999,TRXUSDT:30m,NEUTRAL,0,0,0.4688,0.3275,0.3278,na
1785617999999,TRXUSDT:1h,BUY,1,0,0.5962,0.3275,0.3278,hit
1785614699999,AVAXUSDT:5m,NEUTRAL,0,0,0.4754,6.128,6.189,na
1785616199999,AVAXUSDT:30m,SELL,-1,0,0.4247,6.128,6.189,miss
1785617999999,AVAXUSDT:1h,NEUTRAL,0,0,0.4601,6.128,6.189,na
1785614699999,LINKUSDT:5m,SELL,-1,0,0.4465,8.009,8.058,miss
1785616199999,LINKUSDT:30m,NEUTRAL,0,0,0.5021,8.009,8.057,na
1785617999999,LINKUSDT:1h,NEUTRAL,0,0,0.4673,8.009,8.057,na
1785627299999,BTCUSDT:5m,SELL,-1,0,0.3986,62778.0,63503.53,miss
1785628799999,BTCUSDT:30m,NEUTRAL,0,0,0.4758,62778.01,63503.52,na
1785628799999,BTCUSDT:1h,NEUTRAL,0,0,0.4967,62778.01,63503.53,na
1785628799999,BTCUSDT:1d,NEUTRAL,0,0,0.4792,62967.19,63503.52,na
1785627299999,ETHUSDT:5m,NEUTRAL,0,0,0.5265,1844.15,1876.26,na
1785628799999,ETHUSDT:30m,NEUTRAL,0,0,0.4855,1844.15,1876.27,na
1785628799999,ETHUSDT:1h,NEUTRAL,0,0,0.5036,1844.15,1876.27,na
1785628799999,ETHUSDT:1d,NEUTRAL,0,0,0.4725,1865.24,1876.27,na
1785627299999,SOLUSDT:5m,NEUTRAL,0,0,0.5001,71.86,73.48,na
1785628799999,SOLUSDT:30m,NEUTRAL,0,0,0.4967,71.86,73.48,na
1785628799999,SOLUSDT:1h,NEUTRAL,0,0,0.4938,71.86,73.48,na
1785628799999,SOLUSDT:1d,NEUTRAL,0,0,0.4837,72.96,73.48,na
1785627299999,BNBUSDT:5m,NEUTRAL,0,0,0.4544,575.45,585.36,na
1785628799999,BNBUSDT:30m,NEUTRAL,0,0,0.4621,575.44,585.36,na
1785628799999,BNBUSDT:1h,NEUTRAL,0,0,0.4894,575.44,585.36,na
1785628799999,BNBUSDT:1d,NEUTRAL,0,0,0.4813,587.93,585.37,na
1785627299999,XRPUSDT:5m,NEUTRAL,0,0,0.5008,1.06,1.0844,na
1785628799999,XRPUSDT:30m,NEUTRAL,0,0,0.5076,1.06,1.0844,na
1785628799999,XRPUSDT:1h,STRONG SELL,-1,1,0.3373,1.06,1.0844,miss
1785628799999,XRPUSDT:1d,NEUTRAL,0,0,0.5082,1.063,1.0844,na
1785627299999,DOGEUSDT:5m,SELL,-1,0,0.4376,0.06918,0.07041,miss
1785628799999,DOGEUSDT:30m,NEUTRAL,0,0,0.475,0.06918,0.07041,na
1785628799999,DOGEUSDT:1h,NEUTRAL,0,0,0.5072,0.06918,0.07041,na
1785628799999,DOGEUSDT:1d,NEUTRAL,0,0,0.4643,0.06967,0.07041,na
1785627299999,ADAUSDT:5m,NEUTRAL,0,0,0.4892,0.1742,0.1866,na
1785628799999,ADAUSDT:30m,NEUTRAL,0,0,0.4544,0.1742,0.1866,na
1785628799999,ADAUSDT:1h,NEUTRAL,0,0,0.5406,0.1742,0.1866,na
1785628799999,ADAUSDT:1d,SELL,-1,0,0.3859,0.1687,0.1866,miss
1785627299999,TRXUSDT:5m,STRONG SELL,-1,1,0.2987,0.3278,0.3284,miss
1785628799999,TRXUSDT:30m,STRONG SELL,-1,1,0.3672,0.3278,0.3284,miss
1785628799999,TRXUSDT:1h,NEUTRAL,0,0,0.4962,0.3278,0.3284,na
1785628799999,TRXUSDT:1d,NEUTRAL,0,0,0.5443,0.3261,0.3284,na
1785627299999,AVAXUSDT:5m,NEUTRAL,0,0,0.4929,6.189,6.599,na
1785628799999,AVAXUSDT:30m,NEUTRAL,0,0,0.4646,6.189,6.599,na
1785628799999,AVAXUSDT:1h,NEUTRAL,0,0,0.519,6.189,6.598,na
1785628799999,AVAXUSDT:1d,NEUTRAL,0,0,0.476,6.398,6.598,na
1785627299999,LINKUSDT:5m,NEUTRAL,0,0,0.4707,8.058,8.388,na
1785628799999,LINKUSDT:30m,NEUTRAL,0,0,0.5109,8.057,8.388,na
1785628799999,LINKUSDT:1h,NEUTRAL,0,0,0.4607,8.057,8.388,na
1785628799999,LINKUSDT:1d,NEUTRAL,0,0,0.5006,8.19,8.388,na
1785657299999,BTCUSDT:5m,NEUTRAL,0,0,0.5257,63503.53,63150.0,na
1785657599999,BTCUSDT:30m,NEUTRAL,0,0,0.4638,63503.52,63151.99,na
1785657599999,BTCUSDT:1h,NEUTRAL,0,0,0.5205,63503.53,63151.99,na
1785657299999,ETHUSDT:5m,NEUTRAL,0,0,0.5194,1876.26,1857.75,na
1785657599999,ETHUSDT:30m,NEUTRAL,0,0,0.5036,1876.27,1857.76,na
1785657599999,ETHUSDT:1h,NEUTRAL,0,0,0.5187,1876.27,1857.88,na
1785657299999,SOLUSDT:5m,BUY,1,0,0.5798,73.48,73.12,miss
1785657599999,SOLUSDT:30m,NEUTRAL,0,0,0.5482,73.48,73.12,na
1785657599999,SOLUSDT:1h,NEUTRAL,0,0,0.5295,73.48,73.12,na
1785657299999,BNBUSDT:5m,NEUTRAL,0,0,0.4818,585.36,582.36,na
1785657599999,BNBUSDT:30m,NEUTRAL,0,0,0.4944,585.36,582.36,na
1785657599999,BNBUSDT:1h,NEUTRAL,0,0,0.5355,585.36,582.35,na
1785657299999,XRPUSDT:5m,NEUTRAL,0,0,0.5395,1.0844,1.0809,na
1785657599999,XRPUSDT:30m,NEUTRAL,0,0,0.497,1.0844,1.081,na
1785657599999,XRPUSDT:1h,BUY,1,0,0.5547,1.0844,1.0809,miss
1785657299999,DOGEUSDT:5m,NEUTRAL,0,0,0.4771,0.07041,0.07009,na
1785657599999,DOGEUSDT:30m,NEUTRAL,0,0,0.5176,0.07041,0.07009,na
1785657599999,DOGEUSDT:1h,NEUTRAL,0,0,0.5086,0.07041,0.07009,na
1785657299999,ADAUSDT:5m,NEUTRAL,0,0,0.5054,0.1866,0.1875,na
1785657599999,ADAUSDT:30m,NEUTRAL,0,0,0.5443,0.1866,0.1875,na
1785657599999,ADAUSDT:1h,NEUTRAL,0,0,0.5117,0.1866,0.1875,na
1785657299999,TRXUSDT:5m,SELL,-1,0,0.4054,0.3284,0.3265,hit
1785657599999,TRXUSDT:30m,SELL,-1,0,0.4481,0.3284,0.3265,hit
1785657599999,TRXUSDT:1h,NEUTRAL,0,0,0.461,0.3284,0.3266,na
1785657299999,AVAXUSDT:5m,NEUTRAL,0,0,0.479,6.599,6.61,na
1785657599999,AVAXUSDT:30m,NEUTRAL,0,0,0.4618,6.599,6.61,na
1785657599999,AVAXUSDT:1h,NEUTRAL,0,0,0.5145,6.598,6.61,na
1785657299999,LINKUSDT:5m,SELL,-1,0,0.4268,8.388,8.283,hit
1785657599999,LINKUSDT:30m,NEUTRAL,0,0,0.5432,8.388,8.283,na
1785657599999,LINKUSDT:1h,NEUTRAL,0,0,0.4791,8.388,8.283,na
1785671399999,BTCUSDT:5m,BUY,1,0,0.5614,63150.0,63149.99,miss
1785671999999,BTCUSDT:30m,NEUTRAL,0,0,0.4555,63151.99,63150.0,na
1785671999999,BTCUSDT:1h,NEUTRAL,0,0,0.5383,63151.99,63150.0,na
1785671399999,ETHUSDT:5m,NEUTRAL,0,0,0.5103,1857.75,1860.14,na
1785671999999,ETHUSDT:30m,BUY,1,0,0.6006,1857.76,1860.15,hit
1785671999999,ETHUSDT:1h,NEUTRAL,0,0,0.4725,1857.88,1860.15,na
1785671399999,SOLUSDT:5m,NEUTRAL,0,0,0.5065,73.12,73.07,na
1785671999999,SOLUSDT:30m,NEUTRAL,0,0,0.4913,73.12,73.08,na
1785671999999,SOLUSDT:1h,NEUTRAL,0,0,0.49,73.12,73.08,na
1785671399999,BNBUSDT:5m,NEUTRAL,0,0,0.5352,582.36,586.3,na
1785671999999,BNBUSDT:30m,SELL,-1,0,0.4415,582.36,586.3,miss
1785671999999,BNBUSDT:1h,NEUTRAL,0,0,0.5282,582.35,586.29,na
1785671399999,XRPUSDT:5m,NEUTRAL,0,0,0.5189,1.0809,1.0808,na
1785671999999,XRPUSDT:30m,SELL,-1,0,0.4142,1.081,1.0808,hit
1785671999999,XRPUSDT:1h,SELL,-1,0,0.3995,1.0809,1.0808,hit
1785671399999,DOGEUSDT:5m,NEUTRAL,0,0,0.5065,0.07009,0.07035,na
1785671999999,DOGEUSDT:30m,NEUTRAL,0,0,0.511,0.07009,0.07035,na
1785671999999,DOGEUSDT:1h,NEUTRAL,0,0,0.5286,0.07009,0.07035,na
1785671399999,ADAUSDT:5m,NEUTRAL,0,0,0.4884,0.1875,0.1901,na
1785671999999,ADAUSDT:30m,BUY,1,0,0.5594,0.1875,0.1901,hit
1785671999999,ADAUSDT:1h,BUY,1,0,0.5828,0.1875,0.1901,hit
1785671399999,TRXUSDT:5m,NEUTRAL,0,0,0.4592,0.3265,0.3274,na
1785671999999,TRXUSDT:30m,SELL,-1,0,0.4204,0.3265,0.3275,miss
1785671999999,TRXUSDT:1h,SELL,-1,0,0.4401,0.3266,0.3275,miss
1785671399999,AVAXUSDT:5m,NEUTRAL,0,0,0.5128,6.61,6.593,na
1785671999999,AVAXUSDT:30m,NEUTRAL,0,0,0.4669,6.61,6.593,na
1785671999999,AVAXUSDT:1h,NEUTRAL,0,0,0.5196,6.61,6.593,na
1785671399999,LINKUSDT:5m,SELL,-1,0,0.4467,8.283,8.282,hit
1785671999999,LINKUSDT:30m,NEUTRAL,0,0,0.4998,8.283,8.282,na
1785671999999,LINKUSDT:1h,NEUTRAL,0,0,0.5046,8.283,8.282,na
1785685499999,BTCUSDT:5m,SELL,-1,0,0.4413,63149.99,63470.26,miss
1785686399999,BTCUSDT:30m,NEUTRAL,0,0,0.501,63150.0,63470.25,na
1785686399999,BTCUSDT:1h,NEUTRAL,0,0,0.4987,63150.0,63470.26,na
1785685499999,ETHUSDT:5m,SELL,-1,0,0.4293,1860.14,1882.71,miss
1785686399999,ETHUSDT:30m,NEUTRAL,0,0,0.4512,1860.15,1882.71,na
1785686399999,ETHUSDT:1h,NEUTRAL,0,0,0.5137,1860.15,1882.71,na
1785685499999,SOLUSDT:5m,NEUTRAL,0,0,0.4521,73.07,73.71,na
1785686399999,SOLUSDT:30m,NEUTRAL,0,0,0.4889,73.08,73.71,na
1785686399999,SOLUSDT:1h,SELL,-1,0,0.4278,73.08,73.71,miss
1785685499999,BNBUSDT:5m,BUY,1,0,0.5762,586.3,589.18,hit
1785686399999,BNBUSDT:30m,NEUTRAL,0,0,0.4685,586.3,589.17,na
1785686399999,BNBUSDT:1h,NEUTRAL,0,0,0.5223,586.29,589.17,na
1785685499999,XRPUSDT:5m,NEUTRAL,0,0,0.4696,1.0808,1.082,na
1785686399999,XRPUSDT:30m,NEUTRAL,0,0,0.4564,1.0808,1.082,na
1785686399999,XRPUSDT:1h,NEUTRAL,0,0,0.4807,1.0808,1.082,na
1785685499999,DOGEUSDT:5m,NEUTRAL,0,0,0.5176,0.07035,0.07074,na
1785686399999,DOGEUSDT:30m,NEUTRAL,0,0,0.4983,0.07035,0.07074,na
1785686399999,DOGEUSDT:1h,NEUTRAL,0,0,0.5343,0.07035,0.07074,na
1785685499999,ADAUSDT:5m,NEUTRAL,0,0,0.4732,0.1901,0.1888,na
1785686399999,ADAUSDT:30m,BUY,1,0,0.5542,0.1901,0.1888,miss
1785686399999,ADAUSDT:1h,BUY,1,0,0.5887,0.1901,0.1889,miss
1785685499999,TRXUSDT:5m,STRONG SELL,-1,1,0.3635,0.3274,0.3275,miss
1785686399999,TRXUSDT:30m,SELL,-1,0,0.436,0.3275,0.3275,hit
1785686399999,TRXUSDT:1h,SELL,-1,0,0.4491,0.3275,0.3275,hit
1785685499999,AVAXUSDT:5m,NEUTRAL,0,0,0.4616,6.593,6.597,na
1785686399999,AVAXUSDT:30m,NEUTRAL,0,0,0.4694,6.593,6.597,na
1785686399999,AVAXUSDT:1h,BUY,1,0,0.5589,6.593,6.597,hit
1785685499999,LINKUSDT:5m,NEUTRAL,0,0,0.4649,8.282,8.329,na
1785686399999,LINKUSDT:30m,NEUTRAL,0,0,0.4677,8.282,8.329,na
1785686399999,LINKUSDT:1h,NEUTRAL,0,0,0.5009,8.282,8.329,na
1785701099999,BTCUSDT:5m,BUY,1,0,0.5687,63470.26,63558.34,hit
1785702599999,BTCUSDT:30m,STRONG SELL,-1,1,0.347,63470.25,63558.33,miss
1785704399999,BTCUSDT:1h,BUY,1,0,0.5591,63470.26,63560.0,hit
1785701099999,ETHUSDT:5m,SELL,-1,0,0.4476,1882.71,1884.52,miss
1785702599999,ETHUSDT:30m,NEUTRAL,0,0,0.4992,1882.71,1884.31,na
1785704399999,ETHUSDT:1h,BUY,1,0,0.5556,1882.71,1884.31,hit
1785701099999,SOLUSDT:5m,SELL,-1,0,0.409,73.71,73.59,hit
1785702599999,SOLUSDT:30m,BUY,1,0,0.5794,73.71,73.6,miss
1785704399999,SOLUSDT:1h,NEUTRAL,0,0,0.516,73.71,73.6,na
1785701099999,BNBUSDT:5m,NEUTRAL,0,0,0.4776,589.18,588.68,na
1785702599999,BNBUSDT:30m,NEUTRAL,0,0,0.5018,589.17,588.68,na
1785704399999,BNBUSDT:1h,NEUTRAL,0,0,0.5396,589.17,588.68,na
1785701099999,XRPUSDT:5m,SELL,-1,0,0.4279,1.082,1.0845,miss
1785702599999,XRPUSDT:30m,NEUTRAL,0,0,0.4604,1.082,1.0845,na
1785704399999,XRPUSDT:1h,NEUTRAL,0,0,0.4912,1.082,1.0845,na
1785701099999,DOGEUSDT:5m,NEUTRAL,0,0,0.5136,0.07074,0.07076,na
1785702599999,DOGEUSDT:30m,NEUTRAL,0,0,0.4936,0.07074,0.07076,na
1785704399999,DOGEUSDT:1h,NEUTRAL,0,0,0.5101,0.07074,0.07076,na
1785701099999,ADAUSDT:5m,SELL,-1,0,0.3964,0.1888,0.1895,miss
1785702599999,ADAUSDT:30m,BUY,1,0,0.6122,0.1888,0.1894,hit
1785704399999,ADAUSDT:1h,STRONG BUY,1,1,0.6217,0.1889,0.1894,hit
1785701099999,TRXUSDT:5m,STRONG SELL,-1,1,0.1975,0.3275,0.3269,hit
1785702599999,TRXUSDT:30m,SELL,-1,0,0.4122,0.3275,0.3268,hit
1785704399999,TRXUSDT:1h,SELL,-1,0,0.4189,0.3275,0.3269,hit
1785701099999,AVAXUSDT:5m,NEUTRAL,0,0,0.4608,6.597,6.546,na
1785702599999,AVAXUSDT:30m,NEUTRAL,0,0,0.4881,6.597,6.546,na
1785704399999,AVAXUSDT:1h,NEUTRAL,0,0,0.4963,6.597,6.546,na
1785701099999,LINKUSDT:5m,NEUTRAL,0,0,0.4844,8.329,8.381,na
1785702599999,LINKUSDT:30m,NEUTRAL,0,0,0.4972,8.329,8.381,na
1785704399999,LINKUSDT:1h,NEUTRAL,0,0,0.4857,8.329,8.381,na
1785713999999,BTCUSDT:5m,NEUTRAL,0,0,0.4738,63558.34,62632.01,na
1785715199999,BTCUSDT:30m,NEUTRAL,0,0,0.5,63558.33,62630.14,na
1785715199999,BTCUSDT:1h,BUY,1,0,0.5565,63560.0,62630.14,miss
1785715199999,BTCUSDT:1d,BUY,1,0,0.5551,63503.52,62630.01,miss
1785713999999,ETHUSDT:5m,STRONG SELL,-1,1,0.2714,1884.52,1841.87,hit
1785715199999,ETHUSDT:30m,NEUTRAL,0,0,0.5346,1884.31,1841.86,na
1785715199999,ETHUSDT:1h,NEUTRAL,0,0,0.5199,1884.31,1841.86,na
1785715199999,ETHUSDT:1d,NEUTRAL,0,0,0.4839,1876.27,1841.86,na
1785713999999,SOLUSDT:5m,NEUTRAL,0,0,0.4663,73.59,72.46,na
1785715199999,SOLUSDT:30m,BUY,1,0,0.5598,73.6,72.44,miss
1785715199999,SOLUSDT:1h,NEUTRAL,0,0,0.5444,73.6,72.43,na
1785715199999,SOLUSDT:1d,NEUTRAL,0,0,0.5235,73.48,72.43,na
1785713999999,BNBUSDT:5m,BUY,1,0,0.5969,588.68,586.99,miss
1785715199999,BNBUSDT:30m,NEUTRAL,0,0,0.4671,588.68,586.97,na
1785715199999,BNBUSDT:1h,BUY,1,0,0.5598,588.68,586.97,miss
1785715199999,BNBUSDT:1d,NEUTRAL,0,0,0.4819,585.37,586.97,na
1785713999999,XRPUSDT:5m,NEUTRAL,0,0,0.4501,1.0845,1.065,na
1785715199999,XRPUSDT:30m,NEUTRAL,0,0,0.4703,1.0845,1.065,na
1785715199999,XRPUSDT:1h,NEUTRAL,0,0,0.504,1.0845,1.065,na
1785715199999,XRPUSDT:1d,NEUTRAL,0,0,0.4698,1.0844,1.065,na
1785713999999,DOGEUSDT:5m,NEUTRAL,0,0,0.5146,0.07076,0.0695,na
1785715199999,DOGEUSDT:30m,NEUTRAL,0,0,0.5336,0.07076,0.0695,na
1785715199999,DOGEUSDT:1h,NEUTRAL,0,0,0.5383,0.07076,0.0695,na
1785715199999,DOGEUSDT:1d,NEUTRAL,0,0,0.4508,0.07041,0.0695,na
1785713999999,ADAUSDT:5m,SELL,-1,0,0.439,0.1895,0.1877,hit
1785715199999,ADAUSDT:30m,BUY,1,0,0.5674,0.1894,0.1877,miss
1785715199999,ADAUSDT:1h,BUY,1,0,0.5751,0.1894,0.1877,miss
1785715199999,ADAUSDT:1d,SELL,-1,0,0.4384,0.1866,0.1877,miss
1785713999999,TRXUSDT:5m,STRONG SELL,-1,1,0.2366,0.3269,0.3277,miss
1785715199999,TRXUSDT:30m,SELL,-1,0,0.419,0.3268,0.3277,miss
1785715199999,TRXUSDT:1h,SELL,-1,0,0.3827,0.3269,0.3276,miss
1785715199999,TRXUSDT:1d,BUY,1,0,0.5534,0.3284,0.3276,miss
1785713999999,AVAXUSDT:5m,NEUTRAL,0,0,0.4655,6.546,6.434,na
1785715199999,AVAXUSDT:30m,NEUTRAL,0,0,0.5352,6.546,6.434,na
1785715199999,AVAXUSDT:1h,NEUTRAL,0,0,0.4994,6.546,6.434,na
1785715199999,AVAXUSDT:1d,NEUTRAL,0,0,0.4888,6.598,6.434,na
1785713999999,LINKUSDT:5m,NEUTRAL,0,0,0.4908,8.381,8.173,na
1785715199999,LINKUSDT:30m,NEUTRAL,0,0,0.5247,8.381,8.173,na
1785715199999,LINKUSDT:1h,NEUTRAL,0,0,0.538,8.381,8.173,na
1785715199999,LINKUSDT:1d,NEUTRAL,0,0,0.4986,8.388,8.173,na
1785760799999,BTCUSDT:5m,SELL,-1,0,0.3856,62632.01,63888.01,miss
1785761999999,BTCUSDT:30m,NEUTRAL,0,0,0.5161,62630.14,63888.01,na
1785761999999,BTCUSDT:1h,NEUTRAL,0,0,0.5489,62630.14,63888.0,na
1785760799999,ETHUSDT:5m,SELL,-1,0,0.4134,1841.87,1869.52,miss
1785761999999,ETHUSDT:30m,NEUTRAL,0,0,0.4919,1841.86,1869.51,na
1785761999999,ETHUSDT:1h,NEUTRAL,0,0,0.493,1841.86,1869.3,na
1785760799999,SOLUSDT:5m,NEUTRAL,0,0,0.4611,72.46,73.97,na
1785761999999,SOLUSDT:30m,NEUTRAL,0,0,0.5281,72.44,73.98,na
1785761999999,SOLUSDT:1h,NEUTRAL,0,0,0.5076,72.43,73.98,na
1785760799999,BNBUSDT:5m,NEUTRAL,0,0,0.5274,586.99,591.49,na
1785761999999,BNBUSDT:30m,NEUTRAL,0,0,0.4541,586.97,591.48,na
1785761999999,BNBUSDT:1h,NEUTRAL,0,0,0.5483,586.97,591.56,na
1785760799999,XRPUSDT:5m,STRONG SELL,-1,1,0.3796,1.065,1.0821,miss
1785761999999,XRPUSDT:30m,NEUTRAL,0,0,0.4871,1.065,1.0821,na
1785761999999,XRPUSDT:1h,SELL,-1,0,0.4115,1.065,1.0821,miss
1785760799999,DOGEUSDT:5m,SELL,-1,0,0.444,0.0695,0.07045,miss
1785761999999,DOGEUSDT:30m,NEUTRAL,0,0,0.5191,0.0695,0.07046,na
1785761999999,DOGEUSDT:1h,NEUTRAL,0,0,0.5199,0.0695,0.07046,na
1785760799999,ADAUSDT:5m,STRONG SELL,-1,1,0.3627,0.1877,0.1941,miss
1785761999999,ADAUSDT:30m,NEUTRAL,0,0,0.4574,0.1877,0.1941,na
1785761999999,ADAUSDT:1h,BUY,1,0,0.5622,0.1877,0.1941,hit
1785760799999,TRXUSDT:5m,STRONG SELL,-1,1,0.2247,0.3277,0.3289,miss
1785761999999,TRXUSDT:30m,SELL,-1,0,0.4113,0.3277,0.3289,miss
1785761999999,TRXUSDT:1h,SELL,-1,0,0.4136,0.3276,0.3289,miss
1785760799999,AVAXUSDT:5m,NEUTRAL,0,0,0.4752,6.434,6.57,na
1785761999999,AVAXUSDT:30m,SELL,-1,0,0.3889,6.434,6.57,miss
1785761999999,AVAXUSDT:1h,NEUTRAL,0,0,0.4851,6.434,6.57,na
1785760799999,LINKUSDT:5m,SELL,-1,0,0.3969,8.173,8.237,miss
1785761999999,LINKUSDT:30m,NEUTRAL,0,0,0.4954,8.173,8.237,na
1785761999999,LINKUSDT:1h,NEUTRAL,0,0,0.4769,8.173,8.237,na
1785783599999,BTCUSDT:5m,SELL,-1,0,0.4306,63888.01,63504.4,hit
1785783599999,BTCUSDT:30m,NEUTRAL,0,0,0.5426,63888.01,63504.4,na
1785783599999,BTCUSDT:1h,NEUTRAL,0,0,0.488,63888.0,63504.4,na
1785783599999,ETHUSDT:5m,SELL,-1,0,0.4414,1869.52,1856.88,hit
1785783599999,ETHUSDT:30m,NEUTRAL,0,0,0.5345,1869.51,1856.87,na
1785783599999,ETHUSDT:1h,NEUTRAL,0,0,0.5165,1869.3,1856.87,na
1785783599999,SOLUSDT:5m,NEUTRAL,0,0,0.4542,73.97,73.45,na
1785783599999,SOLUSDT:30m,NEUTRAL,0,0,0.534,73.98,73.45,na
1785783599999,SOLUSDT:1h,BUY,1,0,0.574,73.98,73.45,miss
1785783599999,BNBUSDT:5m,NEUTRAL,0,0,0.5215,591.49,589.36,na
1785783599999,BNBUSDT:30m,NEUTRAL,0,0,0.501,591.48,589.36,na
1785783599999,BNBUSDT:1h,BUY,1,0,0.5628,591.56,589.36,miss
1785783599999,XRPUSDT:5m,NEUTRAL,0,0,0.4511,1.0821,1.0747,na
1785783599999,XRPUSDT:30m,NEUTRAL,0,0,0.4897,1.0821,1.0747,na
1785783599999,XRPUSDT:1h,SELL,-1,0,0.4164,1.0821,1.0747,hit
1785783599999,DOGEUSDT:5m,NEUTRAL,0,0,0.469,0.07045,0.07016,na
1785783599999,DOGEUSDT:30m,NEUTRAL,0,0,0.5357,0.07046,0.07016,na
1785783599999,DOGEUSDT:1h,NEUTRAL,0,0,0.4965,0.07046,0.07016,na
1785783599999,ADAUSDT:5m,NEUTRAL,0,0,0.4999,0.1941,0.1936,na
1785783599999,ADAUSDT:30m,NEUTRAL,0,0,0.5052,0.1941,0.1936,na
1785783599999,ADAUSDT:1h,BUY,1,0,0.5542,0.1941,0.1936,miss
1785783599999,TRXUSDT:5m,NEUTRAL,0,0,0.4891,0.3289,0.3288,na
1785783599999,TRXUSDT:30m,SELL,-1,0,0.4351,0.3289,0.3288,hit
1785783599999,TRXUSDT:1h,SELL,-1,0,0.3916,0.3289,0.3288,hit
1785783599999,AVAXUSDT:5m,NEUTRAL,0,0,0.476,6.57,6.567,na
1785783599999,AVAXUSDT:30m,NEUTRAL,0,0,0.48,6.57,6.567,na
1785783599999,AVAXUSDT:1h,NEUTRAL,0,0,0.5371,6.57,6.567,na
1785783599999,LINKUSDT:5m,NEUTRAL,0,0,0.5103,8.237,8.189,na
1785783599999,LINKUSDT:30m,NEUTRAL,0,0,0.5119,8.237,8.189,na
1785783599999,LINKUSDT:1h,NEUTRAL,0,0,0.467,8.237,8.189,na
1785796799999,BTCUSDT:5m,NEUTRAL,0,0,0.5374,63504.4,63695.44,na
1785797999999,BTCUSDT:30m,NEUTRAL,0,0,0.5118,63504.4,63695.44,na
1785797999999,BTCUSDT:1h,NEUTRAL,0,0,0.495,63504.4,63694.42,na
1785801599999,BTCUSDT:1d,NEUTRAL,0,0,0.47,62630.01,63694.41,na
1785796799999,ETHUSDT:5m,SELL,-1,0,0.416,1856.88,1863.69,miss
1785797999999,ETHUSDT:30m,NEUTRAL,0,0,0.5214,1856.87,1863.66,na
1785797999999,ETHUSDT:1h,NEUTRAL,0,0,0.5221,1856.87,1863.49,na
1785801599999,ETHUSDT:1d,SELL,-1,0,0.4259,1841.86,1863.44,miss
1785796799999,SOLUSDT:5m,SELL,-1,0,0.4278,73.45,73.63,miss
1785797999999,SOLUSDT:30m,NEUTRAL,0,0,0.4995,73.45,73.63,na
1785797999999,SOLUSDT:1h,NEUTRAL,0,0,0.5179,73.45,73.63,na
1785801599999,SOLUSDT:1d,NEUTRAL,0,0,0.46,72.43,73.62,na
1785796799999,BNBUSDT:5m,NEUTRAL,0,0,0.478,589.36,589.75,na
1785797999999,BNBUSDT:30m,STRONG SELL,-1,1,0.3209,589.36,589.74,miss
1785797999999,BNBUSDT:1h,NEUTRAL,0,0,0.5188,589.36,589.74,na
1785801599999,BNBUSDT:1d,NEUTRAL,0,0,0.485,586.97,589.77,na
1785796799999,XRPUSDT:5m,NEUTRAL,0,0,0.457,1.0747,1.0778,na
1785797999999,XRPUSDT:30m,NEUTRAL,0,0,0.5011,1.0747,1.0778,na
1785797999999,XRPUSDT:1h,SELL,-1,0,0.3913,1.0747,1.0778,miss
1785801599999,XRPUSDT:1d,NEUTRAL,0,0,0.4507,1.065,1.0778,na
1785796799999,DOGEUSDT:5m,NEUTRAL,0,0,0.457,0.07016,0.07026,na
1785797999999,DOGEUSDT:30m,SELL,-1,0,0.3801,0.07016,0.07026,miss
1785797999999,DOGEUSDT:1h,NEUTRAL,0,0,0.4871,0.07016,0.07026,na
1785801599999,DOGEUSDT:1d,NEUTRAL,0,0,0.4676,0.0695,0.07026,na
1785796799999,ADAUSDT:5m,NEUTRAL,0,0,0.5203,0.1936,0.1946,na
1785797999999,ADAUSDT:30m,NEUTRAL,0,0,0.5341,0.1936,0.1946,na
1785797999999,ADAUSDT:1h,NEUTRAL,0,0,0.5215,0.1936,0.1946,na
1785801599999,ADAUSDT:1d,SELL,-1,0,0.4371,0.1877,0.1946,miss
1785796799999,TRXUSDT:5m,STRONG SELL,-1,1,0.3333,0.3288,0.3296,miss
1785797999999,TRXUSDT:30m,NEUTRAL,0,0,0.4694,0.3288,0.3296,na
1785797999999,TRXUSDT:1h,SELL,-1,0,0.3876,0.3288,0.3296,miss
1785801599999,TRXUSDT:1d,NEUTRAL,0,0,0.5061,0.3276,0.3296,na
1785796799999,AVAXUSDT:5m,NEUTRAL,0,0,0.46,6.567,6.78,na
1785797999999,AVAXUSDT:30m,NEUTRAL,0,0,0.4741,6.567,6.78,na
1785797999999,AVAXUSDT:1h,NEUTRAL,0,0,0.5042,6.567,6.78,na
1785801599999,AVAXUSDT:1d,NEUTRAL,0,0,0.4683,6.434,6.779,na
1785796799999,LINKUSDT:5m,NEUTRAL,0,0,0.4822,8.189,8.178,na
1785797999999,LINKUSDT:30m,SELL,-1,0,0.3931,8.189,8.177,hit
1785797999999,LINKUSDT:1h,NEUTRAL,0,0,0.4762,8.189,8.177,na
1785801599999,LINKUSDT:1d,NEUTRAL,0,0,0.4551,8.173,8.177,na
1785830999999,BTCUSDT:5m,STRONG SELL,-1,1,0.3617,63695.44,64051.99,miss
1785832199999,BTCUSDT:30m,NEUTRAL,0,0,0.4612,63695.44,64051.99,na
1785833999999,BTCUSDT:1h,STRONG SELL,-1,1,0.3498,63694.42,64051.98,miss
1785830999999,ETHUSDT:5m,SELL,-1,0,0.3866,1863.69,1870.87,miss
1785832199999,ETHUSDT:30m,NEUTRAL,0,0,0.477,1863.66,1870.98,na
1785833999999,ETHUSDT:1h,NEUTRAL,0,0,0.4817,1863.49,1871.07,na
1785830999999,SOLUSDT:5m,STRONG SELL,-1,1,0.3679,73.63,73.91,miss
1785832199999,SOLUSDT:30m,NEUTRAL,0,0,0.5092,73.63,73.91,na
1785833999999,SOLUSDT:1h,NEUTRAL,0,0,0.4926,73.63,73.91,na
1785830999999,BNBUSDT:5m,SELL,-1,0,0.3974,589.75,593.74,miss
1785832199999,BNBUSDT:30m,SELL,-1,0,0.416,589.74,593.75,miss
1785833999999,BNBUSDT:1h,NEUTRAL,0,0,0.4822,589.74,593.74,na
1785830999999,XRPUSDT:5m,SELL,-1,0,0.443,1.0778,1.0766,hit
1785832199999,XRPUSDT:30m,NEUTRAL,0,0,0.4806,1.0778,1.0766,na
1785833999999,XRPUSDT:1h,SELL,-1,0,0.425,1.0778,1.0766,hit
1785830999999,DOGEUSDT:5m,STRONG SELL,-1,1,0.3696,0.07026,0.07023,hit
1785832199999,DOGEUSDT:30m,NEUTRAL,0,0,0.4928,0.07026,0.07023,na
1785833999999,DOGEUSDT:1h,NEUTRAL,0,0,0.4774,0.07026,0.07023,na
1785830999999,ADAUSDT:5m,NEUTRAL,0,0,0.4797,0.1946,0.1929,na
1785832199999,ADAUSDT:30m,NEUTRAL,0,0,0.5242,0.1946,0.1929,na
1785833999999,ADAUSDT:1h,NEUTRAL,0,0,0.5236,0.1946,0.1929,na
1785830999999,TRXUSDT:5m,STRONG SELL,-1,1,0.3292,0.3296,0.33,miss
1785832199999,TRXUSDT:30m,SELL,-1,0,0.4067,0.3296,0.33,miss
1785833999999,TRXUSDT:1h,NEUTRAL,0,0,0.4828,0.3296,0.33,na
1785830999999,AVAXUSDT:5m,NEUTRAL,0,0,0.4624,6.78,6.719,na
1785832199999,AVAXUSDT:30m,NEUTRAL,0,0,0.495,6.78,6.719,na
1785833999999,AVAXUSDT:1h,NEUTRAL,0,0,0.467,6.78,6.718,na
1785830999999,LINKUSDT:5m,STRONG SELL,-1,1,0.363,8.178,8.185,miss
1785832199999,LINKUSDT:30m,NEUTRAL,0,0,0.5093,8.177,8.185,na
1785833999999,LINKUSDT:1h,SELL,-1,0,0.4145,8.177,8.185,miss
1785860699999,BTCUSDT:5m,NEUTRAL,0,0,0.5326,64051.99,64333.99,na
1785860999999,BTCUSDT:30m,NEUTRAL,0,0,0.5219,64051.99,64333.99,na
1785862799999,BTCUSDT:1h,NEUTRAL,0,0,0.49,64051.98,64333.99,na
1785860699999,ETHUSDT:5m,NEUTRAL,0,0,0.5492,1870.87,1876.5,na
1785860999999,ETHUSDT:30m,NEUTRAL,0,0,0.4891,1870.98,1876.5,na
1785862799999,ETHUSDT:1h,NEUTRAL,0,0,0.538,1871.07,1876.5,na
1785860699999,SOLUSDT:5m,NEUTRAL,0,0,0.4672,73.91,74.23,na
1785860999999,SOLUSDT:30m,NEUTRAL,0,0,0.5161,73.91,74.23,na
1785862799999,SOLUSDT:1h,NEUTRAL,0,0,0.4643,73.91,74.23,na
1785860699999,BNBUSDT:5m,NEUTRAL,0,0,0.4802,593.74,593.6,na
1785860999999,BNBUSDT:30m,NEUTRAL,0,0,0.5172,593.75,593.6,na
1785862799999,BNBUSDT:1h,NEUTRAL,0,0,0.4615,593.74,593.6,na
1785860699999,XRPUSDT:5m,SELL,-1,0,0.4205,1.0766,1.0776,miss
1785860999999,XRPUSDT:30m,NEUTRAL,0,0,0.4961,1.0766,1.0776,na
1785862799999,XRPUSDT:1h,SELL,-1,0,0.435,1.0766,1.0778,miss
1785860699999,DOGEUSDT:5m,NEUTRAL,0,0,0.5323,0.07023,0.07038,na
1785860999999,DOGEUSDT:30m,NEUTRAL,0,0,0.526,0.07023,0.07038,na
1785862799999,DOGEUSDT:1h,NEUTRAL,0,0,0.4673,0.07023,0.07038,na
1785860699999,ADAUSDT:5m,SELL,-1,0,0.4035,0.1929,0.1931,miss
1785860999999,ADAUSDT:30m,NEUTRAL,0,0,0.4984,0.1929,0.1931,na
1785862799999,ADAUSDT:1h,NEUTRAL,0,0,0.5195,0.1929,0.1931,na
1785860699999,TRXUSDT:5m,SELL,-1,0,0.3943,0.33,0.3277,hit
1785860999999,TRXUSDT:30m,SELL,-1,0,0.3886,0.33,0.3277,hit
1785862799999,TRXUSDT:1h,NEUTRAL,0,0,0.487,0.33,0.3276,na
1785860699999,AVAXUSDT:5m,SELL,-1,0,0.3822,6.719,6.714,hit
1785860999999,AVAXUSDT:30m,NEUTRAL,0,0,0.5177,6.719,6.713,na
1785862799999,AVAXUSDT:1h,NEUTRAL,0,0,0.4615,6.718,6.713,na
1785860699999,LINKUSDT:5m,NEUTRAL,0,0,0.4897,8.185,8.203,na
1785860999999,LINKUSDT:30m,NEUTRAL,0,0,0.5225,8.185,8.203,na
1785862799999,LINKUSDT:1h,SELL,-1,0,0.4223,8.185,8.203,miss
1785877199999,BTCUSDT:5m,STRONG BUY,1,1,0.6683,64333.99,64323.31,miss
1785877199999,BTCUSDT:30m,NEUTRAL,0,0,0.5146,64333.99,64323.32,na
1785877199999,BTCUSDT:1h,NEUTRAL,0,0,0.4997,64333.99,64323.31,na
1785887999999,BTCUSDT:1d,NEUTRAL,0,0,0.4617,63694.41,64323.31,na
1785877199999,ETHUSDT:5m,STRONG BUY,1,1,0.6395,1876.5,1872.09,miss
1785877199999,ETHUSDT:30m,NEUTRAL,0,0,0.5367,1876.5,1872.09,na
1785877199999,ETHUSDT:1h,NEUTRAL,0,0,0.5041,1876.5,1872.09,na
1785887999999,ETHUSDT:1d,NEUTRAL,0,0,0.4987,1863.44,1872.09,na
1785877199999,SOLUSDT:5m,NEUTRAL,0,0,0.5079,74.23,74.11,na
1785877199999,SOLUSDT:30m,NEUTRAL,0,0,0.4736,74.23,74.11,na
1785877199999,SOLUSDT:1h,NEUTRAL,0,0,0.5236,74.23,74.11,na
1785887999999,SOLUSDT:1d,NEUTRAL,0,0,0.4719,73.62,74.1,na
1785877199999,BNBUSDT:5m,NEUTRAL,0,0,0.4756,593.6,601.04,na
1785877199999,BNBUSDT:30m,SELL,-1,0,0.427,593.6,601.04,miss
1785877199999,BNBUSDT:1h,NEUTRAL,0,0,0.4956,593.6,601.04,na
1785887999999,BNBUSDT:1d,NEUTRAL,0,0,0.4897,589.77,601.04,na
1785877199999,XRPUSDT:5m,NEUTRAL,0,0,0.4672,1.0776,1.0694,na
1785877199999,XRPUSDT:30m,SELL,-1,0,0.3812,1.0776,1.0694,hit
1785877199999,XRPUSDT:1h,SELL,-1,0,0.4476,1.0778,1.0695,hit
1785887999999,XRPUSDT:1d,SELL,-1,0,0.4246,1.0778,1.0695,hit
1785877199999,DOGEUSDT:5m,NEUTRAL,0,0,0.496,0.07038,0.06988,na
1785877199999,DOGEUSDT:30m,NEUTRAL,0,0,0.5088,0.07038,0.06988,na
1785877199999,DOGEUSDT:1h,NEUTRAL,0,0,0.4847,0.07038,0.06988,na
1785887999999,DOGEUSDT:1d,NEUTRAL,0,0,0.4599,0.07026,0.06988,na
1785877199999,ADAUSDT:5m,NEUTRAL,0,0,0.4554,0.1931,0.1903,na
1785877199999,ADAUSDT:30m,NEUTRAL,0,0,0.4864,0.1931,0.1903,na
1785877199999,ADAUSDT:1h,NEUTRAL,0,0,0.5196,0.1931,0.1903,na
1785887999999,ADAUSDT:1d,SELL,-1,0,0.4256,0.1946,0.1903,hit
1785877199999,TRXUSDT:5m,SELL,-1,0,0.3888,0.3277,0.3269,hit
1785877199999,TRXUSDT:30m,SELL,-1,0,0.412,0.3277,0.3269,hit
1785877199999,TRXUSDT:1h,SELL,-1,0,0.3817,0.3276,0.3269,hit
1785887999999,TRXUSDT:1d,BUY,1,0,0.5562,0.3296,0.3269,miss
1785877199999,AVAXUSDT:5m,SELL,-1,0,0.4006,6.714,6.697,hit
1785877199999,AVAXUSDT:30m,NEUTRAL,0,0,0.5133,6.713,6.696,na
1785877199999,AVAXUSDT:1h,SELL,-1,0,0.4307,6.713,6.696,hit
1785887999999,AVAXUSDT:1d,NEUTRAL,0,0,0.4755,6.779,6.696,na
1785877199999,LINKUSDT:5m,NEUTRAL,0,0,0.4613,8.203,8.177,na
1785877199999,LINKUSDT:30m,NEUTRAL,0,0,0.4842,8.203,8.176,na
1785877199999,LINKUSDT:1h,SELL,-1,0,0.4173,8.203,8.176,hit
1785887999999,LINKUSDT:1d,NEUTRAL,0,0,0.4653,8.177,8.176,na
1785910499999,BTCUSDT:5m,NEUTRAL,0,0,0.5015,64323.31,64535.99,na
1785911399999,BTCUSDT:30m,BUY,1,0,0.5697,64323.32,64535.99,hit
1785913199999,BTCUSDT:1h,NEUTRAL,0,0,0.4845,64323.31,64535.99,na
1785910499999,ETHUSDT:5m,SELL,-1,0,0.4324,1872.09,1881.77,miss
1785911399999,ETHUSDT:30m,NEUTRAL,0,0,0.4974,1872.09,1881.77,na
1785913199999,ETHUSDT:1h,NEUTRAL,0,0,0.4589,1872.09,1881.77,na
1785910499999,SOLUSDT:5m,SELL,-1,0,0.4264,74.11,74.31,miss
1785911399999,SOLUSDT:30m,NEUTRAL,0,0,0.4889,74.11,74.31,na
1785913199999,SOLUSDT:1h,NEUTRAL,0,0,0.5116,74.11,74.31,na
1785910799999,BNBUSDT:5m,STRONG SELL,-1,1,0.2797,601.04,599.65,hit
1785911399999,BNBUSDT:30m,NEUTRAL,0,0,0.4921,601.04,599.65,na
1785913199999,BNBUSDT:1h,NEUTRAL,0,0,0.4918,601.04,599.65,na
1785910799999,XRPUSDT:5m,SELL,-1,0,0.4328,1.0694,1.0678,hit
1785911399999,XRPUSDT:30m,SELL,-1,0,0.4088,1.0694,1.0678,hit
1785913199999,XRPUSDT:1h,SELL,-1,0,0.4413,1.0695,1.0678,hit
1785910799999,DOGEUSDT:5m,SELL,-1,0,0.4391,0.06988,0.07019,miss
1785911399999,DOGEUSDT:30m,BUY,1,0,0.5987,0.06988,0.07019,hit
1785913199999,DOGEUSDT:1h,SELL,-1,0,0.4316,0.06988,0.07019,miss
1785910799999,ADAUSDT:5m,NEUTRAL,0,0,0.452,0.1903,0.1938,na
1785911399999,ADAUSDT:30m,SELL,-1,0,0.4305,0.1903,0.1937,miss
1785913199999,ADAUSDT:1h,NEUTRAL,0,0,0.5494,0.1903,0.1937,na
1785910799999,TRXUSDT:5m,STRONG SELL,-1,1,0.236,0.3269,0.3286,miss
1785911399999,TRXUSDT:30m,STRONG SELL,-1,1,0.3734,0.3269,0.3286,miss
1785913199999,TRXUSDT:1h,NEUTRAL,0,0,0.4654,0.3269,0.3286,na
1785910799999,AVAXUSDT:5m,NEUTRAL,0,0,0.5135,6.697,6.694,na
1785911399999,AVAXUSDT:30m,NEUTRAL,0,0,0.4855,6.696,6.694,na
1785913199999,AVAXUSDT:1h,STRONG BUY,1,1,0.6208,6.696,6.694,miss
1785910499999,LINKUSDT:5m,SELL,-1,0,0.4481,8.177,8.215,miss
1785911399999,LINKUSDT:30m,SELL,-1,0,0.4237,8.176,8.215,miss
1785913199999,LINKUSDT:1h,SELL,-1,0,0.4085,8.176,8.215,miss
1785932999999,BTCUSDT:5m,BUY,1,0,0.5798,64535.99,64689.33,hit
1785932999999,BTCUSDT:30m,SELL,-1,0,0.4288,64535.99,64688.46,miss
1785934799999,BTCUSDT:1h,NEUTRAL,0,0,0.5096,64535.99,64688.46,na
1785932999999,ETHUSDT:5m,SELL,-1,0,0.4263,1881.77,1915.14,miss
1785932999999,ETHUSDT:30m,NEUTRAL,0,0,0.544,1881.77,1915.13,na
1785934799999,ETHUSDT:1h,BUY,1,0,0.5951,1881.77,1915.1,hit
1785932999999,SOLUSDT:5m,SELL,-1,0,0.3877,74.31,74.48,miss
1785932999999,SOLUSDT:30m,SELL,-1,0,0.4249,74.31,74.48,miss
1785934799999,SOLUSDT:1h,NEUTRAL,0,0,0.4896,74.31,74.48,na
1785932999999,BNBUSDT:5m,NEUTRAL,0,0,0.5222,599.65,600.34,na
1785932999999,BNBUSDT:30m,NEUTRAL,0,0,0.505,599.65,600.33,na
1785934799999,BNBUSDT:1h,SELL,-1,0,0.4421,599.65,600.33,miss
1785932999999,XRPUSDT:5m,SELL,-1,0,0.4199,1.0678,1.0698,miss
1785932999999,XRPUSDT:30m,SELL,-1,0,0.4237,1.0678,1.0698,miss
1785934799999,XRPUSDT:1h,SELL,-1,0,0.3994,1.0678,1.0698,miss
1785932999999,DOGEUSDT:5m,STRONG SELL,-1,1,0.3759,0.07019,0.07011,hit
1785932999999,DOGEUSDT:30m,SELL,-1,0,0.4035,0.07019,0.07011,hit
1785934799999,DOGEUSDT:1h,NEUTRAL,0,0,0.4908,0.07019,0.07012,na
1785932999999,ADAUSDT:5m,STRONG SELL,-1,1,0.3331,0.1938,0.1905,hit
1785932999999,ADAUSDT:30m,NEUTRAL,0,0,0.4553,0.1937,0.1905,na
1785934799999,ADAUSDT:1h,SELL,-1,0,0.4337,0.1937,0.1905,hit
1785932999999,TRXUSDT:5m,STRONG SELL,-1,1,0.3088,0.3286,0.3282,hit
1785932999999,TRXUSDT:30m,SELL,-1,0,0.4124,0.3286,0.3283,hit
1785934799999,TRXUSDT:1h,SELL,-1,0,0.3988,0.3286,0.3283,hit
1785932999999,AVAXUSDT:5m,SELL,-1,0,0.4487,6.694,6.672,hit
1785932999999,AVAXUSDT:30m,NEUTRAL,0,0,0.4858,6.694,6.672,na
1785934799999,AVAXUSDT:1h,SELL,-1,0,0.3882,6.694,6.673,hit
1785932999999,LINKUSDT:5m,SELL,-1,0,0.3922,8.215,8.233,miss
1785932999999,LINKUSDT:30m,NEUTRAL,0,0,0.4749,8.215,8.233,na
1785934799999,LINKUSDT:1h,SELL,-1,0,0.4039,8.215,8.235,miss
1785953399999,BTCUSDT:5m,SELL,-1,0,0.4224,64689.33,64707.99,miss
1785954599999,BTCUSDT:30m,NEUTRAL,0,0,0.4789,64688.46,64707.99,na
1785956399999,BTCUSDT:1h,SELL,-1,0,0.4425,64688.46,64707.99,miss
1785953399999,ETHUSDT:5m,NEUTRAL,0,0,0.4712,1915.14,1912.56,na
1785954599999,ETHUSDT:30m,NEUTRAL,0,0,0.4885,1915.13,1912.57,na
1785956399999,ETHUSDT:1h,NEUTRAL,0,0,0.4812,1915.1,1912.57,na
1785953399999,SOLUSDT:5m,SELL,-1,0,0.4106,74.48,74.15,hit
1785954599999,SOLUSDT:30m,NEUTRAL,0,0,0.4674,74.48,74.15,na
1785956399999,SOLUSDT:1h,NEUTRAL,0,0,0.4864,74.48,74.15,na
1785953399999,BNBUSDT:5m,SELL,-1,0,0.3809,600.34,594.71,hit
1785954599999,BNBUSDT:30m,NEUTRAL,0,0,0.489,600.33,594.71,na
1785956399999,BNBUSDT:1h,SELL,-1,0,0.4368,600.33,594.71,hit
1785953399999,XRPUSDT:5m,SELL,-1,0,0.4146,1.0698,1.0649,hit
1785954599999,XRPUSDT:30m,SELL,-1,0,0.4109,1.0698,1.0649,hit
1785956399999,XRPUSDT:1h,SELL,-1,0,0.4001,1.0698,1.0649,hit
1785953399999,DOGEUSDT:5m,BUY,1,0,0.5832,0.07011,0.07015,hit
1785954599999,DOGEUSDT:30m,SELL,-1,0,0.4347,0.07011,0.07015,miss
1785956399999,DOGEUSDT:1h,NEUTRAL,0,0,0.4647,0.07012,0.07015,na
1785953399999,ADAUSDT:5m,NEUTRAL,0,0,0.4692,0.1905,0.1914,na
1785954599999,ADAUSDT:30m,NEUTRAL,0,0,0.5031,0.1905,0.1915,na
1785956399999,ADAUSDT:1h,NEUTRAL,0,0,0.4902,0.1905,0.1915,na
1785953399999,TRXUSDT:5m,STRONG SELL,-1,1,0.3448,0.3282,0.3278,hit
1785954599999,TRXUSDT:30m,SELL,-1,0,0.4142,0.3283,0.3278,hit
1785956399999,TRXUSDT:1h,NEUTRAL,0,0,0.4604,0.3283,0.3278,na
1785953699999,AVAXUSDT:5m,SELL,-1,0,0.3852,6.672,6.663,hit
1785954599999,AVAXUSDT:30m,NEUTRAL,0,0,0.4789,6.672,6.663,na
1785956399999,AVAXUSDT:1h,NEUTRAL,0,0,0.4793,6.673,6.663,na
1785953699999,LINKUSDT:5m,SELL,-1,0,0.4419,8.233,8.165,hit
1785954599999,LINKUSDT:30m,NEUTRAL,0,0,0.4965,8.233,8.165,na
1785956399999,LINKUSDT:1h,SELL,-1,0,0.4137,8.235,8.165,hit
1785968699999,BTCUSDT:5m,NEUTRAL,0,0,0.5112,64707.99,64819.23,na
1785968999999,BTCUSDT:30m,NEUTRAL,0,0,0.4619,64707.99,64819.23,na
1785970799999,BTCUSDT:1h,SELL,-1,0,0.4454,64707.99,64819.23,miss
1785974399999,BTCUSDT:1d,NEUTRAL,0,0,0.4781,64323.31,64819.24,na
1785968699999,ETHUSDT:5m,NEUTRAL,0,0,0.4546,1912.56,1909.94,na
1785968999999,ETHUSDT:30m,NEUTRAL,0,0,0.5107,1912.57,1909.94,na
1785970799999,ETHUSDT:1h,STRONG SELL,-1,1,0.3523,1912.57,1909.97,hit
1785974399999,ETHUSDT:1d,NEUTRAL,0,0,0.5099,1872.09,1909.96,na
1785968699999,SOLUSDT:5m,NEUTRAL,0,0,0.4802,74.15,73.86,na
1785968999999,SOLUSDT:30m,SELL,-1,0,0.443,74.15,73.86,hit
1785970799999,SOLUSDT:1h,NEUTRAL,0,0,0.4658,74.15,73.86,na
1785974399999,SOLUSDT:1d,SELL,-1,0,0.4474,74.1,73.86,hit
1785968699999,BNBUSDT:5m,NEUTRAL,0,0,0.458,594.71,595.24,na
1785968999999,BNBUSDT:30m,NEUTRAL,0,0,0.4595,594.71,595.25,na
1785970799999,BNBUSDT:1h,NEUTRAL,0,0,0.4694,594.71,595.24,na
1785974399999,BNBUSDT:1d,NEUTRAL,0,0,0.4867,601.04,595.25,na
1785968699999,XRPUSDT:5m,NEUTRAL,0,0,0.495,1.0649,1.0494,na
1785968999999,XRPUSDT:30m,SELL,-1,0,0.4207,1.0649,1.0494,hit
1785970799999,XRPUSDT:1h,STRONG SELL,-1,1,0.3658,1.0649,1.0496,hit
1785974399999,XRPUSDT:1d,STRONG SELL,-1,1,0.3352,1.0695,1.0496,hit
1785968699999,DOGEUSDT:5m,NEUTRAL,0,0,0.4966,0.07015,0.06983,na
1785968999999,DOGEUSDT:30m,STRONG SELL,-1,1,0.3683,0.07015,0.06983,hit
1785970799999,DOGEUSDT:1h,SELL,-1,0,0.4232,0.07015,0.06983,hit
1785974399999,DOGEUSDT:1d,SELL,-1,0,0.445,0.06988,0.06983,hit
1785968399999,ADAUSDT:5m,SELL,-1,0,0.4382,0.1914,0.1892,hit
1785968999999,ADAUSDT:30m,SELL,-1,0,0.43,0.1915,0.1892,hit
1785970799999,ADAUSDT:1h,BUY,1,0,0.5736,0.1915,0.1892,miss
1785974399999,ADAUSDT:1d,SELL,-1,0,0.3914,0.1903,0.1892,hit
1785968699999,TRXUSDT:5m,STRONG SELL,-1,1,0.297,0.3278,0.3271,hit
1785968999999,TRXUSDT:30m,NEUTRAL,0,0,0.4502,0.3278,0.327,na
1785970799999,TRXUSDT:1h,SELL,-1,0,0.4195,0.3278,0.327,hit
1785974399999,TRXUSDT:1d,NEUTRAL,0,0,0.4857,0.3269,0.327,na
1785968699999,AVAXUSDT:5m,NEUTRAL,0,0,0.4773,6.663,6.69,na
1785968999999,AVAXUSDT:30m,NEUTRAL,0,0,0.48,6.663,6.69,na
1785970799999,AVAXUSDT:1h,NEUTRAL,0,0,0.4718,6.663,6.69,na
1785974399999,AVAXUSDT:1d,NEUTRAL,0,0,0.4737,6.696,6.69,na
1785968699999,LINKUSDT:5m,NEUTRAL,0,0,0.4549,8.165,8.191,na
1785968999999,LINKUSDT:30m,STRONG SELL,-1,1,0.279,8.165,8.191,miss
1785970799999,LINKUSDT:1h,SELL,-1,0,0.4255,8.165,8.191,miss
1785974399999,LINKUSDT:1d,NEUTRAL,0,0,0.5135,8.176,8.191,na
1786003499999,BTCUSDT:5m,STRONG SELL,-1,1,0.3757,64819.23,64372.0,hit
1786004999999,BTCUSDT:30m,NEUTRAL,0,0,0.4665,64819.23,64372.97,na
1786006799999,BTCUSDT:1h,SELL,-1,0,0.4121,64819.23,64372.98,hit
1786060799999,BTCUSDT:1d,NEUTRAL,0,0,0.4887,64819.24,64372.98,na
1786003499999,ETHUSDT:5m,NEUTRAL,0,0,0.5312,1909.94,1901.76,na
1786004999999,ETHUSDT:30m,NEUTRAL,0,0,0.5028,1909.94,1901.77,na
1786006799999,ETHUSDT:1h,SELL,-1,0,0.4348,1909.97,1901.77,hit
1786060799999,ETHUSDT:1d,NEUTRAL,0,0,0.5027,1909.96,1901.77,na
1786003499999,SOLUSDT:5m,SELL,-1,0,0.3872,73.86,72.69,hit
1786004999999,SOLUSDT:30m,NEUTRAL,0,0,0.4646,73.86,72.68,na
1786006799999,SOLUSDT:1h,NEUTRAL,0,0,0.5001,73.86,72.69,na
1786060799999,SOLUSDT:1d,NEUTRAL,0,0,0.4927,73.86,72.69,na
1786003499999,BNBUSDT:5m,NEUTRAL,0,0,0.4713,595.24,593.77,na
1786004999999,BNBUSDT:30m,SELL,-1,0,0.4036,595.25,593.77,hit
1786006799999,BNBUSDT:1h,NEUTRAL,0,0,0.4839,595.24,593.77,na
1786060799999,BNBUSDT:1d,NEUTRAL,0,0,0.4954,595.25,593.72,na
1786003499999,XRPUSDT:5m,SELL,-1,0,0.4311,1.0494,1.0366,hit
1786004999999,XRPUSDT:30m,SELL,-1,0,0.4265,1.0494,1.0366,hit
1786006799999,XRPUSDT:1h,SELL,-1,0,0.4374,1.0496,1.0366,hit
1786060799999,XRPUSDT:1d,SELL,-1,0,0.4126,1.0496,1.0363,hit
1786003499999,DOGEUSDT:5m,SELL,-1,0,0.4249,0.06983,0.06916,hit
1786004999999,DOGEUSDT:30m,STRONG SELL,-1,1,0.3466,0.06983,0.06916,hit
1786006799999,DOGEUSDT:1h,NEUTRAL,0,0,0.5478,0.06983,0.06916,na
1786060799999,DOGEUSDT:1d,STRONG SELL,-1,1,0.3625,0.06983,0.06918,hit
1786003499999,ADAUSDT:5m,SELL,-1,0,0.441,0.1892,0.2004,miss
1786004999999,ADAUSDT:30m,NEUTRAL,0,0,0.4834,0.1892,0.2005,na
1786006799999,ADAUSDT:1h,NEUTRAL,0,0,0.5384,0.1892,0.2005,na
1786060799999,ADAUSDT:1d,SELL,-1,0,0.4115,0.1892,0.2005,miss
1786003499999,TRXUSDT:5m,STRONG SELL,-1,1,0.3514,0.3271,0.3273,miss
1786004999999,TRXUSDT:30m,SELL,-1,0,0.4127,0.327,0.3273,miss
1786006799999,TRXUSDT:1h,SELL,-1,0,0.4002,0.327,0.3273,miss
1786060799999,TRXUSDT:1d,NEUTRAL,0,0,0.508,0.327,0.3273,na
1786003499999,AVAXUSDT:5m,NEUTRAL,0,0,0.4937,6.69,6.416,na
1786004999999,AVAXUSDT:30m,NEUTRAL,0,0,0.531,6.69,6.416,na
1786006799999,AVAXUSDT:1h,NEUTRAL,0,0,0.5156,6.69,6.416,na
1786060799999,AVAXUSDT:1d,NEUTRAL,0,0,0.4801,6.69,6.416,na
1786003499999,LINKUSDT:5m,STRONG SELL,-1,1,0.3652,8.191,8.229,miss
1786004999999,LINKUSDT:30m,SELL,-1,0,0.3971,8.191,8.229,miss
1786006799999,LINKUSDT:1h,SELL,-1,0,0.4016,8.191,8.229,miss
1786060799999,LINKUSDT:1d,NEUTRAL,0,0,0.5162,8.191,8.229,na
1786067099999,BTCUSDT:5m,STRONG BUY,1,1,0.6206,64372.0,64335.86,miss
1786067999999,BTCUSDT:30m,SELL,-1,0,0.4278,64372.97,64333.0,hit
1786067999999,BTCUSDT:1h,NEUTRAL,0,0,0.475,64372.98,64333.01,na
1786067099999,ETHUSDT:5m,SELL,-1,0,0.401,1901.76,1901.05,hit
1786067999999,ETHUSDT:30m,NEUTRAL,0,0,0.478,1901.77,1901.01,na
1786067999999,ETHUSDT:1h,NEUTRAL,0,0,0.4536,1901.77,1900.97,na
1786067099999,SOLUSDT:5m,SELL,-1,0,0.427,72.69,72.87,miss
1786067999999,SOLUSDT:30m,SELL,-1,0,0.4264,72.68,72.88,miss
1786067999999,SOLUSDT:1h,NEUTRAL,0,0,0.4842,72.69,72.87,na
1786067099999,BNBUSDT:5m,NEUTRAL,0,0,0.4958,593.77,587.6,na
1786067999999,BNBUSDT:30m,NEUTRAL,0,0,0.4645,593.77,587.61,na
1786067999999,BNBUSDT:1h,NEUTRAL,0,0,0.4799,593.77,587.72,na
1786067099999,XRPUSDT:5m,NEUTRAL,0,0,0.4813,1.0366,1.0214,na
1786067999999,XRPUSDT:30m,STRONG SELL,-1,1,0.3379,1.0366,1.0214,hit
1786067999999,XRPUSDT:1h,SELL,-1,0,0.4314,1.0366,1.0214,hit
1786067099999,DOGEUSDT:5m,NEUTRAL,0,0,0.4724,0.06916,0.06922,na
1786067999999,DOGEUSDT:30m,BUY,1,0,0.583,0.06916,0.06922,hit
1786067999999,DOGEUSDT:1h,NEUTRAL,0,0,0.5014,0.06916,0.06922,na
1786067099999,ADAUSDT:5m,NEUTRAL,0,0,0.5144,0.2004,0.2019,na
1786067999999,ADAUSDT:30m,NEUTRAL,0,0,0.5053,0.2005,0.2019,na
1786067999999,ADAUSDT:1h,BUY,1,0,0.5706,0.2005,0.2019,hit
1786067099999,TRXUSDT:5m,STRONG SELL,-1,1,0.3583,0.3273,0.3269,hit
1786067999999,TRXUSDT:30m,SELL,-1,0,0.4044,0.3273,0.3268,hit
1786067999999,TRXUSDT:1h,SELL,-1,0,0.3892,0.3273,0.3268,hit
1786067099999,AVAXUSDT:5m,NEUTRAL,0,0,0.4596,6.416,6.406,na
1786067999999,AVAXUSDT:30m,NEUTRAL,0,0,0.5135,6.416,6.406,na
1786067999999,AVAXUSDT:1h,NEUTRAL,0,0,0.4708,6.416,6.406,na
1786067399999,LINKUSDT:5m,NEUTRAL,0,0,0.5236,8.229,8.158,na
1786067999999,LINKUSDT:30m,NEUTRAL,0,0,0.4803,8.229,8.158,na
1786067999999,LINKUSDT:1h,NEUTRAL,0,0,0.4639,8.229,8.158,na
1786082699999,BTCUSDT:5m,STRONG SELL,-1,1,0.3093,64335.86,64937.68,miss
1786084199999,BTCUSDT:30m,SELL,-1,0,0.4332,64333.0,64937.68,miss
1786085999999,BTCUSDT:1h,NEUTRAL,0,0,0.4992,64333.01,64937.69,na
1786082699999,ETHUSDT:5m,SELL,-1,0,0.4424,1901.05,1917.09,miss
1786084199999,ETHUSDT:30m,NEUTRAL,0,0,0.4819,1901.01,1917.08,na
1786085999999,ETHUSDT:1h,SELL,-1,0,0.4177,1900.97,1917.08,miss
1786082699999,SOLUSDT:5m,SELL,-1,0,0.41,72.87,73.69,miss
1786084199999,SOLUSDT:30m,SELL,-1,0,0.4016,72.88,73.7,miss
1786085999999,SOLUSDT:1h,NEUTRAL,0,0,0.4752,72.87,73.7,na
1786082699999,BNBUSDT:5m,NEUTRAL,0,0,0.4674,587.6,589.87,na
1786084199999,BNBUSDT:30m,NEUTRAL,0,0,0.4642,587.61,589.86,na
1786085999999,BNBUSDT:1h,NEUTRAL,0,0,0.4826,587.72,589.87,na
1786082699999,XRPUSDT:5m,NEUTRAL,0,0,0.4686,1.0214,1.0368,na
1786084199999,XRPUSDT:30m,SELL,-1,0,0.4056,1.0214,1.0369,miss
1786085999999,XRPUSDT:1h,SELL,-1,0,0.4259,1.0214,1.0369,miss
1786082699999,DOGEUSDT:5m,SELL,-1,0,0.4303,0.06922,0.06957,miss
1786084199999,DOGEUSDT:30m,SELL,-1,0,0.4249,0.06922,0.06957,miss
1786085999999,DOGEUSDT:1h,NEUTRAL,0,0,0.5145,0.06922,0.06957,na
1786082699999,ADAUSDT:5m,NEUTRAL,0,0,0.4961,0.2019,0.2005,na
1786084199999,ADAUSDT:30m,SELL,-1,0,0.3919,0.2019,0.2005,hit
1786085999999,ADAUSDT:1h,NEUTRAL,0,0,0.5311,0.2019,0.2005,na
1786082699999,TRXUSDT:5m,SELL,-1,0,0.4397,0.3269,0.3269,hit
1786084199999,TRXUSDT:30m,STRONG SELL,-1,1,0.3601,0.3268,0.3269,miss
1786085999999,TRXUSDT:1h,STRONG SELL,-1,1,0.3778,0.3268,0.3269,miss
1786082699999,AVAXUSDT:5m,NEUTRAL,0,0,0.504,6.406,6.447,na
1786084199999,AVAXUSDT:30m,NEUTRAL,0,0,0.4927,6.406,6.446,na
1786085999999,AVAXUSDT:1h,NEUTRAL,0,0,0.4693,6.406,6.448,na
1786082699999,LINKUSDT:5m,SELL,-1,0,0.4401,8.158,8.234,miss
1786084199999,LINKUSDT:30m,NEUTRAL,0,0,0.5499,8.158,8.234,na
1786085999999,LINKUSDT:1h,NEUTRAL,0,0,0.4731,8.158,8.234,na
1786095599999,BTCUSDT:5m,STRONG BUY,1,1,0.6311,64937.68,65075.39,hit
1786096799999,BTCUSDT:30m,NEUTRAL,0,0,0.4655,64937.68,65075.53,na
1786096799999,BTCUSDT:1h,NEUTRAL,0,0,0.4788,64937.69,65075.53,na
1786095599999,ETHUSDT:5m,SELL,-1,0,0.4272,1917.09,1919.24,miss
1786096799999,ETHUSDT:30m,NEUTRAL,0,0,0.5055,1917.08,1919.96,na
1786096799999,ETHUSDT:1h,BUY,1,0,0.5759,1917.08,1919.99,hit
1786095599999,SOLUSDT:5m,BUY,1,0,0.5587,73.69,73.7,hit
1786096799999,SOLUSDT:30m,NEUTRAL,0,0,0.4584,73.7,73.7,na
1786096799999,SOLUSDT:1h,NEUTRAL,0,0,0.5483,73.7,73.7,na
1786095599999,BNBUSDT:5m,NEUTRAL,0,0,0.5244,589.87,591.63,na
1786096799999,BNBUSDT:30m,NEUTRAL,0,0,0.4643,589.86,591.62,na
1786096799999,BNBUSDT:1h,NEUTRAL,0,0,0.4895,589.87,591.63,na
1786095599999,XRPUSDT:5m,STRONG SELL,-1,1,0.3682,1.0368,1.035,hit
1786096799999,XRPUSDT:30m,SELL,-1,0,0.4357,1.0369,1.035,hit
1786096799999,XRPUSDT:1h,SELL,-1,0,0.4348,1.0369,1.035,hit
1786095599999,DOGEUSDT:5m,SELL,-1,0,0.4269,0.06957,0.06967,miss
1786096799999,DOGEUSDT:30m,STRONG SELL,-1,1,0.3788,0.06957,0.06967,miss
1786096799999,DOGEUSDT:1h,NEUTRAL,0,0,0.4994,0.06957,0.06967,na
1786095599999,ADAUSDT:5m,NEUTRAL,0,0,0.5044,0.2005,0.2014,na
1786096799999,ADAUSDT:30m,SELL,-1,0,0.4237,0.2005,0.2014,miss
1786096799999,ADAUSDT:1h,STRONG SELL,-1,1,0.3665,0.2005,0.2014,miss
1786095599999,TRXUSDT:5m,STRONG SELL,-1,1,0.3229,0.3269,0.3282,miss
1786096799999,TRXUSDT:30m,STRONG SELL,-1,1,0.3537,0.3269,0.3283,miss
1786096799999,TRXUSDT:1h,SELL,-1,0,0.3899,0.3269,0.3283,miss
1786095599999,AVAXUSDT:5m,NEUTRAL,0,0,0.465,6.447,6.477,na
1786096799999,AVAXUSDT:30m,NEUTRAL,0,0,0.5163,6.446,6.476,na
1786096799999,AVAXUSDT:1h,NEUTRAL,0,0,0.4967,6.448,6.476,na
1786095599999,LINKUSDT:5m,SELL,-1,0,0.3809,8.234,8.227,hit
1786096799999,LINKUSDT:30m,SELL,-1,0,0.4284,8.234,8.227,hit
1786096799999,LINKUSDT:1h,NEUTRAL,0,0,0.4912,8.234,8.227,na
1786104299999,BTCUSDT:5m,STRONG BUY,1,1,0.6256,65075.39,64952.49,miss
1786105799999,BTCUSDT:30m,SELL,-1,0,0.4116,65075.53,64951.18,hit
1786107599999,BTCUSDT:1h,NEUTRAL,0,0,0.4585,65075.53,64951.17,na
1786104299999,ETHUSDT:5m,BUY,1,0,0.5689,1919.24,1915.05,miss
1786105799999,ETHUSDT:30m,BUY,1,0,0.614,1919.96,1915.05,miss
1786107599999,ETHUSDT:1h,NEUTRAL,0,0,0.4717,1919.99,1915.05,na
1786104299999,SOLUSDT:5m,NEUTRAL,0,0,0.4864,73.7,73.82,na
1786105799999,SOLUSDT:30m,NEUTRAL,0,0,0.4683,73.7,73.82,na
1786107599999,SOLUSDT:1h,NEUTRAL,0,0,0.4812,73.7,73.82,na
1786104299999,BNBUSDT:5m,NEUTRAL,0,0,0.4752,591.63,591.66,na
1786105799999,BNBUSDT:30m,NEUTRAL,0,0,0.4868,591.62,591.66,na
1786107599999,BNBUSDT:1h,NEUTRAL,0,0,0.485,591.63,591.65,na
1786104299999,XRPUSDT:5m,NEUTRAL,0,0,0.5181,1.035,1.0281,na
1786105799999,XRPUSDT:30m,SELL,-1,0,0.4379,1.035,1.0281,hit
1786107599999,XRPUSDT:1h,SELL,-1,0,0.4297,1.035,1.0282,hit
1786104299999,DOGEUSDT:5m,NEUTRAL,0,0,0.5152,0.06967,0.0698,na
1786105799999,DOGEUSDT:30m,NEUTRAL,0,0,0.4511,0.06967,0.0698,na
1786107599999,DOGEUSDT:1h,NEUTRAL,0,0,0.4792,0.06967,0.0698,na
1786104299999,ADAUSDT:5m,NEUTRAL,0,0,0.4553,0.2014,0.1984,na
1786105799999,ADAUSDT:30m,NEUTRAL,0,0,0.5161,0.2014,0.1984,na
1786107599999,ADAUSDT:1h,SELL,-1,0,0.4156,0.2014,0.1984,hit
1786104299999,TRXUSDT:5m,STRONG SELL,-1,1,0.2891,0.3282,0.3283,miss
1786105799999,TRXUSDT:30m,SELL,-1,0,0.3843,0.3283,0.3283,hit
1786107599999,TRXUSDT:1h,SELL,-1,0,0.4019,0.3283,0.3283,hit
1786104299999,AVAXUSDT:5m,NEUTRAL,0,0,0.4602,6.477,6.44,na
1786105799999,AVAXUSDT:30m,NEUTRAL,0,0,0.5129,6.476,6.44,na
1786107599999,AVAXUSDT:1h,NEUTRAL,0,0,0.49,6.476,6.44,na
1786104299999,LINKUSDT:5m,SELL,-1,0,0.4286,8.227,8.263,miss
1786105799999,LINKUSDT:30m,NEUTRAL,0,0,0.4689,8.227,8.263,na
1786107599999,LINKUSDT:1h,STRONG SELL,-1,1,0.378,8.227,8.263,miss
1786115699999,BTCUSDT:5m,SELL,-1,0,0.3941,64952.49,64850.01,hit
1786116599999,BTCUSDT:30m,SELL,-1,0,0.4174,64951.18,64841.99,hit
1786118399999,BTCUSDT:1h,NEUTRAL,0,0,0.49,64951.17,64841.99,na
1786115699999,ETHUSDT:5m,NEUTRAL,0,0,0.5091,1915.05,1913.37,na
1786116599999,ETHUSDT:30m,NEUTRAL,0,0,0.5014,1915.05,1913.38,na
1786118399999,ETHUSDT:1h,NEUTRAL,0,0,0.5153,1915.05,1913.38,na
1786115699999,SOLUSDT:5m,NEUTRAL,0,0,0.4691,73.82,73.47,na
1786116599999,SOLUSDT:30m,SELL,-1,0,0.446,73.82,73.47,hit
1786118399999,SOLUSDT:1h,NEUTRAL,0,0,0.4872,73.82,73.47,na
1786115699999,BNBUSDT:5m,NEUTRAL,0,0,0.5149,591.66,592.27,na
1786116599999,BNBUSDT:30m,NEUTRAL,0,0,0.4945,591.66,592.26,na
1786118399999,BNBUSDT:1h,BUY,1,0,0.5692,591.65,592.26,hit
1786115699999,XRPUSDT:5m,NEUTRAL,0,0,0.5453,1.0281,1.0175,na
1786116599999,XRPUSDT:30m,SELL,-1,0,0.4283,1.0281,1.0175,hit
1786118399999,XRPUSDT:1h,SELL,-1,0,0.4381,1.0282,1.0175,hit
1786115699999,DOGEUSDT:5m,NEUTRAL,0,0,0.5129,0.0698,0.06974,na
1786116599999,DOGEUSDT:30m,SELL,-1,0,0.3817,0.0698,0.06974,hit
1786118399999,DOGEUSDT:1h,NEUTRAL,0,0,0.5068,0.0698,0.06974,na
1786115699999,ADAUSDT:5m,SELL,-1,0,0.4248,0.1984,0.1982,hit
1786116599999,ADAUSDT:30m,NEUTRAL,0,0,0.4796,0.1984,0.1982,na
1786118399999,ADAUSDT:1h,NEUTRAL,0,0,0.478,0.1984,0.1982,na
1786115699999,TRXUSDT:5m,STRONG SELL,-1,1,0.3768,0.3283,0.3274,hit
1786116599999,TRXUSDT:30m,SELL,-1,0,0.4388,0.3283,0.3275,hit
1786118399999,TRXUSDT:1h,SELL,-1,0,0.3975,0.3283,0.3275,hit
1786115699999,AVAXUSDT:5m,NEUTRAL,0,0,0.4677,6.44,6.4,na
1786116599999,AVAXUSDT:30m,NEUTRAL,0,0,0.4885,6.44,6.4,na
1786118399999,AVAXUSDT:1h,NEUTRAL,0,0,0.489,6.44,6.4,na
1786115699999,LINKUSDT:5m,SELL,-1,0,0.4331,8.263,8.211,hit
1786116599999,LINKUSDT:30m,NEUTRAL,0,0,0.4946,8.263,8.211,na
1786118399999,LINKUSDT:1h,SELL,-1,0,0.4443,8.263,8.211,hit
1786126199999,BTCUSDT:5m,NEUTRAL,0,0,0.5092,64850.01,65008.42,na
1786127399999,BTCUSDT:30m,BUY,1,0,0.5686,64841.99,65008.41,hit
1786129199999,BTCUSDT:1h,NEUTRAL,0,0,0.4868,64841.99,65008.41,na
1786126199999,ETHUSDT:5m,NEUTRAL,0,0,0.5015,1913.37,1918.66,na
1786127399999,ETHUSDT:30m,NEUTRAL,0,0,0.4944,1913.38,1918.13,na
1786129199999,ETHUSDT:1h,NEUTRAL,0,0,0.5153,1913.38,1918.13,na
1786126199999,SOLUSDT:5m,NEUTRAL,0,0,0.4652,73.47,74.02,na
1786127399999,SOLUSDT:30m,SELL,-1,0,0.4304,73.47,74.02,miss
1786129199999,SOLUSDT:1h,NEUTRAL,0,0,0.483,73.47,74.02,na
1786126199999,BNBUSDT:5m,NEUTRAL,0,0,0.4642,592.27,593.24,na
1786127399999,BNBUSDT:30m,NEUTRAL,0,0,0.5306,592.26,593.24,na
1786129199999,BNBUSDT:1h,NEUTRAL,0,0,0.5288,592.26,593.24,na
1786126199999,XRPUSDT:5m,NEUTRAL,0,0,0.5122,1.0175,1.0242,na
1786127399999,XRPUSDT:30m,NEUTRAL,0,0,0.4858,1.0175,1.0241,na
1786129199999,XRPUSDT:1h,NEUTRAL,0,0,0.5015,1.0175,1.0241,na
1786126199999,DOGEUSDT:5m,NEUTRAL,0,0,0.509,0.06974,0.06985,na
1786127399999,DOGEUSDT:30m,NEUTRAL,0,0,0.4882,0.06974,0.06985,na
1786129199999,DOGEUSDT:1h,NEUTRAL,0,0,0.5248,0.06974,0.06986,na
1786126199999,ADAUSDT:5m,SELL,-1,0,0.4135,0.1982,0.2015,miss
1786127399999,ADAUSDT:30m,NEUTRAL,0,0,0.4684,0.1982,0.2015,na
1786129199999,ADAUSDT:1h,NEUTRAL,0,0,0.463,0.1982,0.2015,na
1786126199999,TRXUSDT:5m,NEUTRAL,0,0,0.4787,0.3274,0.3272,na
1786127399999,TRXUSDT:30m,STRONG SELL,-1,1,0.3529,0.3275,0.3272,hit
1786129199999,TRXUSDT:1h,STRONG SELL,-1,1,0.2538,0.3275,0.3272,hit
1786126199999,AVAXUSDT:5m,NEUTRAL,0,0,0.5085,6.4,6.445,na
1786127399999,AVAXUSDT:30m,NEUTRAL,0,0,0.5033,6.4,6.445,na
1786129199999,AVAXUSDT:1h,NEUTRAL,0,0,0.4936,6.4,6.445,na
1786126199999,LINKUSDT:5m,SELL,-1,0,0.4222,8.211,8.212,miss
1786127399999,LINKUSDT:30m,SELL,-1,0,0.393,8.211,8.212,miss
1786129199999,LINKUSDT:1h,NEUTRAL,0,0,0.4571,8.211,8.212,na
1786133399999,BTCUSDT:5m,SELL,-1,0,0.4231,65008.42,64922.81,hit
1786134599999,BTCUSDT:30m,SELL,-1,0,0.4116,65008.41,64922.82,hit
1786136399999,BTCUSDT:1h,NEUTRAL,0,0,0.4697,65008.41,64922.82,na
1786133399999,ETHUSDT:5m,SELL,-1,0,0.386,1918.66,1915.87,hit
1786134599999,ETHUSDT:30m,NEUTRAL,0,0,0.5425,1918.13,1915.87,na
1786136399999,ETHUSDT:1h,NEUTRAL,0,0,0.4888,1918.13,1915.87,na
1786133699999,SOLUSDT:5m,NEUTRAL,0,0,0.5262,74.02,73.65,na
1786134599999,SOLUSDT:30m,NEUTRAL,0,0,0.5236,74.02,73.65,na
1786136399999,SOLUSDT:1h,NEUTRAL,0,0,0.4706,74.02,73.65,na
1786133699999,BNBUSDT:5m,NEUTRAL,0,0,0.5435,593.24,592.62,na
1786134599999,BNBUSDT:30m,NEUTRAL,0,0,0.4974,593.24,592.62,na
1786136399999,BNBUSDT:1h,NEUTRAL,0,0,0.5141,593.24,592.62,na
1786133699999,XRPUSDT:5m,NEUTRAL,0,0,0.469,1.0242,1.0236,na
1786134599999,XRPUSDT:30m,NEUTRAL,0,0,0.4633,1.0241,1.0236,na
1786136399999,XRPUSDT:1h,NEUTRAL,0,0,0.4643,1.0241,1.0236,na
1786133699999,DOGEUSDT:5m,NEUTRAL,0,0,0.5095,0.06985,0.06976,na
1786134599999,DOGEUSDT:30m,NEUTRAL,0,0,0.5107,0.06985,0.06976,na
1786136399999,DOGEUSDT:1h,NEUTRAL,0,0,0.5103,0.06986,0.06977,na
1786133399999,ADAUSDT:5m,NEUTRAL,0,0,0.4565,0.2015,0.2017,na
1786134599999,ADAUSDT:30m,NEUTRAL,0,0,0.4807,0.2015,0.2017,na
1786136399999,ADAUSDT:1h,NEUTRAL,0,0,0.4526,0.2015,0.2017,na
1786133699999,TRXUSDT:5m,STRONG SELL,-1,1,0.2565,0.3272,0.3275,miss
1786134599999,TRXUSDT:30m,NEUTRAL,0,0,0.4531,0.3272,0.3275,na
1786136399999,TRXUSDT:1h,SELL,-1,0,0.4315,0.3272,0.3275,miss
1786133699999,AVAXUSDT:5m,NEUTRAL,0,0,0.523,6.445,6.44,na
1786134599999,AVAXUSDT:30m,NEUTRAL,0,0,0.5316,6.445,6.44,na
1786136399999,AVAXUSDT:1h,NEUTRAL,0,0,0.4805,6.445,6.44,na
1786133699999,LINKUSDT:5m,SELL,-1,0,0.4041,8.212,8.187,hit
1786134599999,LINKUSDT:30m,NEUTRAL,0,0,0.4518,8.212,8.187,na
1786136399999,LINKUSDT:1h,NEUTRAL,0,0,0.4607,8.212,8.187,na
1786140599999,BTCUSDT:5m,BUY,1,0,0.5892,64922.81,64914.0,miss
1786141799999,BTCUSDT:30m,BUY,1,0,0.5881,64922.82,64914.0,miss
1786143599999,BTCUSDT:1h,NEUTRAL,0,0,0.4901,64922.82,64914.0,na
1786140599999,ETHUSDT:5m,NEUTRAL,0,0,0.4521,1915.87,1914.75,na
1786141799999,ETHUSDT:30m,NEUTRAL,0,0,0.4801,1915.87,1914.75,na
1786143599999,ETHUSDT:1h,NEUTRAL,0,0,0.5098,1915.87,1914.75,na
1786140599999,SOLUSDT:5m,BUY,1,0,0.5505,73.65,73.68,hit
1786141799999,SOLUSDT:30m,SELL,-1,0,0.4221,73.65,73.69,miss
1786143599999,SOLUSDT:1h,NEUTRAL,0,0,0.4523,73.65,73.69,na
1786140599999,BNBUSDT:5m,NEUTRAL,0,0,0.5334,592.62,592.55,na
1786141799999,BNBUSDT:30m,NEUTRAL,0,0,0.4997,592.62,592.55,na
1786143599999,BNBUSDT:1h,NEUTRAL,0,0,0.5268,592.62,592.55,na
1786140599999,XRPUSDT:5m,NEUTRAL,0,0,0.5354,1.0236,1.0217,na
1786141799999,XRPUSDT:30m,SELL,-1,0,0.4301,1.0236,1.0218,hit
1786143599999,XRPUSDT:1h,STRONG SELL,-1,1,0.371,1.0236,1.0218,hit
1786140599999,DOGEUSDT:5m,NEUTRAL,0,0,0.4587,0.06976,0.06966,na
1786141799999,DOGEUSDT:30m,NEUTRAL,0,0,0.4717,0.06976,0.06966,na
1786143599999,DOGEUSDT:1h,NEUTRAL,0,0,0.5131,0.06977,0.06966,na
1786140899999,ADAUSDT:5m,NEUTRAL,0,0,0.4741,0.2017,0.2008,na
1786141799999,ADAUSDT:30m,NEUTRAL,0,0,0.486,0.2017,0.2008,na
1786143599999,ADAUSDT:1h,NEUTRAL,0,0,0.528,0.2017,0.2008,na
1786140899999,TRXUSDT:5m,STRONG SELL,-1,1,0.3001,0.3275,0.3275,hit
1786141799999,TRXUSDT:30m,STRONG SELL,-1,1,0.3226,0.3275,0.3275,hit
1786143599999,TRXUSDT:1h,STRONG SELL,-1,1,0.2808,0.3275,0.3275,hit
1786140599999,AVAXUSDT:5m,NEUTRAL,0,0,0.4981,6.44,6.429,na
1786141799999,AVAXUSDT:30m,NEUTRAL,0,0,0.5253,6.44,6.429,na
1786143599999,AVAXUSDT:1h,NEUTRAL,0,0,0.5387,6.44,6.429,na
1786140899999,LINKUSDT:5m,STRONG SELL,-1,1,0.3617,8.187,8.182,hit
1786141799999,LINKUSDT:30m,NEUTRAL,0,0,0.4725,8.187,8.182,na
1786143599999,LINKUSDT:1h,SELL,-1,0,0.4023,8.187,8.182,hit
1786146899999,BTCUSDT:5m,NEUTRAL,0,0,0.5148,64914.0,64981.6,na
1786147199999,BTCUSDT:30m,STRONG SELL,-1,1,0.3577,64914.0,64990.1,miss
1786147199999,BTCUSDT:1h,NEUTRAL,0,0,0.4927,64914.0,64990.1,na
1786147199999,BTCUSDT:1d,NEUTRAL,0,0,0.4891,64372.98,64990.1,na
1786146899999,ETHUSDT:5m,NEUTRAL,0,0,0.5278,1914.75,1917.34,na
1786147199999,ETHUSDT:30m,SELL,-1,0,0.4377,1914.75,1917.34,miss
1786147199999,ETHUSDT:1h,NEUTRAL,0,0,0.4973,1914.75,1917.34,na
1786147199999,ETHUSDT:1d,NEUTRAL,0,0,0.4607,1901.77,1917.34,na
1786146899999,SOLUSDT:5m,SELL,-1,0,0.4342,73.68,74.75,miss
1786147199999,SOLUSDT:30m,SELL,-1,0,0.4174,73.69,74.75,miss
1786147199999,SOLUSDT:1h,SELL,-1,0,0.4443,73.69,74.75,miss
1786147199999,SOLUSDT:1d,NEUTRAL,0,0,0.4829,72.69,74.74,na
1786146899999,BNBUSDT:5m,NEUTRAL,0,0,0.501,592.55,593.19,na
1786147199999,BNBUSDT:30m,NEUTRAL,0,0,0.4789,592.55,593.2,na
1786147199999,BNBUSDT:1h,NEUTRAL,0,0,0.5335,592.55,593.2,na
1786147199999,BNBUSDT:1d,NEUTRAL,0,0,0.478,593.72,593.2,na
1786146899999,XRPUSDT:5m,NEUTRAL,0,0,0.5005,1.0217,1.0369,na
1786147199999,XRPUSDT:30m,NEUTRAL,0,0,0.4573,1.0218,1.0369,na
1786147199999,XRPUSDT:1h,SELL,-1,0,0.4114,1.0218,1.0369,miss
1786147199999,XRPUSDT:1d,STRONG SELL,-1,1,0.3681,1.0363,1.037,miss
1786146899999,DOGEUSDT:5m,SELL,-1,0,0.4383,0.06966,0.07016,miss
1786147199999,DOGEUSDT:30m,NEUTRAL,0,0,0.4924,0.06966,0.07016,na
1786147199999,DOGEUSDT:1h,NEUTRAL,0,0,0.5024,0.06966,0.07016,na
1786147199999,DOGEUSDT:1d,SELL,-1,0,0.4194,0.06918,0.07016,miss
1786146899999,ADAUSDT:5m,NEUTRAL,0,0,0.4922,0.2008,0.2011,na
1786147199999,ADAUSDT:30m,NEUTRAL,0,0,0.477,0.2008,0.2011,na
1786147199999,ADAUSDT:1h,NEUTRAL,0,0,0.4578,0.2008,0.2011,na
1786147199999,ADAUSDT:1d,SELL,-1,0,0.3857,0.2005,0.2011,miss
1786146899999,TRXUSDT:5m,SELL,-1,0,0.4072,0.3275,0.3276,miss
1786147199999,TRXUSDT:30m,NEUTRAL,0,0,0.4658,0.3275,0.3276,na
1786147199999,TRXUSDT:1h,STRONG SELL,-1,1,0.3298,0.3275,0.3276,miss
1786147199999,TRXUSDT:1d,NEUTRAL,0,0,0.5432,0.3273,0.3276,na
1786146899999,AVAXUSDT:5m,NEUTRAL,0,0,0.5049,6.429,6.527,na
1786147199999,AVAXUSDT:30m,NEUTRAL,0,0,0.5391,6.429,6.527,na
1786147199999,AVAXUSDT:1h,NEUTRAL,0,0,0.4762,6.429,6.527,na
1786147199999,AVAXUSDT:1d,NEUTRAL,0,0,0.4688,6.416,6.527,na
1786146899999,LINKUSDT:5m,SELL,-1,0,0.4202,8.182,8.269,miss
1786147199999,LINKUSDT:30m,NEUTRAL,0,0,0.4682,8.182,8.269,na
1786147199999,LINKUSDT:1h,NEUTRAL,0,0,0.4521,8.182,8.269,na
1786147199999,LINKUSDT:1d,SELL,-1,0,0.4381,8.229,8.267,miss
1786162799999,BTCUSDT:5m,NEUTRAL,0,0,0.5095,64981.6,64980.26,na
1786163399999,BTCUSDT:30m,NEUTRAL,0,0,0.5007,64990.1,64980.25,na
1786165199999,BTCUSDT:1h,SELL,-1,0,0.4466,64990.1,64980.26,hit
1786162799999,ETHUSDT:5m,BUY,1,0,0.5833,1917.34,1916.65,miss
1786163399999,ETHUSDT:30m,NEUTRAL,0,0,0.4728,1917.34,1916.52,na
1786165199999,ETHUSDT:1h,NEUTRAL,0,0,0.4507,1917.34,1916.52,na
1786162799999,SOLUSDT:5m,BUY,1,0,0.5922,74.75,74.69,miss
1786163399999,SOLUSDT:30m,SELL,-1,0,0.4465,74.75,74.69,hit
1786165199999,SOLUSDT:1h,STRONG SELL,-1,1,0.3785,74.75,74.69,hit
1786162799999,BNBUSDT:5m,BUY,1,0,0.562,593.19,593.87,hit
1786163399999,BNBUSDT:30m,NEUTRAL,0,0,0.4598,593.2,593.87,na
1786165199999,BNBUSDT:1h,NEUTRAL,0,0,0.4769,593.2,593.87,na
1786162799999,XRPUSDT:5m,BUY,1,0,0.5825,1.0369,1.0329,miss
1786163399999,XRPUSDT:30m,NEUTRAL,0,0,0.4522,1.0369,1.0328,na
1786165199999,XRPUSDT:1h,NEUTRAL,0,0,0.4594,1.0369,1.0328,na
1786162799999,DOGEUSDT:5m,NEUTRAL,0,0,0.4733,0.07016,0.07025,na
1786163399999,DOGEUSDT:30m,NEUTRAL,0,0,0.5207,0.07016,0.07025,na
1786165199999,DOGEUSDT:1h,NEUTRAL,0,0,0.4735,0.07016,0.07025,na
1786162799999,ADAUSDT:5m,NEUTRAL,0,0,0.4606,0.2011,0.1998,na
1786163399999,ADAUSDT:30m,NEUTRAL,0,0,0.5034,0.2011,0.1998,na
1786165199999,ADAUSDT:1h,SELL,-1,0,0.4305,0.2011,0.1998,hit
1786162799999,TRXUSDT:5m,SELL,-1,0,0.4008,0.3276,0.3274,hit
1786163399999,TRXUSDT:30m,BUY,1,0,0.5538,0.3276,0.3274,miss
1786165199999,TRXUSDT:1h,STRONG SELL,-1,1,0.3773,0.3276,0.3274,hit
1786162799999,AVAXUSDT:5m,NEUTRAL,0,0,0.5461,6.527,6.516,na
1786163399999,AVAXUSDT:30m,NEUTRAL,0,0,0.5066,6.527,6.516,na
1786165199999,AVAXUSDT:1h,NEUTRAL,0,0,0.4745,6.527,6.516,na
1786162799999,LINKUSDT:5m,SELL,-1,0,0.4354,8.269,8.261,hit
1786163399999,LINKUSDT:30m,NEUTRAL,0,0,0.4811,8.269,8.261,na
1786165199999,LINKUSDT:1h,SELL,-1,0,0.431,8.269,8.261,hit
1786170599999,BTCUSDT:5m,NEUTRAL,0,0,0.5195,64980.26,64963.07,na
1786170599999,BTCUSDT:30m,BUY,1,0,0.5831,64980.25,64963.07,miss
1786172399999,BTCUSDT:1h,NEUTRAL,0,0,0.4739,64980.26,64963.07,na
1786170599999,ETHUSDT:5m,STRONG SELL,-1,1,0.3387,1916.65,1915.21,hit
1786170599999,ETHUSDT:30m,NEUTRAL,0,0,0.4817,1916.52,1915.21,na
1786172399999,ETHUSDT:1h,NEUTRAL,0,0,0.5298,1916.52,1915.21,na
1786170599999,SOLUSDT:5m,NEUTRAL,0,0,0.5024,74.69,74.7,na
1786170599999,SOLUSDT:30m,NEUTRAL,0,0,0.4942,74.69,74.7,na
1786172399999,SOLUSDT:1h,NEUTRAL,0,0,0.4681,74.69,74.7,na
1786170599999,BNBUSDT:5m,STRONG BUY,1,1,0.6227,593.87,593.78,miss
1786170599999,BNBUSDT:30m,NEUTRAL,0,0,0.4936,593.87,593.78,na
1786172399999,BNBUSDT:1h,NEUTRAL,0,0,0.5028,593.87,593.75,na
1786170599999,XRPUSDT:5m,NEUTRAL,0,0,0.5133,1.0329,1.034,na
1786170599999,XRPUSDT:30m,SELL,-1,0,0.4424,1.0328,1.034,miss
1786172399999,XRPUSDT:1h,SELL,-1,0,0.4174,1.0328,1.034,miss
1786170599999,DOGEUSDT:5m,NEUTRAL,0,0,0.5116,0.07025,0.07014,na
1786170599999,DOGEUSDT:30m,NEUTRAL,0,0,0.4898,0.07025,0.07015,na
1786172399999,DOGEUSDT:1h,NEUTRAL,0,0,0.4914,0.07025,0.07015,na
1786170599999,ADAUSDT:5m,SELL,-1,0,0.448,0.1998,0.1995,hit
1786170599999,ADAUSDT:30m,NEUTRAL,0,0,0.4653,0.1998,0.1995,na
1786172399999,ADAUSDT:1h,SELL,-1,0,0.4052,0.1998,0.1995,hit
1786170599999,TRXUSDT:5m,STRONG SELL,-1,1,0.2237,0.3274,0.3276,miss
1786170599999,TRXUSDT:30m,NEUTRAL,0,0,0.4577,0.3274,0.3275,na
1786172399999,TRXUSDT:1h,SELL,-1,0,0.3836,0.3274,0.3275,miss
1786170599999,AVAXUSDT:5m,NEUTRAL,0,0,0.5167,6.516,6.524,na
1786170599999,AVAXUSDT:30m,NEUTRAL,0,0,0.5185,6.516,6.524,na
1786172399999,AVAXUSDT:1h,NEUTRAL,0,0,0.5023,6.516,6.524,na
1786170599999,LINKUSDT:5m,NEUTRAL,0,0,0.4877,8.261,8.255,na
1786170599999,LINKUSDT:30m,NEUTRAL,0,0,0.4528,8.261,8.255,na
1786172399999,LINKUSDT:1h,NEUTRAL,0,0,0.4595,8.261,8.255,na
1786177499999,BTCUSDT:5m,NEUTRAL,0,0,0.4604,64963.07,64994.32,na
1786177799999,BTCUSDT:30m,BUY,1,0,0.5585,64963.07,64994.31,hit
1786179599999,BTCUSDT:1h,NEUTRAL,0,0,0.5132,64963.07,64994.31,na
1786177499999,ETHUSDT:5m,SELL,-1,0,0.4044,1915.21,1919.27,miss
1786177799999,ETHUSDT:30m,NEUTRAL,0,0,0.486,1915.21,1919.26,na
1786179599999,ETHUSDT:1h,NEUTRAL,0,0,0.5115,1915.21,1919.3,na
1786177499999,SOLUSDT:5m,BUY,1,0,0.5605,74.7,74.96,hit
1786177799999,SOLUSDT:30m,SELL,-1,0,0.4466,74.7,74.95,miss
1786179599999,SOLUSDT:1h,NEUTRAL,0,0,0.4642,74.7,74.95,na
1786177499999,BNBUSDT:5m,NEUTRAL,0,0,0.4786,593.78,594.8,na
1786177799999,BNBUSDT:30m,NEUTRAL,0,0,0.4772,593.78,594.8,na
1786179599999,BNBUSDT:1h,SELL,-1,0,0.4464,593.75,594.8,miss
1786177499999,XRPUSDT:5m,SELL,-1,0,0.3904,1.034,1.0367,miss
1786177799999,XRPUSDT:30m,NEUTRAL,0,0,0.4986,1.034,1.0366,na
1786179599999,XRPUSDT:1h,SELL,-1,0,0.4204,1.034,1.0366,miss
1786177499999,DOGEUSDT:5m,NEUTRAL,0,0,0.4751,0.07014,0.07042,na
1786177799999,DOGEUSDT:30m,NEUTRAL,0,0,0.5035,0.07015,0.07042,na
1786179599999,DOGEUSDT:1h,NEUTRAL,0,0,0.5046,0.07015,0.07042,na
1786177499999,ADAUSDT:5m,SELL,-1,0,0.3885,0.1995,0.199,hit
1786177799999,ADAUSDT:30m,NEUTRAL,0,0,0.4828,0.1995,0.1989,na
1786179599999,ADAUSDT:1h,SELL,-1,0,0.4279,0.1995,0.1989,hit
1786177499999,TRXUSDT:5m,STRONG SELL,-1,1,0.2595,0.3276,0.3287,miss
1786177799999,TRXUSDT:30m,SELL,-1,0,0.4171,0.3275,0.3287,miss
1786179599999,TRXUSDT:1h,SELL,-1,0,0.4241,0.3275,0.3287,miss
1786177499999,AVAXUSDT:5m,NEUTRAL,0,0,0.5123,6.524,6.554,na
1786177799999,AVAXUSDT:30m,NEUTRAL,0,0,0.5044,6.524,6.554,na
1786179599999,AVAXUSDT:1h,NEUTRAL,0,0,0.4866,6.524,6.554,na
1786177499999,LINKUSDT:5m,NEUTRAL,0,0,0.4671,8.255,8.313,na
1786177799999,LINKUSDT:30m,SELL,-1,0,0.4289,8.255,8.313,miss
1786179599999,LINKUSDT:1h,SELL,-1,0,0.4394,8.255,8.313,miss
1786183499999,BTCUSDT:5m,NEUTRAL,0,0,0.5287,64994.32,64970.98,na
1786184999999,BTCUSDT:30m,STRONG BUY,1,1,0.6308,64994.31,64970.99,miss
1786186799999,BTCUSDT:1h,NEUTRAL,0,0,0.4935,64994.31,64970.99,na
1786183499999,ETHUSDT:5m,STRONG BUY,1,1,0.6452,1919.27,1919.79,hit
1786184999999,ETHUSDT:30m,NEUTRAL,0,0,0.4784,1919.26,1919.74,na
1786186799999,ETHUSDT:1h,NEUTRAL,0,0,0.4702,1919.3,1919.73,na
1786183499999,SOLUSDT:5m,NEUTRAL,0,0,0.5493,74.96,75.22,na
1786184999999,SOLUSDT:30m,NEUTRAL,0,0,0.4724,74.95,75.22,na
1786186799999,SOLUSDT:1h,NEUTRAL,0,0,0.4731,74.95,75.22,na
1786183499999,BNBUSDT:5m,NEUTRAL,0,0,0.4878,594.8,595.69,na
1786184999999,BNBUSDT:30m,NEUTRAL,0,0,0.5124,594.8,595.7,na
1786186799999,BNBUSDT:1h,BUY,1,0,0.5567,594.8,595.7,hit
1786183499999,XRPUSDT:5m,NEUTRAL,0,0,0.4629,1.0367,1.037,na
1786184999999,XRPUSDT:30m,NEUTRAL,0,0,0.4929,1.0366,1.0369,na
1786186799999,XRPUSDT:1h,NEUTRAL,0,0,0.4553,1.0366,1.0369,na
1786183799999,DOGEUSDT:5m,NEUTRAL,0,0,0.4824,0.07042,0.07033,na
1786184999999,DOGEUSDT:30m,NEUTRAL,0,0,0.5191,0.07042,0.07033,na
1786186799999,DOGEUSDT:1h,NEUTRAL,0,0,0.4721,0.07042,0.07033,na
1786183499999,ADAUSDT:5m,SELL,-1,0,0.4098,0.199,0.1996,miss
1786184999999,ADAUSDT:30m,NEUTRAL,0,0,0.454,0.1989,0.1996,na
1786186799999,ADAUSDT:1h,SELL,-1,0,0.4079,0.1989,0.1996,miss
1786183799999,TRXUSDT:5m,STRONG SELL,-1,1,0.2713,0.3287,0.3288,miss
1786184999999,TRXUSDT:30m,SELL,-1,0,0.3915,0.3287,0.3288,miss
1786186799999,TRXUSDT:1h,SELL,-1,0,0.3964,0.3287,0.3288,miss
1786183499999,AVAXUSDT:5m,NEUTRAL,0,0,0.5032,6.554,6.56,na
1786184999999,AVAXUSDT:30m,NEUTRAL,0,0,0.4732,6.554,6.56,na
1786186799999,AVAXUSDT:1h,SELL,-1,0,0.4214,6.554,6.56,miss
1786183799999,LINKUSDT:5m,SELL,-1,0,0.4296,8.313,8.321,miss
1786184999999,LINKUSDT:30m,NEUTRAL,0,0,0.4723,8.313,8.321,na
1786186799999,LINKUSDT:1h,NEUTRAL,0,0,0.4909,8.313,8.321,na
1786189499999,BTCUSDT:5m,SELL,-1,0,0.4275,64970.98,65015.28,miss
1786190399999,BTCUSDT:30m,STRONG SELL,-1,1,0.3596,64970.99,65015.27,miss
1786190399999,BTCUSDT:1h,NEUTRAL,0,0,0.4874,64970.99,65015.27,na
1786189499999,ETHUSDT:5m,SELL,-1,0,0.4394,1919.79,1920.49,miss
1786190399999,ETHUSDT:30m,NEUTRAL,0,0,0.4695,1919.74,1920.48,na
1786190399999,ETHUSDT:1h,STRONG BUY,1,1,0.6214,1919.73,1920.48,hit
1786189499999,SOLUSDT:5m,NEUTRAL,0,0,0.5327,75.22,75.58,na
1786190399999,SOLUSDT:30m,BUY,1,0,0.5518,75.22,75.59,hit
1786190399999,SOLUSDT:1h,NEUTRAL,0,0,0.4914,75.22,75.59,na
1786189499999,BNBUSDT:5m,NEUTRAL,0,0,0.4871,595.69,598.4,na
1786190399999,BNBUSDT:30m,NEUTRAL,0,0,0.4865,595.7,598.41,na
1786190399999,BNBUSDT:1h,NEUTRAL,0,0,0.5172,595.7,598.4,na
1786189499999,XRPUSDT:5m,NEUTRAL,0,0,0.462,1.037,1.0419,na
1786190399999,XRPUSDT:30m,NEUTRAL,0,0,0.4966,1.0369,1.0419,na
1786190399999,XRPUSDT:1h,SELL,-1,0,0.4488,1.0369,1.0419,miss
1786189499999,DOGEUSDT:5m,NEUTRAL,0,0,0.4742,0.07033,0.07052,na
1786190399999,DOGEUSDT:30m,NEUTRAL,0,0,0.4911,0.07033,0.07052,na
1786190399999,DOGEUSDT:1h,NEUTRAL,0,0,0.4827,0.07033,0.07052,na
1786189499999,ADAUSDT:5m,SELL,-1,0,0.4069,0.1996,0.2001,miss
1786190399999,ADAUSDT:30m,NEUTRAL,0,0,0.5102,0.1996,0.2001,na
1786190399999,ADAUSDT:1h,NEUTRAL,0,0,0.4537,0.1996,0.2001,na
1786189499999,TRXUSDT:5m,NEUTRAL,0,0,0.5196,0.3288,0.3289,na
1786190399999,TRXUSDT:30m,SELL,-1,0,0.4033,0.3288,0.3289,miss
1786190399999,TRXUSDT:1h,SELL,-1,0,0.4065,0.3288,0.3289,miss
1786189499999,AVAXUSDT:5m,NEUTRAL,0,0,0.5057,6.56,6.522,na
1786190399999,AVAXUSDT:30m,NEUTRAL,0,0,0.4723,6.56,6.522,na
1786190399999,AVAXUSDT:1h,NEUTRAL,0,0,0.4534,6.56,6.522,na
1786189499999,LINKUSDT:5m,SELL,-1,0,0.4015,8.321,8.33,miss
1786190399999,LINKUSDT:30m,SELL,-1,0,0.4104,8.321,8.33,miss
1786190399999,LINKUSDT:1h,NEUTRAL,0,0,0.4513,8.321,8.33,na
1786197899999,BTCUSDT:5m,NEUTRAL,0,0,0.503,65015.28,65116.01,na
1786199399999,BTCUSDT:30m,BUY,1,0,0.597,65015.27,65116.0,hit
1786201199999,BTCUSDT:1h,SELL,-1,0,0.4254,65015.27,65116.0,miss
1786197899999,ETHUSDT:5m,SELL,-1,0,0.4191,1920.49,1923.27,miss
1786199399999,ETHUSDT:30m,NEUTRAL,0,0,0.4613,1920.48,1923.27,na
1786201199999,ETHUSDT:1h,SELL,-1,0,0.4475,1920.48,1923.27,miss
1786197899999,SOLUSDT:5m,NEUTRAL,0,0,0.4771,75.58,76.51,na
1786199399999,SOLUSDT:30m,NEUTRAL,0,0,0.5172,75.59,76.51,na
1786201199999,SOLUSDT:1h,NEUTRAL,0,0,0.4653,75.59,76.5,na
1786197899999,BNBUSDT:5m,BUY,1,0,0.561,598.4,605.6,hit
1786199399999,BNBUSDT:30m,NEUTRAL,0,0,0.5053,598.41,605.6,na
1786201199999,BNBUSDT:1h,NEUTRAL,0,0,0.4947,598.4,605.6,na
1786197899999,XRPUSDT:5m,NEUTRAL,0,0,0.4615,1.0419,1.0444,na
1786199399999,XRPUSDT:30m,NEUTRAL,0,0,0.5101,1.0419,1.0444,na
1786201199999,XRPUSDT:1h,SELL,-1,0,0.4437,1.0419,1.0444,miss
1786197899999,DOGEUSDT:5m,NEUTRAL,0,0,0.5135,0.07052,0.07123,na
1786199399999,DOGEUSDT:30m,NEUTRAL,0,0,0.531,0.07052,0.07123,na
1786201199999,DOGEUSDT:1h,BUY,1,0,0.61,0.07052,0.07123,hit
1786197899999,ADAUSDT:5m,STRONG SELL,-1,1,0.3513,0.2001,0.2002,miss
1786199399999,ADAUSDT:30m,NEUTRAL,0,0,0.4538,0.2001,0.2002,na
1786201199999,ADAUSDT:1h,NEUTRAL,0,0,0.4909,0.2001,0.2002,na
1786197899999,TRXUSDT:5m,STRONG SELL,-1,1,0.2829,0.3289,0.3287,hit
1786199399999,TRXUSDT:30m,SELL,-1,0,0.4224,0.3289,0.3287,hit
1786201199999,TRXUSDT:1h,STRONG SELL,-1,1,0.3722,0.3289,0.3288,hit
1786197899999,AVAXUSDT:5m,NEUTRAL,0,0,0.481,6.522,6.556,na
1786199399999,AVAXUSDT:30m,NEUTRAL,0,0,0.5052,6.522,6.556,na
1786201199999,AVAXUSDT:1h,NEUTRAL,0,0,0.4539,6.522,6.556,na
1786197899999,LINKUSDT:5m,NEUTRAL,0,0,0.4829,8.33,8.368,na
1786199399999,LINKUSDT:30m,NEUTRAL,0,0,0.4876,8.33,8.368,na
1786201199999,LINKUSDT:1h,SELL,-1,0,0.4463,8.33,8.368,miss
1786201799999,BTCUSDT:5m,BUY,1,0,0.5514,65116.01,65090.01,miss
1786202999999,BTCUSDT:30m,NEUTRAL,0,0,0.5248,65116.0,65090.01,na
1786204799999,BTCUSDT:1h,SELL,-1,0,0.4144,65116.0,65090.01,hit
1786201799999,ETHUSDT:5m,NEUTRAL,0,0,0.4671,1923.27,1923.51,na
1786202999999,ETHUSDT:30m,NEUTRAL,0,0,0.4534,1923.27,1923.51,na
1786204799999,ETHUSDT:1h,SELL,-1,0,0.4481,1923.27,1923.51,miss
1786201799999,SOLUSDT:5m,NEUTRAL,0,0,0.516,76.51,76.39,na
1786202999999,SOLUSDT:30m,SELL,-1,0,0.4435,76.51,76.38,hit
1786204799999,SOLUSDT:1h,NEUTRAL,0,0,0.4736,76.5,76.38,na
1786201799999,BNBUSDT:5m,BUY,1,0,0.585,605.6,605.19,miss
1786202999999,BNBUSDT:30m,NEUTRAL,0,0,0.5063,605.6,605.19,na
1786204799999,BNBUSDT:1h,NEUTRAL,0,0,0.5369,605.6,605.18,na
1786201799999,XRPUSDT:5m,SELL,-1,0,0.4369,1.0444,1.0462,miss
1786202999999,XRPUSDT:30m,NEUTRAL,0,0,0.5199,1.0444,1.0461,na
1786204799999,XRPUSDT:1h,SELL,-1,0,0.4354,1.0444,1.0461,miss
1786201799999,DOGEUSDT:5m,NEUTRAL,0,0,0.5397,0.07123,0.07124,na
1786202999999,DOGEUSDT:30m,NEUTRAL,0,0,0.5286,0.07123,0.07124,na
1786204799999,DOGEUSDT:1h,SELL,-1,0,0.4402,0.07123,0.07124,miss
1786201799999,ADAUSDT:5m,NEUTRAL,0,0,0.4613,0.2002,0.1997,na
1786202999999,ADAUSDT:30m,SELL,-1,0,0.4492,0.2002,0.1997,hit
1786204799999,ADAUSDT:1h,NEUTRAL,0,0,0.4504,0.2002,0.1997,na
1786201799999,TRXUSDT:5m,STRONG SELL,-1,1,0.2403,0.3287,0.3289,miss
1786202999999,TRXUSDT:30m,SELL,-1,0,0.3978,0.3287,0.3289,miss
1786204799999,TRXUSDT:1h,SELL,-1,0,0.3941,0.3288,0.3289,miss
1786201799999,AVAXUSDT:5m,NEUTRAL,0,0,0.5376,6.556,6.544,na
1786202999999,AVAXUSDT:30m,NEUTRAL,0,0,0.48,6.556,6.544,na
1786204799999,AVAXUSDT:1h,SELL,-1,0,0.4206,6.556,6.544,hit
1786201799999,LINKUSDT:5m,NEUTRAL,0,0,0.4847,8.368,8.35,na
1786202999999,LINKUSDT:30m,NEUTRAL,0,0,0.4899,8.368,8.35,na
1786204799999,LINKUSDT:1h,SELL,-1,0,0.4405,8.368,8.35,hit
1786205099999,BTCUSDT:5m,NEUTRAL,0,0,0.5018,65090.01,65122.19,na
1786206599999,BTCUSDT:30m,NEUTRAL,0,0,0.4526,65090.01,65122.19,na
1786208399999,BTCUSDT:1h,STRONG SELL,-1,1,0.2379,65090.01,65122.19,miss
1786205099999,ETHUSDT:5m,STRONG BUY,1,1,0.6454,1923.51,1924.9,hit
1786206599999,ETHUSDT:30m,NEUTRAL,0,0,0.5071,1923.51,1924.9,na
1786208399999,ETHUSDT:1h,STRONG SELL,-1,1,0.3702,1923.51,1924.89,miss
1786205099999,SOLUSDT:5m,NEUTRAL,0,0,0.5159,76.39,76.39,na
1786206599999,SOLUSDT:30m,SELL,-1,0,0.4201,76.38,76.39,miss
1786208399999,SOLUSDT:1h,SELL,-1,0,0.4499,76.38,76.39,miss
1786205099999,BNBUSDT:5m,BUY,1,0,0.5849,605.19,604.44,miss
1786206599999,BNBUSDT:30m,NEUTRAL,0,0,0.4983,605.19,604.43,na
1786208399999,BNBUSDT:1h,NEUTRAL,0,0,0.5364,605.18,604.43,na
1786205099999,XRPUSDT:5m,NEUTRAL,0,0,0.4667,1.0462,1.047,na
1786206599999,XRPUSDT:30m,NEUTRAL,0,0,0.5295,1.0461,1.0469,na
1786208399999,XRPUSDT:1h,SELL,-1,0,0.448,1.0461,1.047,miss
1786205099999,DOGEUSDT:5m,NEUTRAL,0,0,0.4987,0.07124,0.07131,na
1786206599999,DOGEUSDT:30m,NEUTRAL,0,0,0.5227,0.07124,0.07131,na
1786208399999,DOGEUSDT:1h,NEUTRAL,0,0,0.4954,0.07124,0.07131,na
1786205099999,ADAUSDT:5m,NEUTRAL,0,0,0.4601,0.1997,0.1998,na
1786206599999,ADAUSDT:30m,SELL,-1,0,0.4238,0.1997,0.1998,miss
1786208399999,ADAUSDT:1h,NEUTRAL,0,0,0.4901,0.1997,0.1998,na
1786205099999,TRXUSDT:5m,STRONG SELL,-1,1,0.3353,0.3289,0.3289,hit
1786206599999,TRXUSDT:30m,SELL,-1,0,0.3849,0.3289,0.3289,hit
1786208399999,TRXUSDT:1h,SELL,-1,0,0.4134,0.3289,0.3289,hit
1786205099999,AVAXUSDT:5m,SELL,-1,0,0.4427,6.544,6.549,miss
1786206599999,AVAXUSDT:30m,SELL,-1,0,0.4072,6.544,6.549,miss
1786208399999,AVAXUSDT:1h,NEUTRAL,0,0,0.4706,6.544,6.549,na
1786205099999,LINKUSDT:5m,NEUTRAL,0,0,0.4923,8.35,8.348,na
1786206599999,LINKUSDT:30m,SELL,-1,0,0.4447,8.35,8.348,hit
1786208399999,LINKUSDT:1h,STRONG SELL,-1,1,0.3656,8.35,8.348,hit
1786211399999,BTCUSDT:5m,NEUTRAL,0,0,0.4932,65122.19,65021.0,na
1786211999999,BTCUSDT:30m,NEUTRAL,0,0,0.4577,65122.19,65021.01,na
1786211999999,BTCUSDT:1h,BUY,1,0,0.5771,65122.19,65021.01,miss
1786211399999,ETHUSDT:5m,SELL,-1,0,0.4357,1924.9,1921.3,hit
1786211999999,ETHUSDT:30m,SELL,-1,0,0.3928,1924.9,1921.3,hit
1786211999999,ETHUSDT:1h,NEUTRAL,0,0,0.5125,1924.89,1921.31,na
1786211399999,SOLUSDT:5m,BUY,1,0,0.5643,76.39,76.1,miss
1786211999999,SOLUSDT:30m,BUY,1,0,0.5896,76.39,76.1,miss
1786211999999,SOLUSDT:1h,NEUTRAL,0,0,0.4678,76.39,76.09,na
1786211699999,BNBUSDT:5m,BUY,1,0,0.6078,604.44,603.14,miss
1786211999999,BNBUSDT:30m,NEUTRAL,0,0,0.5145,604.43,603.14,na
1786211999999,BNBUSDT:1h,NEUTRAL,0,0,0.4745,604.43,603.14,na
1786211699999,XRPUSDT:5m,NEUTRAL,0,0,0.514,1.047,1.042,na
1786211999999,XRPUSDT:30m,NEUTRAL,0,0,0.459,1.0469,1.042,na
1786211999999,XRPUSDT:1h,SELL,-1,0,0.4014,1.047,1.042,hit
1786211699999,DOGEUSDT:5m,NEUTRAL,0,0,0.526,0.07131,0.071,na
1786211999999,DOGEUSDT:30m,NEUTRAL,0,0,0.5411,0.07131,0.071,na
1786211999999,DOGEUSDT:1h,NEUTRAL,0,0,0.483,0.07131,0.071,na
1786211699999,ADAUSDT:5m,NEUTRAL,0,0,0.4595,0.1998,0.2001,na
1786211999999,ADAUSDT:30m,NEUTRAL,0,0,0.4842,0.1998,0.2001,na
1786211999999,ADAUSDT:1h,NEUTRAL,0,0,0.4853,0.1998,0.2001,na
1786211699999,TRXUSDT:5m,STRONG SELL,-1,1,0.213,0.3289,0.3288,hit
1786211999999,TRXUSDT:30m,SELL,-1,0,0.4006,0.3289,0.3288,hit
1786211999999,TRXUSDT:1h,STRONG SELL,-1,1,0.3272,0.3289,0.3288,hit
1786211699999,AVAXUSDT:5m,NEUTRAL,0,0,0.4984,6.549,6.525,na
1786211999999,AVAXUSDT:30m,NEUTRAL,0,0,0.4991,6.549,6.525,na
1786211999999,AVAXUSDT:1h,NEUTRAL,0,0,0.4782,6.549,6.525,na
1786211699999,LINKUSDT:5m,NEUTRAL,0,0,0.4883,8.348,8.328,na
1786211999999,LINKUSDT:30m,NEUTRAL,0,0,0.5099,8.348,8.328,na
1786211999999,LINKUSDT:1h,NEUTRAL,0,0,0.5348,8.348,8.328,na
1786216799999,BTCUSDT:5m,NEUTRAL,0,0,0.5072,65021.0,65082.41,na
1786217399999,BTCUSDT:30m,STRONG SELL,-1,1,0.3343,65021.01,65082.42,miss
1786219199999,BTCUSDT:1h,NEUTRAL,0,0,0.4687,65021.01,65082.42,na
1786216799999,ETHUSDT:5m,BUY,1,0,0.5901,1921.3,1920.38,miss
1786217399999,ETHUSDT:30m,NEUTRAL,0,0,0.4523,1921.3,1920.38,na
1786219199999,ETHUSDT:1h,SELL,-1,0,0.4161,1921.31,1920.39,hit
1786216799999,SOLUSDT:5m,NEUTRAL,0,0,0.5253,76.1,76.26,na
1786217399999,SOLUSDT:30m,NEUTRAL,0,0,0.4727,76.1,76.26,na
1786219199999,SOLUSDT:1h,SELL,-1,0,0.421,76.09,76.26,miss
1786216799999,BNBUSDT:5m,NEUTRAL,0,0,0.5305,603.14,602.12,na
1786217399999,BNBUSDT:30m,SELL,-1,0,0.449,603.14,602.12,hit
1786219199999,BNBUSDT:1h,NEUTRAL,0,0,0.4685,603.14,602.12,na
1786216799999,XRPUSDT:5m,SELL,-1,0,0.445,1.042,1.0428,miss
1786217399999,XRPUSDT:30m,NEUTRAL,0,0,0.4691,1.042,1.0428,na
1786219199999,XRPUSDT:1h,NEUTRAL,0,0,0.4553,1.042,1.0428,na
1786216799999,DOGEUSDT:5m,NEUTRAL,0,0,0.5217,0.071,0.07102,na
1786217399999,DOGEUSDT:30m,NEUTRAL,0,0,0.5335,0.071,0.07102,na
1786219199999,DOGEUSDT:1h,NEUTRAL,0,0,0.4714,0.071,0.07102,na
1786216799999,ADAUSDT:5m,SELL,-1,0,0.4142,0.2001,0.2005,miss
1786217399999,ADAUSDT:30m,SELL,-1,0,0.4439,0.2001,0.2005,miss
1786219199999,ADAUSDT:1h,NEUTRAL,0,0,0.489,0.2001,0.2005,na
1786216799999,TRXUSDT:5m,STRONG SELL,-1,1,0.3679,0.3288,0.3288,hit
1786217399999,TRXUSDT:30m,SELL,-1,0,0.3968,0.3288,0.3288,hit
1786219199999,TRXUSDT:1h,SELL,-1,0,0.3853,0.3288,0.3288,hit
1786216799999,AVAXUSDT:5m,NEUTRAL,0,0,0.4531,6.525,6.518,na
1786217399999,AVAXUSDT:30m,SELL,-1,0,0.4208,6.525,6.518,hit
1786219199999,AVAXUSDT:1h,SELL,-1,0,0.4115,6.525,6.518,hit
1786216799999,LINKUSDT:5m,SELL,-1,0,0.424,8.328,8.344,miss
1786217399999,LINKUSDT:30m,NEUTRAL,0,0,0.4619,8.328,8.344,na
1786219199999,LINKUSDT:1h,NEUTRAL,0,0,0.5008,8.328,8.344,na
1786223099999,BTCUSDT:5m,SELL,-1,0,0.404,65082.41,65016.26,hit
1786224599999,BTCUSDT:30m,STRONG BUY,1,1,0.6404,65082.42,65016.26,miss
1786226399999,BTCUSDT:1h,BUY,1,0,0.5912,65082.42,65016.26,miss
1786223099999,ETHUSDT:5m,SELL,-1,0,0.4394,1920.38,1920.23,hit
1786224599999,ETHUSDT:30m,NEUTRAL,0,0,0.4701,1920.38,1920.23,na
1786226399999,ETHUSDT:1h,STRONG SELL,-1,1,0.3217,1920.39,1920.23,hit
1786223099999,SOLUSDT:5m,NEUTRAL,0,0,0.4934,76.26,76.2,na
1786224599999,SOLUSDT:30m,NEUTRAL,0,0,0.508,76.26,76.21,na
1786226399999,SOLUSDT:1h,NEUTRAL,0,0,0.4864,76.26,76.21,na
1786223099999,BNBUSDT:5m,NEUTRAL,0,0,0.5481,602.12,601.54,na
1786224599999,BNBUSDT:30m,NEUTRAL,0,0,0.48,602.12,601.55,na
1786226399999,BNBUSDT:1h,NEUTRAL,0,0,0.4605,602.12,601.55,na
1786223099999,XRPUSDT:5m,NEUTRAL,0,0,0.4961,1.0428,1.0427,na
1786224599999,XRPUSDT:30m,NEUTRAL,0,0,0.4855,1.0428,1.0427,na
1786226399999,XRPUSDT:1h,NEUTRAL,0,0,0.4923,1.0428,1.0427,na
1786223099999,DOGEUSDT:5m,NEUTRAL,0,0,0.4547,0.07102,0.07094,na
1786224599999,DOGEUSDT:30m,NEUTRAL,0,0,0.541,0.07102,0.07094,na
1786226399999,DOGEUSDT:1h,SELL,-1,0,0.4159,0.07102,0.07094,hit
1786223099999,ADAUSDT:5m,NEUTRAL,0,0,0.4596,0.2005,0.1997,na
1786224599999,ADAUSDT:30m,NEUTRAL,0,0,0.4748,0.2005,0.1997,na
1786226399999,ADAUSDT:1h,SELL,-1,0,0.4418,0.2005,0.1997,hit
1786223099999,TRXUSDT:5m,STRONG SELL,-1,1,0.3135,0.3288,0.3288,hit
1786224599999,TRXUSDT:30m,SELL,-1,0,0.3993,0.3288,0.3287,hit
1786226399999,TRXUSDT:1h,STRONG SELL,-1,1,0.339,0.3288,0.3287,hit
1786222799999,AVAXUSDT:5m,NEUTRAL,0,0,0.5405,6.518,6.492,na
1786222799999,AVAXUSDT:30m,NEUTRAL,0,0,0.5087,6.518,6.492,na
1786222799999,AVAXUSDT:1h,NEUTRAL,0,0,0.4691,6.518,6.492,na
1786223099999,LINKUSDT:5m,SELL,-1,0,0.4264,8.344,8.339,hit
1786224599999,LINKUSDT:30m,SELL,-1,0,0.3911,8.344,8.339,hit
1786226399999,LINKUSDT:1h,SELL,-1,0,0.4408,8.344,8.34,hit
1786226699999,BTCUSDT:5m,STRONG SELL,-1,1,0.3119,65016.26,64944.82,hit
1786228199999,BTCUSDT:30m,NEUTRAL,0,0,0.5424,65016.26,64944.82,na
1786229999999,BTCUSDT:1h,STRONG SELL,-1,1,0.3711,65016.26,64944.82,hit
1786226699999,ETHUSDT:5m,SELL,-1,0,0.4359,1920.23,1916.28,hit
1786228199999,ETHUSDT:30m,STRONG SELL,-1,1,0.2986,1920.23,1916.28,hit
1786229999999,ETHUSDT:1h,STRONG SELL,-1,1,0.3495,1920.23,1916.28,hit
1786226699999,SOLUSDT:5m,NEUTRAL,0,0,0.4862,76.2,75.89,na
1786228199999,SOLUSDT:30m,NEUTRAL,0,0,0.4677,76.21,75.89,na
1786229999999,SOLUSDT:1h,SELL,-1,0,0.4477,76.21,75.9,hit
1786226699999,BNBUSDT:5m,NEUTRAL,0,0,0.5094,601.54,600.49,na
1786228199999,BNBUSDT:30m,SELL,-1,0,0.4474,601.55,600.49,hit
1786229999999,BNBUSDT:1h,NEUTRAL,0,0,0.4541,601.55,600.49,na
1786226699999,XRPUSDT:5m,BUY,1,0,0.5717,1.0427,1.0383,miss
1786228199999,XRPUSDT:30m,NEUTRAL,0,0,0.4705,1.0427,1.0384,na
1786229999999,XRPUSDT:1h,SELL,-1,0,0.4208,1.0427,1.0384,hit
1786226699999,DOGEUSDT:5m,NEUTRAL,0,0,0.4681,0.07094,0.07041,na
1786228199999,DOGEUSDT:30m,NEUTRAL,0,0,0.4797,0.07094,0.0704,na
1786229999999,DOGEUSDT:1h,NEUTRAL,0,0,0.4669,0.07094,0.0704,na
1786226699999,ADAUSDT:5m,NEUTRAL,0,0,0.4741,0.1997,0.199,na
1786228199999,ADAUSDT:30m,NEUTRAL,0,0,0.46,0.1997,0.199,na
1786229999999,ADAUSDT:1h,SELL,-1,0,0.4161,0.1997,0.199,hit
1786226699999,TRXUSDT:5m,STRONG SELL,-1,1,0.3327,0.3288,0.329,miss
1786228199999,TRXUSDT:30m,SELL,-1,0,0.416,0.3287,0.329,miss
1786229999999,TRXUSDT:1h,STRONG SELL,-1,1,0.379,0.3287,0.329,miss
1786226699999,AVAXUSDT:5m,SELL,-1,0,0.4203,6.492,6.468,hit
1786228199999,AVAXUSDT:30m,SELL,-1,0,0.4376,6.492,6.468,hit
1786229999999,AVAXUSDT:1h,NEUTRAL,0,0,0.4614,6.492,6.468,na
1786226699999,LINKUSDT:5m,SELL,-1,0,0.4015,8.339,8.302,hit
1786228199999,LINKUSDT:30m,NEUTRAL,0,0,0.4772,8.339,8.302,na
1786229999999,LINKUSDT:1h,SELL,-1,0,0.4082,8.34,8.302,hit
1786230599999,BTCUSDT:5m,STRONG SELL,-1,1,0.2911,64944.82,64961.01,miss
1786231799999,BTCUSDT:30m,SELL,-1,0,0.4105,64944.82,64961.0,miss
1786233599999,BTCUSDT:1h,NEUTRAL,0,0,0.4652,64944.82,64961.0,na
1786233599999,BTCUSDT:1d,NEUTRAL,0,0,0.5265,64990.1,64961.01,na
1786230599999,ETHUSDT:5m,SELL,-1,0,0.4484,1916.28,1916.97,miss
1786231799999,ETHUSDT:30m,SELL,-1,0,0.4319,1916.28,1917.02,miss
1786233599999,ETHUSDT:1h,NEUTRAL,0,0,0.5283,1916.28,1917.02,na
1786233599999,ETHUSDT:1d,NEUTRAL,0,0,0.512,1917.34,1917.02,na
1786230599999,SOLUSDT:5m,SELL,-1,0,0.4356,75.89,76.05,miss
1786231799999,SOLUSDT:30m,NEUTRAL,0,0,0.4821,75.89,76.05,na
1786233599999,SOLUSDT:1h,SELL,-1,0,0.4197,75.9,76.05,miss
1786233599999,SOLUSDT:1d,NEUTRAL,0,0,0.5109,74.74,76.04,na
1786230599999,BNBUSDT:5m,NEUTRAL,0,0,0.5262,600.49,601.18,na
1786231799999,BNBUSDT:30m,SELL,-1,0,0.4196,600.49,601.17,miss
1786233599999,BNBUSDT:1h,STRONG SELL,-1,1,0.3273,600.49,601.18,miss
1786233599999,BNBUSDT:1d,NEUTRAL,0,0,0.5041,593.2,601.18,na
1786230599999,XRPUSDT:5m,SELL,-1,0,0.4123,1.0383,1.0405,miss
1786231799999,XRPUSDT:30m,SELL,-1,0,0.4065,1.0384,1.0405,miss
1786233599999,XRPUSDT:1h,SELL,-1,0,0.3833,1.0384,1.0404,miss
1786233599999,XRPUSDT:1d,SELL,-1,0,0.4407,1.037,1.0404,miss
1786230599999,DOGEUSDT:5m,SELL,-1,0,0.3914,0.07041,0.07046,miss
1786231799999,DOGEUSDT:30m,NEUTRAL,0,0,0.5446,0.0704,0.07046,na
1786233599999,DOGEUSDT:1h,NEUTRAL,0,0,0.4941,0.0704,0.07046,na
1786233599999,DOGEUSDT:1d,NEUTRAL,0,0,0.4665,0.07016,0.07046,na
1786230599999,ADAUSDT:5m,SELL,-1,0,0.4121,0.199,0.1995,miss
1786231799999,ADAUSDT:30m,SELL,-1,0,0.4397,0.199,0.1995,miss
1786233599999,ADAUSDT:1h,SELL,-1,0,0.4088,0.199,0.1995,miss
1786233599999,ADAUSDT:1d,SELL,-1,0,0.4387,0.2011,0.1995,hit
1786230599999,TRXUSDT:5m,STRONG SELL,-1,1,0.3766,0.329,0.3291,miss
1786231799999,TRXUSDT:30m,SELL,-1,0,0.434,0.329,0.3291,miss
1786233599999,TRXUSDT:1h,SELL,-1,0,0.4057,0.329,0.3291,miss
1786233599999,TRXUSDT:1d,BUY,1,0,0.5582,0.3276,0.3291,hit
1786230599999,AVAXUSDT:5m,NEUTRAL,0,0,0.4558,6.468,6.479,na
1786231799999,AVAXUSDT:30m,NEUTRAL,0,0,0.4619,6.468,6.479,na
1786233599999,AVAXUSDT:1h,NEUTRAL,0,0,0.4966,6.468,6.479,na
1786233599999,AVAXUSDT:1d,NEUTRAL,0,0,0.4751,6.527,6.479,na
1786230599999,LINKUSDT:5m,NEUTRAL,0,0,0.4618,8.302,8.311,na
1786231799999,LINKUSDT:30m,NEUTRAL,0,0,0.4547,8.302,8.311,na
1786233599999,LINKUSDT:1h,NEUTRAL,0,0,0.4957,8.302,8.311,na
1786233599999,LINKUSDT:1d,NEUTRAL,0,0,0.4821,8.267,8.311,na
1786233899999,BTCUSDT:5m,SELL,-1,0,0.418,64961.01,64809.96,hit
1786235399999,BTCUSDT:30m,NEUTRAL,0,0,0.4505,64961.0,64809.96,na
1786237199999,BTCUSDT:1h,NEUTRAL,0,0,0.457,64961.0,64809.96,na
1786233899999,ETHUSDT:5m,BUY,1,0,0.5718,1916.97,1913.58,miss
1786235399999,ETHUSDT:30m,NEUTRAL,0,0,0.4598,1917.02,1913.58,na
1786237199999,ETHUSDT:1h,NEUTRAL,0,0,0.4622,1917.02,1913.58,na
1786233899999,SOLUSDT:5m,NEUTRAL,0,0,0.4734,76.05,76.04,na
1786235399999,SOLUSDT:30m,NEUTRAL,0,0,0.4887,76.05,76.04,na
1786237199999,SOLUSDT:1h,NEUTRAL,0,0,0.4747,76.05,76.04,na
1786233899999,BNBUSDT:5m,NEUTRAL,0,0,0.5043,601.18,601.59,na
1786235399999,BNBUSDT:30m,NEUTRAL,0,0,0.5169,601.17,601.58,na
1786237199999,BNBUSDT:1h,SELL,-1,0,0.4326,601.18,601.58,miss
1786233899999,XRPUSDT:5m,BUY,1,0,0.565,1.0405,1.0383,miss
1786235399999,XRPUSDT:30m,NEUTRAL,0,0,0.4884,1.0405,1.0383,na
1786237199999,XRPUSDT:1h,NEUTRAL,0,0,0.4828,1.0404,1.0383,na
1786233899999,DOGEUSDT:5m,SELL,-1,0,0.438,0.07046,0.07006,hit
1786235399999,DOGEUSDT:30m,BUY,1,0,0.5638,0.07046,0.07006,miss
1786237199999,DOGEUSDT:1h,NEUTRAL,0,0,0.4806,0.07046,0.07006,na
1786233899999,ADAUSDT:5m,SELL,-1,0,0.4336,0.1995,0.198,hit
1786235399999,ADAUSDT:30m,SELL,-1,0,0.4329,0.1995,0.198,hit
1786237199999,ADAUSDT:1h,STRONG SELL,-1,1,0.357,0.1995,0.198,hit
1786233899999,TRXUSDT:5m,STRONG SELL,-1,1,0.282,0.3291,0.33,miss
1786235399999,TRXUSDT:30m,SELL,-1,0,0.4454,0.3291,0.33,miss
1786237199999,TRXUSDT:1h,STRONG SELL,-1,1,0.3037,0.3291,0.33,miss
1786233899999,AVAXUSDT:5m,SELL,-1,0,0.4423,6.479,6.475,hit
1786235399999,AVAXUSDT:30m,NEUTRAL,0,0,0.4605,6.479,6.475,na
1786237199999,AVAXUSDT:1h,NEUTRAL,0,0,0.502,6.479,6.475,na
1786233899999,LINKUSDT:5m,SELL,-1,0,0.4462,8.311,8.297,hit
1786235399999,LINKUSDT:30m,NEUTRAL,0,0,0.4646,8.311,8.297,na
1786237199999,LINKUSDT:1h,NEUTRAL,0,0,0.4848,8.311,8.297,na
1786250999999,BTCUSDT:5m,STRONG SELL,-1,1,0.3416,64809.96,64826.15,miss
1786251599999,BTCUSDT:30m,STRONG SELL,-1,1,0.3768,64809.96,64826.14,miss
1786251599999,BTCUSDT:1h,SELL,-1,0,0.3917,64809.96,64826.14,miss
1786250999999,ETHUSDT:5m,NEUTRAL,0,0,0.4931,1913.58,1917.97,na
1786251599999,ETHUSDT:30m,SELL,-1,0,0.4386,1913.58,1917.98,miss
1786251599999,ETHUSDT:1h,NEUTRAL,0,0,0.5211,1913.58,1917.97,na
1786250999999,SOLUSDT:5m,SELL,-1,0,0.4238,76.04,76.35,miss
1786251599999,SOLUSDT:30m,NEUTRAL,0,0,0.4916,76.04,76.34,na
1786251599999,SOLUSDT:1h,SELL,-1,0,0.4398,76.04,76.34,miss
1786250999999,BNBUSDT:5m,NEUTRAL,0,0,0.5009,601.59,603.27,na
1786251599999,BNBUSDT:30m,NEUTRAL,0,0,0.4523,601.58,603.28,na
1786251599999,BNBUSDT:1h,NEUTRAL,0,0,0.4864,601.58,603.27,na
1786250999999,XRPUSDT:5m,SELL,-1,0,0.3923,1.0383,1.0373,hit
1786251599999,XRPUSDT:30m,NEUTRAL,0,0,0.4873,1.0383,1.0374,na
1786251599999,XRPUSDT:1h,NEUTRAL,0,0,0.4632,1.0383,1.0374,na
1786250999999,DOGEUSDT:5m,STRONG SELL,-1,1,0.347,0.07006,0.07017,miss
1786251599999,DOGEUSDT:30m,NEUTRAL,0,0,0.5102,0.07006,0.07017,na
1786251599999,DOGEUSDT:1h,NEUTRAL,0,0,0.479,0.07006,0.07017,na
1786250999999,ADAUSDT:5m,SELL,-1,0,0.4192,0.198,0.1988,miss
1786251599999,ADAUSDT:30m,NEUTRAL,0,0,0.4519,0.198,0.1988,na
1786251599999,ADAUSDT:1h,SELL,-1,0,0.4224,0.198,0.1989,miss
1786250999999,TRXUSDT:5m,STRONG SELL,-1,1,0.3095,0.33,0.3296,hit
1786251599999,TRXUSDT:30m,NEUTRAL,0,0,0.4616,0.33,0.3296,na
1786251599999,TRXUSDT:1h,SELL,-1,0,0.4335,0.33,0.3295,hit
1786250999999,AVAXUSDT:5m,SELL,-1,0,0.413,6.475,6.487,miss
1786251599999,AVAXUSDT:30m,NEUTRAL,0,0,0.4782,6.475,6.487,na
1786251599999,AVAXUSDT:1h,NEUTRAL,0,0,0.4696,6.475,6.487,na
1786250999999,LINKUSDT:5m,NEUTRAL,0,0,0.4709,8.297,8.336,na
1786251599999,LINKUSDT:30m,NEUTRAL,0,0,0.4915,8.297,8.336,na
1786251599999,LINKUSDT:1h,SELL,-1,0,0.4426,8.297,8.336,miss
1786262399999,BTCUSDT:5m,SELL,-1,0,0.3819,64826.15,64900.0,miss
1786262399999,BTCUSDT:30m,NEUTRAL,0,0,0.4919,64826.14,64900.0,na
1786262399999,BTCUSDT:1h,NEUTRAL,0,0,0.471,64826.14,64900.0,na
1786262399999,ETHUSDT:5m,NEUTRAL,0,0,0.5224,1917.97,1921.64,na
1786262399999,ETHUSDT:30m,NEUTRAL,0,0,0.4853,1917.98,1921.64,na
1786262399999,ETHUSDT:1h,NEUTRAL,0,0,0.4697,1917.97,1921.64,na
1786262399999,SOLUSDT:5m,NEUTRAL,0,0,0.4541,76.35,76.45,na
1786262399999,SOLUSDT:30m,NEUTRAL,0,0,0.548,76.34,76.45,na
1786262399999,SOLUSDT:1h,NEUTRAL,0,0,0.4787,76.34,76.45,na
1786262399999,BNBUSDT:5m,NEUTRAL,0,0,0.5403,603.27,603.39,na
1786262399999,BNBUSDT:30m,NEUTRAL,0,0,0.4741,603.28,603.4,na
1786262399999,BNBUSDT:1h,SELL,-1,0,0.4324,603.27,603.4,miss
1786262399999,XRPUSDT:5m,SELL,-1,0,0.4035,1.0373,1.0359,hit
1786262399999,XRPUSDT:30m,NEUTRAL,0,0,0.4853,1.0374,1.0358,na
1786262399999,XRPUSDT:1h,SELL,-1,0,0.417,1.0374,1.0358,hit
1786262399999,DOGEUSDT:5m,SELL,-1,0,0.4434,0.07017,0.0701,hit
1786262399999,DOGEUSDT:30m,NEUTRAL,0,0,0.5334,0.07017,0.0701,na
1786262399999,DOGEUSDT:1h,STRONG SELL,-1,1,0.3793,0.07017,0.0701,hit
1786262399999,ADAUSDT:5m,NEUTRAL,0,0,0.4642,0.1988,0.1965,na
1786262399999,ADAUSDT:30m,NEUTRAL,0,0,0.4737,0.1988,0.1965,na
1786262399999,ADAUSDT:1h,NEUTRAL,0,0,0.4546,0.1989,0.1965,na
1786262399999,TRXUSDT:5m,SELL,-1,0,0.3925,0.3296,0.3296,hit
1786262399999,TRXUSDT:30m,NEUTRAL,0,0,0.45,0.3296,0.3296,na
1786262399999,TRXUSDT:1h,SELL,-1,0,0.4214,0.3295,0.3296,miss
1786262399999,AVAXUSDT:5m,SELL,-1,0,0.438,6.487,6.487,hit
1786262399999,AVAXUSDT:30m,SELL,-1,0,0.4415,6.487,6.487,hit
1786262399999,AVAXUSDT:1h,NEUTRAL,0,0,0.4773,6.487,6.487,na
1786262399999,LINKUSDT:5m,STRONG SELL,-1,1,0.3704,8.336,8.314,hit
1786262399999,LINKUSDT:30m,NEUTRAL,0,0,0.49,8.336,8.314,na
1786262399999,LINKUSDT:1h,NEUTRAL,0,0,0.4697,8.336,8.314,na
1786270199999,BTCUSDT:5m,NEUTRAL,0,0,0.5123,64900.0,64998.38,na
1786271399999,BTCUSDT:30m,STRONG SELL,-1,1,0.3535,64900.0,65000.0,miss
1786273199999,BTCUSDT:1h,STRONG SELL,-1,1,0.2509,64900.0,65000.0,miss
1786270199999,ETHUSDT:5m,BUY,1,0,0.5626,1921.64,1920.7,miss
1786271399999,ETHUSDT:30m,NEUTRAL,0,0,0.4845,1921.64,1920.7,na
1786273199999,ETHUSDT:1h,BUY,1,0,0.6069,1921.64,1920.69,miss
1786270199999,SOLUSDT:5m,NEUTRAL,0,0,0.4848,76.45,76.51,na
1786271399999,SOLUSDT:30m,BUY,1,0,0.5656,76.45,76.51,hit
1786273199999,SOLUSDT:1h,NEUTRAL,0,0,0.4856,76.45,76.51,na
1786270199999,BNBUSDT:5m,NEUTRAL,0,0,0.5234,603.39,604.49,na
1786271399999,BNBUSDT:30m,BUY,1,0,0.5879,603.4,604.49,hit
1786273199999,BNBUSDT:1h,BUY,1,0,0.5653,603.4,604.48,hit
1786270199999,XRPUSDT:5m,SELL,-1,0,0.4282,1.0359,1.0369,miss
1786271399999,XRPUSDT:30m,NEUTRAL,0,0,0.4843,1.0358,1.0369,na
1786273199999,XRPUSDT:1h,SELL,-1,0,0.4365,1.0358,1.0369,miss
1786270199999,DOGEUSDT:5m,NEUTRAL,0,0,0.4539,0.0701,0.07023,na
1786271399999,DOGEUSDT:30m,NEUTRAL,0,0,0.4983,0.0701,0.07023,na
1786273199999,DOGEUSDT:1h,NEUTRAL,0,0,0.4952,0.0701,0.07023,na
1786270199999,ADAUSDT:5m,NEUTRAL,0,0,0.4596,0.1965,0.197,na
1786271399999,ADAUSDT:30m,NEUTRAL,0,0,0.5011,0.1965,0.197,na
1786273199999,ADAUSDT:1h,NEUTRAL,0,0,0.4869,0.1965,0.197,na
1786270199999,TRXUSDT:5m,STRONG SELL,-1,1,0.344,0.3296,0.33,miss
1786271399999,TRXUSDT:30m,SELL,-1,0,0.4156,0.3296,0.33,miss
1786273199999,TRXUSDT:1h,SELL,-1,0,0.4303,0.3296,0.33,miss
1786270199999,AVAXUSDT:5m,NEUTRAL,0,0,0.4533,6.487,6.483,na
1786271399999,AVAXUSDT:30m,NEUTRAL,0,0,0.4728,6.487,6.483,na
1786273199999,AVAXUSDT:1h,SELL,-1,0,0.4473,6.487,6.483,hit
1786270199999,LINKUSDT:5m,SELL,-1,0,0.4271,8.314,8.304,hit
1786271399999,LINKUSDT:30m,NEUTRAL,0,0,0.5087,8.314,8.304,na
1786273199999,LINKUSDT:1h,NEUTRAL,0,0,0.5426,8.314,8.303,na
1786276199999,BTCUSDT:5m,STRONG BUY,1,1,0.6528,64998.38,65202.89,hit
1786276799999,BTCUSDT:30m,SELL,-1,0,0.4207,65000.0,65202.89,miss
1786276799999,BTCUSDT:1h,STRONG SELL,-1,1,0.3273,65000.0,65202.89,miss
1786276199999,ETHUSDT:5m,BUY,1,0,0.6082,1920.7,1923.25,hit
1786276799999,ETHUSDT:30m,NEUTRAL,0,0,0.4755,1920.7,1923.26,na
1786276799999,ETHUSDT:1h,STRONG SELL,-1,1,0.3693,1920.69,1923.25,miss
1786276199999,SOLUSDT:5m,SELL,-1,0,0.434,76.51,76.64,miss
1786276799999,SOLUSDT:30m,BUY,1,0,0.5726,76.51,76.64,hit
1786276799999,SOLUSDT:1h,NEUTRAL,0,0,0.4819,76.51,76.65,na
1786276199999,BNBUSDT:5m,NEUTRAL,0,0,0.506,604.49,607.58,na
1786276799999,BNBUSDT:30m,STRONG SELL,-1,1,0.3111,604.49,607.58,miss
1786276799999,BNBUSDT:1h,SELL,-1,0,0.4383,604.48,607.66,miss
1786276199999,XRPUSDT:5m,NEUTRAL,0,0,0.471,1.0369,1.0387,na
1786276799999,XRPUSDT:30m,NEUTRAL,0,0,0.4797,1.0369,1.0387,na
1786276799999,XRPUSDT:1h,NEUTRAL,0,0,0.4668,1.0369,1.0387,na
1786276199999,DOGEUSDT:5m,SELL,-1,0,0.4235,0.07023,0.07033,miss
1786276799999,DOGEUSDT:30m,NEUTRAL,0,0,0.5486,0.07023,0.07033,na
1786276799999,DOGEUSDT:1h,NEUTRAL,0,0,0.4679,0.07023,0.07033,na
1786276199999,ADAUSDT:5m,SELL,-1,0,0.4267,0.197,0.1975,miss
1786276799999,ADAUSDT:30m,NEUTRAL,0,0,0.4689,0.197,0.1975,na
1786276799999,ADAUSDT:1h,NEUTRAL,0,0,0.4615,0.197,0.1975,na
1786276199999,TRXUSDT:5m,STRONG SELL,-1,1,0.2755,0.33,0.3301,miss
1786276799999,TRXUSDT:30m,SELL,-1,0,0.4285,0.33,0.3301,miss
1786276799999,TRXUSDT:1h,NEUTRAL,0,0,0.453,0.33,0.3302,na
1786276199999,AVAXUSDT:5m,SELL,-1,0,0.4457,6.483,6.482,hit
1786276799999,AVAXUSDT:30m,NEUTRAL,0,0,0.4586,6.483,6.483,na
1786276799999,AVAXUSDT:1h,NEUTRAL,0,0,0.4705,6.483,6.483,na
1786276199999,LINKUSDT:5m,SELL,-1,0,0.43,8.304,8.307,miss
1786276799999,LINKUSDT:30m,NEUTRAL,0,0,0.4673,8.304,8.307,na
1786276799999,LINKUSDT:1h,NEUTRAL,0,0,0.5239,8.303,8.307,na
1786284299999,BTCUSDT:5m,NEUTRAL,0,0,0.5413,65202.89,65228.67,na
1786285799999,BTCUSDT:30m,SELL,-1,0,0.3881,65202.89,65228.67,miss
1786287599999,BTCUSDT:1h,NEUTRAL,0,0,0.4843,65202.89,65228.67,na
1786284299999,ETHUSDT:5m,NEUTRAL,0,0,0.5222,1923.25,1926.57,na
1786285799999,ETHUSDT:30m,NEUTRAL,0,0,0.4857,1923.26,1926.57,na
1786287599999,ETHUSDT:1h,SELL,-1,0,0.4301,1923.25,1926.57,miss
1786284299999,SOLUSDT:5m,SELL,-1,0,0.4114,76.64,77.14,miss
1786285799999,SOLUSDT:30m,BUY,1,0,0.551,76.64,77.14,hit
1786287599999,SOLUSDT:1h,NEUTRAL,0,0,0.4966,76.65,77.14,na
1786284299999,BNBUSDT:5m,BUY,1,0,0.5532,607.58,608.12,hit
1786285799999,BNBUSDT:30m,NEUTRAL,0,0,0.5405,607.58,608.12,na
1786287599999,BNBUSDT:1h,SELL,-1,0,0.419,607.66,608.09,miss
1786284299999,XRPUSDT:5m,NEUTRAL,0,0,0.4628,1.0387,1.043,na
1786285799999,XRPUSDT:30m,NEUTRAL,0,0,0.4826,1.0387,1.043,na
1786287599999,XRPUSDT:1h,NEUTRAL,0,0,0.4836,1.0387,1.043,na
1786284299999,DOGEUSDT:5m,NEUTRAL,0,0,0.4879,0.07033,0.07065,na
1786285799999,DOGEUSDT:30m,NEUTRAL,0,0,0.5352,0.07033,0.07065,na
1786287599999,DOGEUSDT:1h,NEUTRAL,0,0,0.4801,0.07033,0.07065,na
1786284299999,ADAUSDT:5m,STRONG SELL,-1,1,0.3466,0.1975,0.1975,hit
1786285799999,ADAUSDT:30m,SELL,-1,0,0.4033,0.1975,0.1975,hit
1786287599999,ADAUSDT:1h,NEUTRAL,0,0,0.5353,0.1975,0.1975,na
1786284599999,TRXUSDT:5m,NEUTRAL,0,0,0.4905,0.3301,0.3299,na
1786285799999,TRXUSDT:30m,SELL,-1,0,0.4348,0.3301,0.3299,hit
1786287599999,TRXUSDT:1h,SELL,-1,0,0.4423,0.3302,0.3299,hit
1786284299999,AVAXUSDT:5m,SELL,-1,0,0.4292,6.482,6.534,miss
1786285799999,AVAXUSDT:30m,SELL,-1,0,0.4495,6.483,6.534,miss
1786287599999,AVAXUSDT:1h,NEUTRAL,0,0,0.4812,6.483,6.534,na
1786284599999,LINKUSDT:5m,NEUTRAL,0,0,0.4748,8.307,8.345,na
1786285799999,LINKUSDT:30m,STRONG SELL,-1,1,0.3418,8.307,8.345,miss
1786287599999,LINKUSDT:1h,NEUTRAL,0,0,0.4661,8.307,8.345,na
1786290899999,BTCUSDT:5m,BUY,1,0,0.5713,65228.67,65222.01,miss
1786291199999,BTCUSDT:30m,SELL,-1,0,0.3864,65228.67,65222.01,hit
1786291199999,BTCUSDT:1h,NEUTRAL,0,0,0.5036,65228.67,65222.01,na
1786290899999,ETHUSDT:5m,NEUTRAL,0,0,0.5193,1926.57,1924.61,na
1786291199999,ETHUSDT:30m,NEUTRAL,0,0,0.4536,1926.57,1924.61,na
1786291199999,ETHUSDT:1h,NEUTRAL,0,0,0.4957,1926.57,1924.61,na
1786290899999,SOLUSDT:5m,NEUTRAL,0,0,0.49,77.14,77.32,na
1786291199999,SOLUSDT:30m,BUY,1,0,0.5885,77.14,77.32,hit
1786291199999,SOLUSDT:1h,NEUTRAL,0,0,0.5066,77.14,77.31,na
1786290899999,BNBUSDT:5m,NEUTRAL,0,0,0.4721,608.12,609.17,na
1786291199999,BNBUSDT:30m,STRONG SELL,-1,1,0.3787,608.12,609.17,miss
1786291199999,BNBUSDT:1h,STRONG SELL,-1,1,0.3009,608.09,609.17,miss
1786290899999,XRPUSDT:5m,NEUTRAL,0,0,0.4706,1.043,1.044,na
1786291199999,XRPUSDT:30m,NEUTRAL,0,0,0.4921,1.043,1.044,na
1786291199999,XRPUSDT:1h,NEUTRAL,0,0,0.4969,1.043,1.0441,na
1786290899999,DOGEUSDT:5m,NEUTRAL,0,0,0.5149,0.07065,0.07073,na
1786291199999,DOGEUSDT:30m,NEUTRAL,0,0,0.5303,0.07065,0.07073,na
1786291199999,DOGEUSDT:1h,SELL,-1,0,0.4032,0.07065,0.07073,miss
1786290899999,ADAUSDT:5m,NEUTRAL,0,0,0.4565,0.1975,0.1985,na
1786291199999,ADAUSDT:30m,NEUTRAL,0,0,0.4564,0.1975,0.1985,na
1786291199999,ADAUSDT:1h,NEUTRAL,0,0,0.5435,0.1975,0.1985,na
1786290899999,TRXUSDT:5m,BUY,1,0,0.6141,0.3299,0.3299,miss
1786291199999,TRXUSDT:30m,NEUTRAL,0,0,0.4642,0.3299,0.3299,na
1786291199999,TRXUSDT:1h,SELL,-1,0,0.4228,0.3299,0.33,miss
1786290899999,AVAXUSDT:5m,NEUTRAL,0,0,0.4556,6.534,6.552,na
1786291199999,AVAXUSDT:30m,STRONG SELL,-1,1,0.3717,6.534,6.552,miss
1786291199999,AVAXUSDT:1h,SELL,-1,0,0.4354,6.534,6.552,miss
1786290899999,LINKUSDT:5m,NEUTRAL,0,0,0.509,8.345,8.345,na
1786291199999,LINKUSDT:30m,NEUTRAL,0,0,0.4781,8.345,8.345,na
1786291199999,LINKUSDT:1h,NEUTRAL,0,0,0.4636,8.345,8.345,na
1786295999999,BTCUSDT:5m,NEUTRAL,0,0,0.5483,65222.01,65210.0,na
1786296599999,BTCUSDT:30m,SELL,-1,0,0.4064,65222.01,65209.99,hit
1786298399999,BTCUSDT:1h,NEUTRAL,0,0,0.4553,65222.01,65210.0,na
1786295999999,ETHUSDT:5m,BUY,1,0,0.5869,1924.61,1921.99,miss
1786296599999,ETHUSDT:30m,NEUTRAL,0,0,0.5033,1924.61,1921.99,na
1786298399999,ETHUSDT:1h,NEUTRAL,0,0,0.5116,1924.61,1921.99,na
1786295999999,SOLUSDT:5m,NEUTRAL,0,0,0.492,77.32,77.21,na
1786296599999,SOLUSDT:30m,BUY,1,0,0.5571,77.32,77.21,miss
1786298399999,SOLUSDT:1h,SELL,-1,0,0.4203,77.31,77.21,hit
1786295999999,BNBUSDT:5m,NEUTRAL,0,0,0.4885,609.17,608.87,na
1786296599999,BNBUSDT:30m,STRONG SELL,-1,1,0.378,609.17,608.87,hit
1786298399999,BNBUSDT:1h,SELL,-1,0,0.4123,609.17,608.87,hit
1786295999999,XRPUSDT:5m,NEUTRAL,0,0,0.4629,1.044,1.0411,na
1786296599999,XRPUSDT:30m,NEUTRAL,0,0,0.5043,1.044,1.0411,na
1786298399999,XRPUSDT:1h,NEUTRAL,0,0,0.5229,1.0441,1.0411,na
1786295999999,DOGEUSDT:5m,NEUTRAL,0,0,0.508,0.07073,0.07048,na
1786296599999,DOGEUSDT:30m,NEUTRAL,0,0,0.5483,0.07073,0.07048,na
1786298399999,DOGEUSDT:1h,NEUTRAL,0,0,0.518,0.07073,0.07047,na
1786295999999,ADAUSDT:5m,STRONG SELL,-1,1,0.3671,0.1985,0.1978,hit
1786296599999,ADAUSDT:30m,NEUTRAL,0,0,0.4646,0.1985,0.1978,na
1786298399999,ADAUSDT:1h,NEUTRAL,0,0,0.4732,0.1985,0.1977,na
1786295999999,TRXUSDT:5m,STRONG SELL,-1,1,0.2132,0.3299,0.3298,hit
1786296599999,TRXUSDT:30m,NEUTRAL,0,0,0.4597,0.3299,0.3298,na
1786298399999,TRXUSDT:1h,SELL,-1,0,0.4362,0.33,0.3298,hit
1786295999999,AVAXUSDT:5m,NEUTRAL,0,0,0.4986,6.552,6.557,na
1786296599999,AVAXUSDT:30m,SELL,-1,0,0.3806,6.552,6.557,miss
1786298399999,AVAXUSDT:1h,SELL,-1,0,0.4104,6.552,6.557,miss
1786295999999,LINKUSDT:5m,NEUTRAL,0,0,0.5354,8.345,8.313,na
1786296599999,LINKUSDT:30m,NEUTRAL,0,0,0.4614,8.345,8.313,na
1786298399999,LINKUSDT:1h,BUY,1,0,0.5646,8.345,8.312,miss
1786303499999,BTCUSDT:5m,NEUTRAL,0,0,0.4595,65210.0,65136.52,na
1786303799999,BTCUSDT:30m,SELL,-1,0,0.4232,65209.99,65136.52,hit
1786305599999,BTCUSDT:1h,STRONG BUY,1,1,0.629,65210.0,65136.52,miss
1786303499999,ETHUSDT:5m,NEUTRAL,0,0,0.4548,1921.99,1920.78,na
1786303799999,ETHUSDT:30m,NEUTRAL,0,0,0.4858,1921.99,1920.79,na
1786305599999,ETHUSDT:1h,NEUTRAL,0,0,0.4746,1921.99,1920.79,na
1786303499999,SOLUSDT:5m,SELL,-1,0,0.4441,77.21,77.18,hit
1786303799999,SOLUSDT:30m,BUY,1,0,0.5501,77.21,77.18,miss
1786305599999,SOLUSDT:1h,NEUTRAL,0,0,0.4894,77.21,77.18,na
1786303499999,BNBUSDT:5m,NEUTRAL,0,0,0.4716,608.87,607.89,na
1786303799999,BNBUSDT:30m,NEUTRAL,0,0,0.5039,608.87,607.89,na
1786305599999,BNBUSDT:1h,SELL,-1,0,0.4229,608.87,607.89,hit
1786303499999,XRPUSDT:5m,NEUTRAL,0,0,0.4797,1.0411,1.0418,na
1786303799999,XRPUSDT:30m,NEUTRAL,0,0,0.5056,1.0411,1.0418,na
1786305599999,XRPUSDT:1h,NEUTRAL,0,0,0.4863,1.0411,1.0418,na
1786303499999,DOGEUSDT:5m,NEUTRAL,0,0,0.4679,0.07048,0.07046,na
1786303799999,DOGEUSDT:30m,NEUTRAL,0,0,0.5147,0.07048,0.07046,na
1786305599999,DOGEUSDT:1h,NEUTRAL,0,0,0.476,0.07047,0.07046,na
1786303499999,ADAUSDT:5m,SELL,-1,0,0.413,0.1978,0.1979,miss
1786303799999,ADAUSDT:30m,SELL,-1,0,0.4241,0.1978,0.198,miss
1786305599999,ADAUSDT:1h,NEUTRAL,0,0,0.5139,0.1977,0.198,na
1786303499999,TRXUSDT:5m,STRONG SELL,-1,1,0.2058,0.3298,0.3298,hit
1786303799999,TRXUSDT:30m,SELL,-1,0,0.3953,0.3298,0.3298,hit
1786305599999,TRXUSDT:1h,SELL,-1,0,0.3942,0.3298,0.3298,hit
1786303499999,AVAXUSDT:5m,NEUTRAL,0,0,0.4962,6.557,6.556,na
1786303799999,AVAXUSDT:30m,SELL,-1,0,0.4319,6.557,6.556,hit
1786305599999,AVAXUSDT:1h,NEUTRAL,0,0,0.4535,6.557,6.556,na
1786303499999,LINKUSDT:5m,SELL,-1,0,0.4149,8.313,8.334,miss
1786303799999,LINKUSDT:30m,NEUTRAL,0,0,0.4715,8.313,8.334,na
1786305599999,LINKUSDT:1h,NEUTRAL,0,0,0.4834,8.312,8.334,na
1786309499999,BTCUSDT:5m,SELL,-1,0,0.3914,65136.52,65428.37,miss
1786310999999,BTCUSDT:30m,BUY,1,0,0.6038,65136.52,65440.0,hit
1786312799999,BTCUSDT:1h,NEUTRAL,0,0,0.4916,65136.52,65428.0,na
1786309499999,ETHUSDT:5m,BUY,1,0,0.5736,1920.78,1934.34,hit
1786310999999,ETHUSDT:30m,NEUTRAL,0,0,0.4843,1920.79,1935.66,na
1786312799999,ETHUSDT:1h,SELL,-1,0,0.4036,1920.79,1934.9,miss
1786309799999,SOLUSDT:5m,NEUTRAL,0,0,0.4649,77.18,77.62,na
1786310999999,SOLUSDT:30m,NEUTRAL,0,0,0.5355,77.18,77.64,na
1786312799999,SOLUSDT:1h,NEUTRAL,0,0,0.5334,77.18,77.63,na
1786309799999,BNBUSDT:5m,SELL,-1,0,0.4237,607.89,610.21,miss
1786310999999,BNBUSDT:30m,BUY,1,0,0.5762,607.89,610.21,hit
1786312799999,BNBUSDT:1h,SELL,-1,0,0.3912,607.89,610.21,miss
1786309799999,XRPUSDT:5m,NEUTRAL,0,0,0.5024,1.0418,1.046,na
1786310999999,XRPUSDT:30m,NEUTRAL,0,0,0.497,1.0418,1.046,na
1786312799999,XRPUSDT:1h,NEUTRAL,0,0,0.4794,1.0418,1.046,na
1786309499999,DOGEUSDT:5m,NEUTRAL,0,0,0.4775,0.07046,0.07088,na
1786310999999,DOGEUSDT:30m,BUY,1,0,0.5506,0.07046,0.07088,hit
1786312799999,DOGEUSDT:1h,NEUTRAL,0,0,0.4923,0.07046,0.07088,na
1786309499999,ADAUSDT:5m,SELL,-1,0,0.4384,0.1979,0.1992,miss
1786310999999,ADAUSDT:30m,NEUTRAL,0,0,0.4797,0.198,0.1992,na
1786312799999,ADAUSDT:1h,NEUTRAL,0,0,0.4717,0.198,0.1991,na
1786309499999,TRXUSDT:5m,SELL,-1,0,0.4043,0.3298,0.33,miss
1786310999999,TRXUSDT:30m,SELL,-1,0,0.436,0.3298,0.33,miss
1786312799999,TRXUSDT:1h,STRONG SELL,-1,1,0.3323,0.3298,0.33,miss
1786309799999,AVAXUSDT:5m,NEUTRAL,0,0,0.5085,6.556,6.578,na
1786310999999,AVAXUSDT:30m,NEUTRAL,0,0,0.5027,6.556,6.578,na
1786312799999,AVAXUSDT:1h,STRONG SELL,-1,1,0.3553,6.556,6.578,miss
1786309799999,LINKUSDT:5m,NEUTRAL,0,0,0.4996,8.334,8.371,na
1786310999999,LINKUSDT:30m,NEUTRAL,0,0,0.4787,8.334,8.371,na
1786312799999,LINKUSDT:1h,SELL,-1,0,0.4421,8.334,8.371,miss
1786313999999,BTCUSDT:5m,BUY,1,0,0.6028,65428.37,64886.53,miss
1786314599999,BTCUSDT:30m,SELL,-1,0,0.4316,65440.0,64886.54,hit
1786316399999,BTCUSDT:1h,STRONG SELL,-1,1,0.3746,65428.0,64886.54,hit
1786313999999,ETHUSDT:5m,NEUTRAL,0,0,0.5294,1934.34,1909.62,na
1786314599999,ETHUSDT:30m,NEUTRAL,0,0,0.4987,1935.66,1909.62,na
1786316399999,ETHUSDT:1h,NEUTRAL,0,0,0.4748,1934.9,1909.62,na
1786313999999,SOLUSDT:5m,NEUTRAL,0,0,0.4914,77.62,76.23,na
1786314599999,SOLUSDT:30m,NEUTRAL,0,0,0.5428,77.64,76.24,na
1786316399999,SOLUSDT:1h,NEUTRAL,0,0,0.5311,77.63,76.24,na
1786313999999,BNBUSDT:5m,NEUTRAL,0,0,0.4782,610.21,602.12,na
1786314599999,BNBUSDT:30m,NEUTRAL,0,0,0.4991,610.21,602.12,na
1786316399999,BNBUSDT:1h,NEUTRAL,0,0,0.5043,610.21,602.17,na
1786313999999,XRPUSDT:5m,NEUTRAL,0,0,0.4935,1.046,1.0294,na
1786314599999,XRPUSDT:30m,NEUTRAL,0,0,0.5222,1.046,1.0295,na
1786316399999,XRPUSDT:1h,BUY,1,0,0.5634,1.046,1.0295,miss
1786313999999,DOGEUSDT:5m,SELL,-1,0,0.3861,0.07088,0.06931,hit
1786314599999,DOGEUSDT:30m,NEUTRAL,0,0,0.4706,0.07088,0.06931,na
1786316399999,DOGEUSDT:1h,NEUTRAL,0,0,0.5216,0.07088,0.06931,na
1786313999999,ADAUSDT:5m,SELL,-1,0,0.4081,0.1992,0.1948,hit
1786314599999,ADAUSDT:30m,NEUTRAL,0,0,0.486,0.1992,0.1948,na
1786316399999,ADAUSDT:1h,NEUTRAL,0,0,0.5306,0.1991,0.1948,na
1786313999999,TRXUSDT:5m,STRONG SELL,-1,1,0.2029,0.33,0.3298,hit
1786314599999,TRXUSDT:30m,SELL,-1,0,0.3897,0.33,0.3298,hit
1786316399999,TRXUSDT:1h,SELL,-1,0,0.4458,0.33,0.3298,hit
1786313999999,AVAXUSDT:5m,STRONG BUY,1,1,0.6439,6.578,6.424,miss
1786314599999,AVAXUSDT:30m,NEUTRAL,0,0,0.4806,6.578,6.424,na
1786316399999,AVAXUSDT:1h,SELL,-1,0,0.4214,6.578,6.424,hit
1786313999999,LINKUSDT:5m,NEUTRAL,0,0,0.4901,8.371,8.187,na
1786314599999,LINKUSDT:30m,NEUTRAL,0,0,0.5096,8.371,8.187,na
1786316399999,LINKUSDT:1h,NEUTRAL,0,0,0.4815,8.371,8.187,na
1786319999999,BTCUSDT:5m,NEUTRAL,0,0,0.5497,64886.53,65047.97,na
1786319999999,BTCUSDT:30m,NEUTRAL,0,0,0.4885,64886.54,65047.01,na
1786319999999,BTCUSDT:1h,NEUTRAL,0,0,0.4658,64886.54,65047.01,na
1786319999999,BTCUSDT:1d,NEUTRAL,0,0,0.4768,64961.01,65047.0,na
1786319999999,ETHUSDT:5m,BUY,1,0,0.5605,1909.62,1917.7,hit
1786319999999,ETHUSDT:30m,NEUTRAL,0,0,0.4681,1909.62,1917.69,na
1786319999999,ETHUSDT:1h,SELL,-1,0,0.3989,1909.62,1917.69,miss
1786319999999,ETHUSDT:1d,NEUTRAL,0,0,0.5137,1917.02,1917.69,na
1786319999999,SOLUSDT:5m,SELL,-1,0,0.3858,76.23,76.66,miss
1786319999999,SOLUSDT:30m,NEUTRAL,0,0,0.524,76.24,76.66,na
1786319999999,SOLUSDT:1h,NEUTRAL,0,0,0.5175,76.24,76.66,na
1786319999999,SOLUSDT:1d,NEUTRAL,0,0,0.5007,76.04,76.65,na
1786319999999,BNBUSDT:5m,NEUTRAL,0,0,0.5081,602.12,602.24,na
1786319999999,BNBUSDT:30m,NEUTRAL,0,0,0.5364,602.12,602.23,na
1786319999999,BNBUSDT:1h,SELL,-1,0,0.4061,602.17,602.23,miss
1786319999999,BNBUSDT:1d,NEUTRAL,0,0,0.5076,601.18,602.23,na
1786319999999,XRPUSDT:5m,NEUTRAL,0,0,0.4713,1.0294,1.0326,na
1786319999999,XRPUSDT:30m,NEUTRAL,0,0,0.4813,1.0295,1.0326,na
1786319999999,XRPUSDT:1h,NEUTRAL,0,0,0.4912,1.0295,1.0326,na
1786319999999,XRPUSDT:1d,NEUTRAL,0,0,0.5231,1.0404,1.0326,na
1786319999999,DOGEUSDT:5m,NEUTRAL,0,0,0.4692,0.06931,0.06981,na
1786319999999,DOGEUSDT:30m,NEUTRAL,0,0,0.5375,0.06931,0.06981,na
1786319999999,DOGEUSDT:1h,STRONG SELL,-1,1,0.3767,0.06931,0.06981,miss
1786319999999,DOGEUSDT:1d,SELL,-1,0,0.4097,0.07046,0.06981,hit
1786319999999,ADAUSDT:5m,SELL,-1,0,0.4178,0.1948,0.1972,miss
1786319999999,ADAUSDT:30m,SELL,-1,0,0.4477,0.1948,0.1972,miss
1786319999999,ADAUSDT:1h,SELL,-1,0,0.4294,0.1948,0.1972,miss
1786319999999,ADAUSDT:1d,SELL,-1,0,0.4316,0.1995,0.1972,hit
1786319999999,TRXUSDT:5m,SELL,-1,0,0.3914,0.3298,0.3301,miss
1786319999999,TRXUSDT:30m,SELL,-1,0,0.43,0.3298,0.3301,miss
1786319999999,TRXUSDT:1h,STRONG SELL,-1,1,0.3547,0.3298,0.3301,miss
1786319999999,TRXUSDT:1d,NEUTRAL,0,0,0.5433,0.3291,0.3301,na
1786319999999,AVAXUSDT:5m,BUY,1,0,0.5892,6.424,6.515,hit
1786319999999,AVAXUSDT:30m,NEUTRAL,0,0,0.5011,6.424,6.515,na
1786319999999,AVAXUSDT:1h,SELL,-1,0,0.3964,6.424,6.515,miss
1786319999999,AVAXUSDT:1d,SELL,-1,0,0.4492,6.479,6.515,miss
1786319999999,LINKUSDT:5m,NEUTRAL,0,0,0.473,8.187,8.201,na
1786319999999,LINKUSDT:30m,NEUTRAL,0,0,0.4977,8.187,8.198,na
1786319999999,LINKUSDT:1h,SELL,-1,0,0.4315,8.187,8.198,miss
1786319999999,LINKUSDT:1d,SELL,-1,0,0.4235,8.311,8.198,hit
1786338899999,BTCUSDT:5m,SELL,-1,0,0.424,65047.97,65016.15,hit
1786339799999,BTCUSDT:30m,SELL,-1,0,0.447,65047.01,65016.15,hit
1786341599999,BTCUSDT:1h,NEUTRAL,0,0,0.4951,65047.01,65016.16,na
1786338899999,ETHUSDT:5m,NEUTRAL,0,0,0.4588,1917.7,1918.83,na
1786339799999,ETHUSDT:30m,NEUTRAL,0,0,0.4858,1917.69,1918.83,na
1786341599999,ETHUSDT:1h,SELL,-1,0,0.3843,1917.69,1918.83,miss
1786338899999,SOLUSDT:5m,NEUTRAL,0,0,0.4592,76.66,76.65,na
1786339799999,SOLUSDT:30m,NEUTRAL,0,0,0.5361,76.66,76.64,na
1786341599999,SOLUSDT:1h,NEUTRAL,0,0,0.4688,76.66,76.64,na
1786338899999,BNBUSDT:5m,SELL,-1,0,0.4392,602.24,605.1,miss
1786339799999,BNBUSDT:30m,NEUTRAL,0,0,0.5076,602.23,605.1,na
1786341599999,BNBUSDT:1h,NEUTRAL,0,0,0.5447,602.23,605.11,na
1786338899999,XRPUSDT:5m,NEUTRAL,0,0,0.4531,1.0326,1.0312,na
1786339799999,XRPUSDT:30m,NEUTRAL,0,0,0.5063,1.0326,1.0312,na
1786341599999,XRPUSDT:1h,NEUTRAL,0,0,0.4872,1.0326,1.0312,na
1786338899999,DOGEUSDT:5m,NEUTRAL,0,0,0.4558,0.06981,0.06999,na
1786339799999,DOGEUSDT:30m,NEUTRAL,0,0,0.5018,0.06981,0.06999,na
1786341599999,DOGEUSDT:1h,NEUTRAL,0,0,0.4627,0.06981,0.06999,na
1786338899999,ADAUSDT:5m,SELL,-1,0,0.435,0.1972,0.1952,hit
1786339799999,ADAUSDT:30m,NEUTRAL,0,0,0.4647,0.1972,0.1952,na
1786341599999,ADAUSDT:1h,SELL,-1,0,0.4491,0.1972,0.1952,hit
1786338899999,TRXUSDT:5m,STRONG SELL,-1,1,0.2623,0.3301,0.3306,miss
1786339799999,TRXUSDT:30m,NEUTRAL,0,0,0.5113,0.3301,0.3306,na
1786341599999,TRXUSDT:1h,NEUTRAL,0,0,0.4574,0.3301,0.3306,na
1786338899999,AVAXUSDT:5m,NEUTRAL,0,0,0.5006,6.515,6.51,na
1786339799999,AVAXUSDT:30m,NEUTRAL,0,0,0.478,6.515,6.51,na
1786341599999,AVAXUSDT:1h,NEUTRAL,0,0,0.4659,6.515,6.51,na
1786338899999,LINKUSDT:5m,SELL,-1,0,0.4332,8.201,8.257,miss
1786339799999,LINKUSDT:30m,SELL,-1,0,0.4429,8.198,8.257,miss
1786341599999,LINKUSDT:1h,STRONG SELL,-1,1,0.3105,8.198,8.257,miss
1786356299999,BTCUSDT:5m,NEUTRAL,0,0,0.4928,65016.15,64987.89,na
1786357799999,BTCUSDT:30m,STRONG SELL,-1,1,0.2162,65016.15,64988.34,hit
1786359599999,BTCUSDT:1h,SELL,-1,0,0.3944,65016.16,64988.34,hit
1786356299999,ETHUSDT:5m,NEUTRAL,0,0,0.5316,1918.83,1914.91,na
1786357799999,ETHUSDT:30m,SELL,-1,0,0.4371,1918.83,1914.91,hit
1786359599999,ETHUSDT:1h,STRONG SELL,-1,1,0.3487,1918.83,1914.9,hit
1786356299999,SOLUSDT:5m,NEUTRAL,0,0,0.4653,76.65,76.84,na
1786357799999,SOLUSDT:30m,SELL,-1,0,0.4372,76.64,76.84,miss
1786359599999,SOLUSDT:1h,SELL,-1,0,0.4413,76.64,76.84,miss
1786356299999,BNBUSDT:5m,BUY,1,0,0.5651,605.1,604.08,miss
1786357799999,BNBUSDT:30m,NEUTRAL,0,0,0.5045,605.1,604.08,na
1786359599999,BNBUSDT:1h,BUY,1,0,0.5761,605.11,604.08,miss
1786356299999,XRPUSDT:5m,NEUTRAL,0,0,0.51,1.0312,1.0315,na
1786357799999,XRPUSDT:30m,NEUTRAL,0,0,0.4981,1.0312,1.0315,na
1786359599999,XRPUSDT:1h,NEUTRAL,0,0,0.491,1.0312,1.0315,na
1786356299999,DOGEUSDT:5m,NEUTRAL,0,0,0.4897,0.06999,0.06995,na
1786357799999,DOGEUSDT:30m,NEUTRAL,0,0,0.4681,0.06999,0.06995,na
1786359599999,DOGEUSDT:1h,NEUTRAL,0,0,0.4892,0.06999,0.06993,na
1786356299999,ADAUSDT:5m,NEUTRAL,0,0,0.4616,0.1952,0.1969,na
1786357799999,ADAUSDT:30m,SELL,-1,0,0.446,0.1952,0.1969,miss
1786359599999,ADAUSDT:1h,SELL,-1,0,0.3815,0.1952,0.1969,miss
1786356299999,TRXUSDT:5m,SELL,-1,0,0.3867,0.3306,0.3317,miss
1786357799999,TRXUSDT:30m,NEUTRAL,0,0,0.461,0.3306,0.3317,na
1786359599999,TRXUSDT:1h,NEUTRAL,0,0,0.4577,0.3306,0.3317,na
1786356299999,AVAXUSDT:5m,NEUTRAL,0,0,0.4949,6.51,6.529,na
1786357799999,AVAXUSDT:30m,BUY,1,0,0.5749,6.51,6.529,hit
1786359599999,AVAXUSDT:1h,SELL,-1,0,0.4177,6.51,6.529,miss
1786356299999,LINKUSDT:5m,SELL,-1,0,0.4343,8.257,8.308,miss
1786357799999,LINKUSDT:30m,SELL,-1,0,0.4455,8.257,8.308,miss
1786359599999,LINKUSDT:1h,BUY,1,0,0.6037,8.257,8.308,hit
1786365599999,BTCUSDT:5m,BUY,1,0,0.5721,64987.89,64328.12,miss
1786366799999,BTCUSDT:30m,NEUTRAL,0,0,0.5343,64988.34,64328.01,na
1786366799999,BTCUSDT:1h,BUY,1,0,0.5878,64988.34,64327.88,miss
1786365599999,ETHUSDT:5m,BUY,1,0,0.5787,1914.91,1877.83,miss
1786366799999,ETHUSDT:30m,NEUTRAL,0,0,0.4517,1914.91,1877.83,na
1786366799999,ETHUSDT:1h,NEUTRAL,0,0,0.4668,1914.9,1877.83,na
1786365599999,SOLUSDT:5m,NEUTRAL,0,0,0.491,76.84,75.91,na
1786366799999,SOLUSDT:30m,NEUTRAL,0,0,0.5352,76.84,75.91,na
1786366799999,SOLUSDT:1h,NEUTRAL,0,0,0.5076,76.84,75.91,na
1786365599999,BNBUSDT:5m,NEUTRAL,0,0,0.5423,604.08,600.65,na
1786366799999,BNBUSDT:30m,SELL,-1,0,0.442,604.08,600.64,hit
1786366799999,BNBUSDT:1h,BUY,1,0,0.5879,604.08,600.64,miss
1786365599999,XRPUSDT:5m,SELL,-1,0,0.4485,1.0315,1.0225,hit
1786366799999,XRPUSDT:30m,NEUTRAL,0,0,0.4808,1.0315,1.0225,na
1786366799999,XRPUSDT:1h,NEUTRAL,0,0,0.5288,1.0315,1.0225,na
1786365599999,DOGEUSDT:5m,BUY,1,0,0.5502,0.06995,0.06958,miss
1786366799999,DOGEUSDT:30m,NEUTRAL,0,0,0.5301,0.06995,0.06958,na
1786366799999,DOGEUSDT:1h,NEUTRAL,0,0,0.5123,0.06993,0.06958,na
1786365599999,ADAUSDT:5m,NEUTRAL,0,0,0.4657,0.1969,0.1949,na
1786366799999,ADAUSDT:30m,NEUTRAL,0,0,0.4744,0.1969,0.1949,na
1786366799999,ADAUSDT:1h,SELL,-1,0,0.4492,0.1969,0.1949,hit
1786365599999,TRXUSDT:5m,STRONG SELL,-1,1,0.2939,0.3317,0.331,hit
1786366799999,TRXUSDT:30m,NEUTRAL,0,0,0.4663,0.3317,0.331,na
1786366799999,TRXUSDT:1h,SELL,-1,0,0.4499,0.3317,0.331,hit
1786365599999,AVAXUSDT:5m,NEUTRAL,0,0,0.531,6.529,6.493,na
1786366799999,AVAXUSDT:30m,NEUTRAL,0,0,0.5073,6.529,6.493,na
1786366799999,AVAXUSDT:1h,SELL,-1,0,0.4301,6.529,6.493,hit
1786365599999,LINKUSDT:5m,NEUTRAL,0,0,0.5008,8.308,8.296,na
1786366799999,LINKUSDT:30m,BUY,1,0,0.5561,8.308,8.298,miss
1786366799999,LINKUSDT:1h,NEUTRAL,0,0,0.453,8.308,8.298,na
1786376999999,BTCUSDT:5m,SELL,-1,0,0.3908,64328.12,63879.99,hit
1786377599999,BTCUSDT:30m,NEUTRAL,0,0,0.5189,64328.01,63856.44,na
1786377599999,BTCUSDT:1h,BUY,1,0,0.5891,64327.88,63852.66,miss
1786376999999,ETHUSDT:5m,NEUTRAL,0,0,0.4641,1877.83,1871.04,na
1786377599999,ETHUSDT:30m,BUY,1,0,0.5883,1877.83,1870.51,miss
1786377599999,ETHUSDT:1h,NEUTRAL,0,0,0.5427,1877.83,1870.51,na
1786376999999,SOLUSDT:5m,NEUTRAL,0,0,0.4701,75.91,75.78,na
1786377599999,SOLUSDT:30m,BUY,1,0,0.5723,75.91,75.77,miss
1786377599999,SOLUSDT:1h,NEUTRAL,0,0,0.47,75.91,75.77,na
1786376999999,BNBUSDT:5m,NEUTRAL,0,0,0.5188,600.65,599.5,na
1786377599999,BNBUSDT:30m,NEUTRAL,0,0,0.4785,600.64,599.5,na
1786377599999,BNBUSDT:1h,NEUTRAL,0,0,0.54,600.64,599.5,na
1786376999999,XRPUSDT:5m,NEUTRAL,0,0,0.4867,1.0225,1.0176,na
1786377599999,XRPUSDT:30m,NEUTRAL,0,0,0.4935,1.0225,1.0176,na
1786377599999,XRPUSDT:1h,NEUTRAL,0,0,0.5055,1.0225,1.0176,na
1786376999999,DOGEUSDT:5m,NEUTRAL,0,0,0.4804,0.06958,0.06954,na
1786377599999,DOGEUSDT:30m,NEUTRAL,0,0,0.4949,0.06958,0.06954,na
1786377599999,DOGEUSDT:1h,NEUTRAL,0,0,0.4745,0.06958,0.06954,na
1786376999999,ADAUSDT:5m,SELL,-1,0,0.4194,0.1949,0.1929,hit
1786377599999,ADAUSDT:30m,NEUTRAL,0,0,0.4555,0.1949,0.1929,na
1786377599999,ADAUSDT:1h,SELL,-1,0,0.43,0.1949,0.1929,hit
1786376999999,TRXUSDT:5m,STRONG SELL,-1,1,0.3455,0.331,0.3308,hit
1786377599999,TRXUSDT:30m,NEUTRAL,0,0,0.4586,0.331,0.3308,na
1786377599999,TRXUSDT:1h,NEUTRAL,0,0,0.4604,0.331,0.3308,na
1786376999999,AVAXUSDT:5m,NEUTRAL,0,0,0.4817,6.493,6.48,na
1786377599999,AVAXUSDT:30m,NEUTRAL,0,0,0.5427,6.493,6.48,na
1786377599999,AVAXUSDT:1h,SELL,-1,0,0.4446,6.493,6.48,hit
1786376999999,LINKUSDT:5m,NEUTRAL,0,0,0.482,8.296,8.211,na
1786377599999,LINKUSDT:30m,SELL,-1,0,0.4002,8.298,8.211,hit
1786377599999,LINKUSDT:1h,NEUTRAL,0,0,0.4694,8.298,8.211,na
1786387199999,BTCUSDT:5m,STRONG SELL,-1,1,0.3022,63879.99,64114.26,miss
1786388399999,BTCUSDT:30m,NEUTRAL,0,0,0.5109,63856.44,64114.26,na
1786388399999,BTCUSDT:1h,NEUTRAL,0,0,0.54,63852.66,64114.27,na
1786387199999,ETHUSDT:5m,STRONG SELL,-1,1,0.3392,1871.04,1875.57,miss
1786388399999,ETHUSDT:30m,NEUTRAL,0,0,0.5157,1870.51,1875.57,na
1786388399999,ETHUSDT:1h,BUY,1,0,0.5894,1870.51,1875.57,hit
1786387199999,SOLUSDT:5m,SELL,-1,0,0.4232,75.78,76.36,miss
1786388399999,SOLUSDT:30m,NEUTRAL,0,0,0.5072,75.77,76.36,na
1786388399999,SOLUSDT:1h,SELL,-1,0,0.4416,75.77,76.36,miss
1786387199999,BNBUSDT:5m,NEUTRAL,0,0,0.4675,599.5,600.17,na
1786388399999,BNBUSDT:30m,SELL,-1,0,0.4484,599.5,600.17,miss
1786388399999,BNBUSDT:1h,BUY,1,0,0.5957,599.5,600.17,hit
1786387199999,XRPUSDT:5m,SELL,-1,0,0.405,1.0176,1.0196,miss
1786388399999,XRPUSDT:30m,NEUTRAL,0,0,0.5321,1.0176,1.0196,na
1786388399999,XRPUSDT:1h,NEUTRAL,0,0,0.4584,1.0176,1.0196,na
1786387199999,DOGEUSDT:5m,SELL,-1,0,0.4323,0.06954,0.06972,miss
1786388399999,DOGEUSDT:30m,NEUTRAL,0,0,0.5001,0.06954,0.06972,na
1786388399999,DOGEUSDT:1h,NEUTRAL,0,0,0.5019,0.06954,0.06972,na
1786387199999,ADAUSDT:5m,SELL,-1,0,0.4339,0.1929,0.193,miss
1786388399999,ADAUSDT:30m,STRONG SELL,-1,1,0.3654,0.1929,0.193,miss
1786388399999,ADAUSDT:1h,SELL,-1,0,0.4487,0.1929,0.193,miss
1786387199999,TRXUSDT:5m,NEUTRAL,0,0,0.5099,0.3308,0.3311,na
1786388399999,TRXUSDT:30m,SELL,-1,0,0.4347,0.3308,0.3311,miss
1786388399999,TRXUSDT:1h,NEUTRAL,0,0,0.4559,0.3308,0.3311,na
1786387199999,AVAXUSDT:5m,NEUTRAL,0,0,0.4621,6.48,6.434,na
1786388399999,AVAXUSDT:30m,BUY,1,0,0.5892,6.48,6.434,miss
1786388399999,AVAXUSDT:1h,NEUTRAL,0,0,0.4988,6.48,6.434,na
1786387199999,LINKUSDT:5m,NEUTRAL,0,0,0.4697,8.211,8.301,na
1786388399999,LINKUSDT:30m,NEUTRAL,0,0,0.4928,8.211,8.301,na
1786388399999,LINKUSDT:1h,STRONG SELL,-1,1,0.3435,8.211,8.301,miss
1786397099999,BTCUSDT:5m,NEUTRAL,0,0,0.5189,64114.26,63998.45,na
1786397399999,BTCUSDT:30m,NEUTRAL,0,0,0.4858,64114.26,63998.44,na
1786399199999,BTCUSDT:1h,NEUTRAL,0,0,0.4945,64114.27,63998.44,na
1786397099999,ETHUSDT:5m,SELL,-1,0,0.4089,1875.57,1874.37,hit
1786397399999,ETHUSDT:30m,NEUTRAL,0,0,0.4946,1875.57,1874.36,na
1786399199999,ETHUSDT:1h,NEUTRAL,0,0,0.4518,1875.57,1874.37,na
1786397099999,SOLUSDT:5m,SELL,-1,0,0.3849,76.36,76.13,hit
1786397399999,SOLUSDT:30m,NEUTRAL,0,0,0.5317,76.36,76.13,na
1786399199999,SOLUSDT:1h,NEUTRAL,0,0,0.4839,76.36,76.14,na
1786397099999,BNBUSDT:5m,NEUTRAL,0,0,0.4981,600.17,599.53,na
1786397399999,BNBUSDT:30m,NEUTRAL,0,0,0.5325,600.17,599.53,na
1786399199999,BNBUSDT:1h,NEUTRAL,0,0,0.5471,600.17,599.53,na
1786397099999,XRPUSDT:5m,NEUTRAL,0,0,0.4767,1.0196,1.0126,na
1786397399999,XRPUSDT:30m,NEUTRAL,0,0,0.4863,1.0196,1.0126,na
1786399199999,XRPUSDT:1h,NEUTRAL,0,0,0.4602,1.0196,1.0126,na
1786397099999,DOGEUSDT:5m,SELL,-1,0,0.4293,0.06972,0.06987,miss
1786397399999,DOGEUSDT:30m,NEUTRAL,0,0,0.5057,0.06972,0.06987,na
1786399199999,DOGEUSDT:1h,NEUTRAL,0,0,0.5035,0.06972,0.06987,na
1786397099999,ADAUSDT:5m,NEUTRAL,0,0,0.4561,0.193,0.1921,na
1786397399999,ADAUSDT:30m,SELL,-1,0,0.4315,0.193,0.1921,hit
1786399199999,ADAUSDT:1h,NEUTRAL,0,0,0.4805,0.193,0.1921,na
1786397099999,TRXUSDT:5m,STRONG SELL,-1,1,0.2699,0.3311,0.3306,hit
1786397399999,TRXUSDT:30m,SELL,-1,0,0.4213,0.3311,0.3307,hit
1786399199999,TRXUSDT:1h,NEUTRAL,0,0,0.4636,0.3311,0.3307,na
1786397099999,AVAXUSDT:5m,NEUTRAL,0,0,0.5203,6.434,6.436,na
1786397399999,AVAXUSDT:30m,BUY,1,0,0.6169,6.434,6.437,hit
1786399199999,AVAXUSDT:1h,NEUTRAL,0,0,0.4742,6.434,6.437,na
1786397099999,LINKUSDT:5m,NEUTRAL,0,0,0.5085,8.301,8.306,na
1786397399999,LINKUSDT:30m,SELL,-1,0,0.4292,8.301,8.306,miss
1786399199999,LINKUSDT:1h,BUY,1,0,0.5687,8.301,8.306,hit
1786403999999,BTCUSDT:5m,NEUTRAL,0,0,0.5007,63998.45,64138.54,na
1786404599999,BTCUSDT:30m,NEUTRAL,0,0,0.4925,63998.44,64138.54,na
1786406399999,BTCUSDT:1h,NEUTRAL,0,0,0.4586,63998.44,64138.54,na
1786406399999,BTCUSDT:1d,NEUTRAL,0,0,0.5011,65047.0,64138.54,na
1786403999999,ETHUSDT:5m,STRONG SELL,-1,1,0.3778,1874.37,1880.4,miss
1786404599999,ETHUSDT:30m,NEUTRAL,0,0,0.4588,1874.36,1880.4,na
1786406399999,ETHUSDT:1h,NEUTRAL,0,0,0.5114,1874.37,1880.4,na
1786406399999,ETHUSDT:1d,NEUTRAL,0,0,0.4689,1917.69,1880.4,na
1786403999999,SOLUSDT:5m,NEUTRAL,0,0,0.4901,76.13,76.13,na
1786404599999,SOLUSDT:30m,NEUTRAL,0,0,0.5368,76.13,76.13,na
1786406399999,SOLUSDT:1h,NEUTRAL,0,0,0.4911,76.14,76.14,na
1786406399999,SOLUSDT:1d,NEUTRAL,0,0,0.4958,76.65,76.13,na
1786403999999,BNBUSDT:5m,NEUTRAL,0,0,0.4853,599.53,600.46,na
1786404599999,BNBUSDT:30m,NEUTRAL,0,0,0.5324,599.53,600.45,na
1786406399999,BNBUSDT:1h,BUY,1,0,0.5625,599.53,600.46,hit
1786406399999,BNBUSDT:1d,NEUTRAL,0,0,0.4663,602.23,600.46,na
1786403999999,XRPUSDT:5m,NEUTRAL,0,0,0.5115,1.0126,1.0149,na
1786404599999,XRPUSDT:30m,NEUTRAL,0,0,0.4902,1.0126,1.0149,na
1786406399999,XRPUSDT:1h,NEUTRAL,0,0,0.4645,1.0126,1.0149,na
1786406399999,XRPUSDT:1d,SELL,-1,0,0.445,1.0326,1.0149,hit
1786403999999,DOGEUSDT:5m,NEUTRAL,0,0,0.5002,0.06987,0.07006,na
1786404599999,DOGEUSDT:30m,NEUTRAL,0,0,0.4703,0.06987,0.07006,na
1786406399999,DOGEUSDT:1h,NEUTRAL,0,0,0.5137,0.06987,0.07006,na
1786406399999,DOGEUSDT:1d,SELL,-1,0,0.4272,0.06981,0.07006,miss
1786403999999,ADAUSDT:5m,NEUTRAL,0,0,0.4533,0.1921,0.1905,na
1786404599999,ADAUSDT:30m,SELL,-1,0,0.4154,0.1921,0.1905,hit
1786406399999,ADAUSDT:1h,STRONG SELL,-1,1,0.344,0.1921,0.1905,hit
1786406399999,ADAUSDT:1d,SELL,-1,0,0.4331,0.1972,0.1905,hit
1786403999999,TRXUSDT:5m,STRONG SELL,-1,1,0.3273,0.3306,0.3316,miss
1786404599999,TRXUSDT:30m,STRONG SELL,-1,1,0.3556,0.3307,0.3316,miss
1786406399999,TRXUSDT:1h,STRONG SELL,-1,1,0.3501,0.3307,0.3316,miss
1786406399999,TRXUSDT:1d,BUY,1,0,0.5514,0.3301,0.3316,hit
1786403999999,AVAXUSDT:5m,NEUTRAL,0,0,0.4931,6.436,6.547,na
1786404599999,AVAXUSDT:30m,SELL,-1,0,0.3829,6.437,6.546,miss
1786406399999,AVAXUSDT:1h,NEUTRAL,0,0,0.4717,6.437,6.546,na
1786406399999,AVAXUSDT:1d,NEUTRAL,0,0,0.4725,6.515,6.546,na
1786403999999,LINKUSDT:5m,SELL,-1,0,0.4486,8.306,8.408,miss
1786404599999,LINKUSDT:30m,SELL,-1,0,0.4334,8.306,8.408,miss
1786406399999,LINKUSDT:1h,SELL,-1,0,0.4355,8.306,8.408,miss
1786406399999,LINKUSDT:1d,NEUTRAL,0,0,0.5371,8.198,8.408,na
1786421399999,BTCUSDT:5m,NEUTRAL,0,0,0.5227,64138.54,64049.0,na
1786422599999,BTCUSDT:30m,NEUTRAL,0,0,0.4854,64138.54,64048.99,na
1786424399999,BTCUSDT:1h,NEUTRAL,0,0,0.4918,64138.54,64049.0,na
1786421399999,ETHUSDT:5m,NEUTRAL,0,0,0.4881,1880.4,1876.0,na
1786422599999,ETHUSDT:30m,SELL,-1,0,0.4416,1880.4,1876.0,hit
1786424399999,ETHUSDT:1h,SELL,-1,0,0.4255,1880.4,1876.0,hit
1786421399999,SOLUSDT:5m,NEUTRAL,0,0,0.4903,76.13,75.66,na
1786422599999,SOLUSDT:30m,NEUTRAL,0,0,0.5175,76.13,75.66,na
1786424399999,SOLUSDT:1h,NEUTRAL,0,0,0.4702,76.14,75.66,na
1786421399999,BNBUSDT:5m,NEUTRAL,0,0,0.5241,600.46,603.94,na
1786422599999,BNBUSDT:30m,NEUTRAL,0,0,0.4782,600.45,603.95,na
1786424399999,BNBUSDT:1h,BUY,1,0,0.5655,600.46,603.94,hit
1786421399999,XRPUSDT:5m,NEUTRAL,0,0,0.4975,1.0149,1.0045,na
1786422599999,XRPUSDT:30m,NEUTRAL,0,0,0.4645,1.0149,1.0046,na
1786424399999,XRPUSDT:1h,NEUTRAL,0,0,0.5278,1.0149,1.0046,na
1786421399999,DOGEUSDT:5m,NEUTRAL,0,0,0.4658,0.07006,0.07015,na
1786422599999,DOGEUSDT:30m,NEUTRAL,0,0,0.516,0.07006,0.07015,na
1786424399999,DOGEUSDT:1h,NEUTRAL,0,0,0.4832,0.07006,0.07015,na
1786421399999,ADAUSDT:5m,STRONG SELL,-1,1,0.3028,0.1905,0.1887,hit
1786422599999,ADAUSDT:30m,SELL,-1,0,0.4298,0.1905,0.1886,hit
1786424399999,ADAUSDT:1h,SELL,-1,0,0.4178,0.1905,0.1886,hit
1786421399999,TRXUSDT:5m,STRONG SELL,-1,1,0.2652,0.3316,0.3319,miss
1786422599999,TRXUSDT:30m,SELL,-1,0,0.4431,0.3316,0.3318,miss
1786424399999,TRXUSDT:1h,NEUTRAL,0,0,0.4711,0.3316,0.3319,na
1786421399999,AVAXUSDT:5m,NEUTRAL,0,0,0.4974,6.547,6.484,na
1786422599999,AVAXUSDT:30m,BUY,1,0,0.5862,6.546,6.484,miss
1786424399999,AVAXUSDT:1h,SELL,-1,0,0.4148,6.546,6.484,hit
1786421399999,LINKUSDT:5m,NEUTRAL,0,0,0.5105,8.408,8.471,na
1786422599999,LINKUSDT:30m,SELL,-1,0,0.3905,8.408,8.471,miss
1786424399999,LINKUSDT:1h,BUY,1,0,0.577,8.408,8.468,hit
1786436099999,BTCUSDT:5m,SELL,-1,0,0.4393,64049.0,64322.0,miss
1786436999999,BTCUSDT:30m,NEUTRAL,0,0,0.47,64048.99,64322.01,na
1786438799999,BTCUSDT:1h,NEUTRAL,0,0,0.4556,64049.0,64322.0,na
1786436099999,ETHUSDT:5m,NEUTRAL,0,0,0.4891,1876.0,1891.94,na
1786436999999,ETHUSDT:30m,NEUTRAL,0,0,0.4556,1876.0,1891.76,na
1786438799999,ETHUSDT:1h,NEUTRAL,0,0,0.4897,1876.0,1891.76,na
1786436099999,SOLUSDT:5m,SELL,-1,0,0.423,75.66,76.15,miss
1786436999999,SOLUSDT:30m,NEUTRAL,0,0,0.5237,75.66,76.14,na
1786438799999,SOLUSDT:1h,NEUTRAL,0,0,0.473,75.66,76.15,na
1786436099999,BNBUSDT:5m,NEUTRAL,0,0,0.4651,603.94,607.57,na
1786436999999,BNBUSDT:30m,NEUTRAL,0,0,0.526,603.95,607.53,na
1786438799999,BNBUSDT:1h,BUY,1,0,0.5965,603.94,607.53,hit
1786436099999,XRPUSDT:5m,SELL,-1,0,0.4497,1.0045,1.0078,miss
1786436999999,XRPUSDT:30m,NEUTRAL,0,0,0.481,1.0046,1.0079,na
1786438799999,XRPUSDT:1h,NEUTRAL,0,0,0.5148,1.0046,1.0079,na
1786436099999,DOGEUSDT:5m,SELL,-1,0,0.4418,0.07015,0.07059,miss
1786436999999,DOGEUSDT:30m,NEUTRAL,0,0,0.4826,0.07015,0.0706,na
1786438799999,DOGEUSDT:1h,NEUTRAL,0,0,0.5142,0.07015,0.0706,na
1786436099999,ADAUSDT:5m,SELL,-1,0,0.3974,0.1887,0.1886,hit
1786436999999,ADAUSDT:30m,SELL,-1,0,0.4174,0.1886,0.1886,hit
1786438799999,ADAUSDT:1h,SELL,-1,0,0.4044,0.1886,0.1886,hit
1786436099999,TRXUSDT:5m,STRONG SELL,-1,1,0.3396,0.3319,0.3361,miss
1786436999999,TRXUSDT:30m,SELL,-1,0,0.3956,0.3318,0.3361,miss
1786438799999,TRXUSDT:1h,NEUTRAL,0,0,0.4628,0.3319,0.3361,na
1786436099999,AVAXUSDT:5m,NEUTRAL,0,0,0.4508,6.484,6.509,na
1786436999999,AVAXUSDT:30m,STRONG BUY,1,1,0.7017,6.484,6.509,hit
1786438799999,AVAXUSDT:1h,NEUTRAL,0,0,0.4959,6.484,6.509,na
1786436099999,LINKUSDT:5m,BUY,1,0,0.5508,8.471,8.684,hit
1786436999999,LINKUSDT:30m,SELL,-1,0,0.4356,8.471,8.684,miss
1786438799999,LINKUSDT:1h,NEUTRAL,0,0,0.5319,8.468,8.684,na
1786446599999,BTCUSDT:5m,STRONG SELL,-1,1,0.3753,64322.0,63981.7,hit
1786447799999,BTCUSDT:30m,NEUTRAL,0,0,0.5133,64322.01,63981.69,na
1786449599999,BTCUSDT:1h,NEUTRAL,0,0,0.4741,64322.0,63981.7,na
1786446599999,ETHUSDT:5m,STRONG SELL,-1,1,0.3628,1891.94,1877.93,hit
1786447799999,ETHUSDT:30m,SELL,-1,0,0.4404,1891.76,1877.92,hit
1786449599999,ETHUSDT:1h,NEUTRAL,0,0,0.4678,1891.76,1877.92,na
1786446599999,SOLUSDT:5m,SELL,-1,0,0.4156,76.15,75.5,hit
1786447799999,SOLUSDT:30m,NEUTRAL,0,0,0.4775,76.14,75.5,na
1786449599999,SOLUSDT:1h,NEUTRAL,0,0,0.4847,76.15,75.5,na
1786446599999,BNBUSDT:5m,NEUTRAL,0,0,0.4959,607.57,611.23,na
1786447799999,BNBUSDT:30m,BUY,1,0,0.5587,607.53,611.23,hit
1786449599999,BNBUSDT:1h,SELL,-1,0,0.4488,607.53,611.24,miss
1786446599999,XRPUSDT:5m,SELL,-1,0,0.436,1.0078,1.0048,hit
1786447799999,XRPUSDT:30m,STRONG SELL,-1,1,0.313,1.0079,1.0048,hit
1786449599999,XRPUSDT:1h,NEUTRAL,0,0,0.4704,1.0079,1.0048,na
1786446599999,DOGEUSDT:5m,SELL,-1,0,0.4382,0.07059,0.07062,miss
1786447799999,DOGEUSDT:30m,NEUTRAL,0,0,0.5008,0.0706,0.07062,na
1786449599999,DOGEUSDT:1h,NEUTRAL,0,0,0.5164,0.0706,0.07062,na
1786446599999,ADAUSDT:5m,SELL,-1,0,0.4446,0.1886,0.1855,hit
1786447799999,ADAUSDT:30m,SELL,-1,0,0.4172,0.1886,0.1855,hit
1786449599999,ADAUSDT:1h,SELL,-1,0,0.425,0.1886,0.1855,hit
1786446899999,TRXUSDT:5m,STRONG SELL,-1,1,0.3786,0.3361,0.3354,hit
1786447799999,TRXUSDT:30m,STRONG SELL,-1,1,0.366,0.3361,0.3354,hit
1786449599999,TRXUSDT:1h,NEUTRAL,0,0,0.4698,0.3361,0.3354,na
1786446899999,AVAXUSDT:5m,SELL,-1,0,0.4118,6.509,6.399,hit
1786447799999,AVAXUSDT:30m,SELL,-1,0,0.4273,6.509,6.399,hit
1786449599999,AVAXUSDT:1h,SELL,-1,0,0.4129,6.509,6.399,hit
1786446899999,LINKUSDT:5m,NEUTRAL,0,0,0.5192,8.684,8.577,na
1786447799999,LINKUSDT:30m,SELL,-1,0,0.4326,8.684,8.577,hit
1786449599999,LINKUSDT:1h,SELL,-1,0,0.4218,8.684,8.577,hit
1786459799999,BTCUSDT:5m,NEUTRAL,0,0,0.5469,63981.7,63598.89,na
1786460399999,BTCUSDT:30m,NEUTRAL,0,0,0.4746,63981.69,63598.89,na
1786460399999,BTCUSDT:1h,NEUTRAL,0,0,0.4943,63981.7,63598.88,na
1786459799999,ETHUSDT:5m,NEUTRAL,0,0,0.4943,1877.93,1864.76,na
1786460399999,ETHUSDT:30m,NEUTRAL,0,0,0.5301,1877.92,1864.75,na
1786460399999,ETHUSDT:1h,NEUTRAL,0,0,0.5389,1877.92,1864.75,na
1786459799999,SOLUSDT:5m,NEUTRAL,0,0,0.4558,75.5,75.27,na
1786460399999,SOLUSDT:30m,NEUTRAL,0,0,0.4935,75.5,75.27,na
1786460399999,SOLUSDT:1h,NEUTRAL,0,0,0.4976,75.5,75.27,na
1786459799999,BNBUSDT:5m,NEUTRAL,0,0,0.5157,611.23,610.17,na
1786460399999,BNBUSDT:30m,NEUTRAL,0,0,0.5241,611.23,610.17,na
1786460399999,BNBUSDT:1h,NEUTRAL,0,0,0.4902,611.24,610.17,na
1786459799999,XRPUSDT:5m,SELL,-1,0,0.4191,1.0048,1.0155,miss
1786460399999,XRPUSDT:30m,SELL,-1,0,0.4403,1.0048,1.0155,miss
1786460399999,XRPUSDT:1h,NEUTRAL,0,0,0.5017,1.0048,1.0155,na
1786459799999,DOGEUSDT:5m,SELL,-1,0,0.4178,0.07062,0.07103,miss
1786460399999,DOGEUSDT:30m,NEUTRAL,0,0,0.5242,0.07062,0.07103,na
1786460399999,DOGEUSDT:1h,NEUTRAL,0,0,0.5321,0.07062,0.07102,na
1786459799999,ADAUSDT:5m,SELL,-1,0,0.3969,0.1855,0.1857,miss
1786460399999,ADAUSDT:30m,SELL,-1,0,0.432,0.1855,0.1857,miss
1786460399999,ADAUSDT:1h,SELL,-1,0,0.3808,0.1855,0.1857,miss
1786459799999,TRXUSDT:5m,SELL,-1,0,0.3944,0.3354,0.3353,hit
1786460399999,TRXUSDT:30m,SELL,-1,0,0.3802,0.3354,0.3353,hit
1786460399999,TRXUSDT:1h,NEUTRAL,0,0,0.4698,0.3354,0.3353,na
1786459799999,AVAXUSDT:5m,SELL,-1,0,0.4326,6.399,6.222,hit
1786460399999,AVAXUSDT:30m,SELL,-1,0,0.4222,6.399,6.222,hit
1786460399999,AVAXUSDT:1h,BUY,1,0,0.5784,6.399,6.222,miss
1786459799999,LINKUSDT:5m,NEUTRAL,0,0,0.4671,8.577,8.595,na
1786460399999,LINKUSDT:30m,SELL,-1,0,0.4063,8.577,8.595,miss
1786460399999,LINKUSDT:1h,NEUTRAL,0,0,0.5373,8.577,8.595,na
1786471799999,BTCUSDT:5m,NEUTRAL,0,0,0.5409,63598.89,63622.01,na
1786472999999,BTCUSDT:30m,NEUTRAL,0,0,0.4794,63598.89,63622.01,na
1786474799999,BTCUSDT:1h,NEUTRAL,0,0,0.4872,63598.88,63622.0,na
1786471799999,ETHUSDT:5m,SELL,-1,0,0.4348,1864.76,1879.1,miss
1786472999999,ETHUSDT:30m,NEUTRAL,0,0,0.5393,1864.75,1879.24,na
1786474799999,ETHUSDT:1h,SELL,-1,0,0.4408,1864.75,1879.24,miss
1786471799999,SOLUSDT:5m,NEUTRAL,0,0,0.4859,75.27,75.94,na
1786472999999,SOLUSDT:30m,NEUTRAL,0,0,0.5238,75.27,75.93,na
1786474799999,SOLUSDT:1h,NEUTRAL,0,0,0.4841,75.27,75.93,na
1786471799999,BNBUSDT:5m,NEUTRAL,0,0,0.5231,610.17,612.26,na
1786472999999,BNBUSDT:30m,NEUTRAL,0,0,0.4912,610.17,612.26,na
1786474799999,BNBUSDT:1h,NEUTRAL,0,0,0.4983,610.17,612.28,na
1786471799999,XRPUSDT:5m,NEUTRAL,0,0,0.5002,1.0155,1.0172,na
1786472999999,XRPUSDT:30m,SELL,-1,0,0.4476,1.0155,1.0172,miss
1786474799999,XRPUSDT:1h,NEUTRAL,0,0,0.5387,1.0155,1.0172,na
1786471799999,DOGEUSDT:5m,NEUTRAL,0,0,0.4554,0.07103,0.07193,na
1786472999999,DOGEUSDT:30m,NEUTRAL,0,0,0.4933,0.07103,0.07192,na
1786474799999,DOGEUSDT:1h,NEUTRAL,0,0,0.5102,0.07102,0.07193,na
1786471799999,ADAUSDT:5m,NEUTRAL,0,0,0.4767,0.1857,0.1861,na
1786472999999,ADAUSDT:30m,SELL,-1,0,0.4361,0.1857,0.186,miss
1786474799999,ADAUSDT:1h,SELL,-1,0,0.4486,0.1857,0.186,miss
1786471799999,TRXUSDT:5m,NEUTRAL,0,0,0.4626,0.3353,0.3352,na
1786472999999,TRXUSDT:30m,SELL,-1,0,0.4355,0.3353,0.3352,hit
1786474799999,TRXUSDT:1h,NEUTRAL,0,0,0.4816,0.3353,0.3351,na
1786471799999,AVAXUSDT:5m,SELL,-1,0,0.4126,6.222,6.309,miss
1786472999999,AVAXUSDT:30m,NEUTRAL,0,0,0.4712,6.222,6.309,na
1786474799999,AVAXUSDT:1h,NEUTRAL,0,0,0.4755,6.222,6.309,na
1786471799999,LINKUSDT:5m,NEUTRAL,0,0,0.514,8.595,8.674,na
1786472999999,LINKUSDT:30m,NEUTRAL,0,0,0.4726,8.595,8.673,na
1786474799999,LINKUSDT:1h,NEUTRAL,0,0,0.4643,8.595,8.673,na
1786480199999,BTCUSDT:5m,SELL,-1,0,0.4239,63622.01,63708.0,miss
1786480199999,BTCUSDT:30m,NEUTRAL,0,0,0.4605,63622.01,63708.0,na
1786481999999,BTCUSDT:1h,NEUTRAL,0,0,0.4537,63622.0,63708.01,na
1786480199999,ETHUSDT:5m,BUY,1,0,0.5665,1879.1,1883.18,hit
1786480199999,ETHUSDT:30m,NEUTRAL,0,0,0.5099,1879.24,1883.18,na
1786481999999,ETHUSDT:1h,NEUTRAL,0,0,0.4505,1879.24,1883.17,na
1786480199999,SOLUSDT:5m,NEUTRAL,0,0,0.4908,75.94,76.38,na
1786480199999,SOLUSDT:30m,NEUTRAL,0,0,0.5204,75.93,76.38,na
1786481999999,SOLUSDT:1h,NEUTRAL,0,0,0.469,75.93,76.38,na
1786480199999,BNBUSDT:5m,BUY,1,0,0.5744,612.26,612.76,hit
1786480199999,BNBUSDT:30m,NEUTRAL,0,0,0.5131,612.26,612.76,na
1786481999999,BNBUSDT:1h,BUY,1,0,0.5626,612.28,612.76,hit
1786480199999,XRPUSDT:5m,SELL,-1,0,0.4266,1.0172,1.0204,miss
1786480199999,XRPUSDT:30m,NEUTRAL,0,0,0.4916,1.0172,1.0204,na
1786481999999,XRPUSDT:1h,NEUTRAL,0,0,0.5187,1.0172,1.0204,na
1786480199999,DOGEUSDT:5m,NEUTRAL,0,0,0.4635,0.07193,0.07278,na
1786480199999,DOGEUSDT:30m,NEUTRAL,0,0,0.506,0.07192,0.07278,na
1786481999999,DOGEUSDT:1h,NEUTRAL,0,0,0.4878,0.07193,0.07277,na
1786480199999,ADAUSDT:5m,SELL,-1,0,0.4384,0.1861,0.1869,miss
1786480199999,ADAUSDT:30m,SELL,-1,0,0.4427,0.186,0.1869,miss
1786481999999,ADAUSDT:1h,SELL,-1,0,0.443,0.186,0.1869,miss
1786480199999,TRXUSDT:5m,SELL,-1,0,0.4234,0.3352,0.3352,hit
1786480199999,TRXUSDT:30m,SELL,-1,0,0.427,0.3352,0.3352,hit
1786481999999,TRXUSDT:1h,NEUTRAL,0,0,0.4804,0.3351,0.3352,na
1786480199999,AVAXUSDT:5m,SELL,-1,0,0.4198,6.309,6.318,miss
1786480199999,AVAXUSDT:30m,NEUTRAL,0,0,0.4974,6.309,6.319,na
1786481999999,AVAXUSDT:1h,SELL,-1,0,0.4447,6.309,6.319,miss
1786480199999,LINKUSDT:5m,NEUTRAL,0,0,0.4633,8.674,8.76,na
1786480199999,LINKUSDT:30m,NEUTRAL,0,0,0.4532,8.673,8.762,na
1786481999999,LINKUSDT:1h,SELL,-1,0,0.4462,8.673,8.762,miss
1786487399999,BTCUSDT:5m,NEUTRAL,0,0,0.4571,63708.0,63803.49,na
1786487399999,BTCUSDT:30m,NEUTRAL,0,0,0.5022,63708.0,63806.49,na
1786489199999,BTCUSDT:1h,NEUTRAL,0,0,0.4828,63708.01,63808.0,na
1786492799999,BTCUSDT:1d,NEUTRAL,0,0,0.4968,64138.54,63807.99,na
1786487399999,ETHUSDT:5m,BUY,1,0,0.5957,1883.18,1889.61,hit
1786487399999,ETHUSDT:30m,NEUTRAL,0,0,0.5325,1883.18,1889.61,na
1786489199999,ETHUSDT:1h,SELL,-1,0,0.4292,1883.17,1889.61,miss
1786492799999,ETHUSDT:1d,NEUTRAL,0,0,0.5311,1880.4,1889.61,na
1786487399999,SOLUSDT:5m,NEUTRAL,0,0,0.4778,76.38,76.34,na
1786487399999,SOLUSDT:30m,NEUTRAL,0,0,0.5225,76.38,76.34,na
1786489199999,SOLUSDT:1h,NEUTRAL,0,0,0.491,76.38,76.35,na
1786492799999,SOLUSDT:1d,NEUTRAL,0,0,0.4878,76.13,76.35,na
1786487399999,BNBUSDT:5m,NEUTRAL,0,0,0.5205,612.76,614.54,na
1786487399999,BNBUSDT:30m,NEUTRAL,0,0,0.5332,612.76,614.54,na
1786489199999,BNBUSDT:1h,BUY,1,0,0.5827,612.76,614.54,hit
1786492799999,BNBUSDT:1d,NEUTRAL,0,0,0.4944,600.46,614.54,na
1786487399999,XRPUSDT:5m,NEUTRAL,0,0,0.4929,1.0204,1.0221,na
1786487399999,XRPUSDT:30m,STRONG SELL,-1,1,0.3797,1.0204,1.022,miss
1786489199999,XRPUSDT:1h,NEUTRAL,0,0,0.5227,1.0204,1.022,na
1786492799999,XRPUSDT:1d,SELL,-1,0,0.4352,1.0149,1.022,miss
1786487399999,DOGEUSDT:5m,SELL,-1,0,0.4092,0.07278,0.07218,hit
1786487399999,DOGEUSDT:30m,NEUTRAL,0,0,0.5237,0.07278,0.07218,na
1786489199999,DOGEUSDT:1h,NEUTRAL,0,0,0.5326,0.07277,0.07218,na
1786492799999,DOGEUSDT:1d,SELL,-1,0,0.3973,0.07006,0.07218,miss
1786487399999,ADAUSDT:5m,SELL,-1,0,0.449,0.1869,0.1872,miss
1786487399999,ADAUSDT:30m,SELL,-1,0,0.3963,0.1869,0.1872,miss
1786489199999,ADAUSDT:1h,SELL,-1,0,0.4411,0.1869,0.1872,miss
1786492799999,ADAUSDT:1d,NEUTRAL,0,0,0.4599,0.1905,0.1872,na
1786487399999,TRXUSDT:5m,STRONG SELL,-1,1,0.3546,0.3352,0.3346,hit
1786487399999,TRXUSDT:30m,SELL,-1,0,0.4291,0.3352,0.3346,hit
1786489199999,TRXUSDT:1h,NEUTRAL,0,0,0.4606,0.3352,0.3346,na
1786492799999,TRXUSDT:1d,NEUTRAL,0,0,0.4937,0.3316,0.3346,na
1786487399999,AVAXUSDT:5m,STRONG SELL,-1,1,0.3519,6.318,6.295,hit
1786487399999,AVAXUSDT:30m,BUY,1,0,0.5509,6.319,6.295,miss
1786489199999,AVAXUSDT:1h,NEUTRAL,0,0,0.5032,6.319,6.295,na
1786492799999,AVAXUSDT:1d,NEUTRAL,0,0,0.4756,6.546,6.295,na
1786487399999,LINKUSDT:5m,NEUTRAL,0,0,0.5176,8.76,8.718,na
1786487399999,LINKUSDT:30m,NEUTRAL,0,0,0.5369,8.762,8.717,na
1786489199999,LINKUSDT:1h,SELL,-1,0,0.4493,8.762,8.717,hit
1786492799999,LINKUSDT:1d,SELL,-1,0,0.4185,8.408,8.718,miss
1786511699999,BTCUSDT:5m,BUY,1,0,0.5685,63803.49,64010.01,hit
1786512599999,BTCUSDT:30m,NEUTRAL,0,0,0.5049,63806.49,64010.0,na
1786514399999,BTCUSDT:1h,NEUTRAL,0,0,0.497,63808.0,64010.0,na
1786511699999,ETHUSDT:5m,BUY,1,0,0.5886,1889.61,1903.06,hit
1786512599999,ETHUSDT:30m,NEUTRAL,0,0,0.4818,1889.61,1903.06,na
1786514399999,ETHUSDT:1h,SELL,-1,0,0.445,1889.61,1902.95,miss
1786511699999,SOLUSDT:5m,NEUTRAL,0,0,0.5012,76.34,76.73,na
1786512599999,SOLUSDT:30m,NEUTRAL,0,0,0.4856,76.34,76.73,na
1786514399999,SOLUSDT:1h,BUY,1,0,0.5514,76.35,76.73,hit
1786511699999,BNBUSDT:5m,NEUTRAL,0,0,0.5431,614.54,612.77,na
1786512599999,BNBUSDT:30m,NEUTRAL,0,0,0.5248,614.54,612.77,na
1786514399999,BNBUSDT:1h,NEUTRAL,0,0,0.4675,614.54,612.77,na
1786511699999,XRPUSDT:5m,STRONG BUY,1,1,0.6417,1.0221,1.0228,hit
1786512599999,XRPUSDT:30m,NEUTRAL,0,0,0.4789,1.022,1.0228,na
1786514399999,XRPUSDT:1h,NEUTRAL,0,0,0.4864,1.022,1.0228,na
1786511699999,DOGEUSDT:5m,NEUTRAL,0,0,0.5441,0.07218,0.07188,na
1786512599999,DOGEUSDT:30m,NEUTRAL,0,0,0.502,0.07218,0.07188,na
1786514399999,DOGEUSDT:1h,BUY,1,0,0.5508,0.07218,0.07188,miss
1786511699999,ADAUSDT:5m,SELL,-1,0,0.4304,0.1872,0.1864,hit
1786512599999,ADAUSDT:30m,SELL,-1,0,0.4123,0.1872,0.1864,hit
1786514399999,ADAUSDT:1h,SELL,-1,0,0.4486,0.1872,0.1864,hit
1786511699999,TRXUSDT:5m,STRONG SELL,-1,1,0.3563,0.3346,0.3365,miss
1786512599999,TRXUSDT:30m,SELL,-1,0,0.4367,0.3346,0.3365,miss
1786514399999,TRXUSDT:1h,NEUTRAL,0,0,0.4902,0.3346,0.3364,na
1786511699999,AVAXUSDT:5m,SELL,-1,0,0.4001,6.295,6.247,hit
1786512599999,AVAXUSDT:30m,NEUTRAL,0,0,0.4836,6.295,6.247,na
1786514399999,AVAXUSDT:1h,SELL,-1,0,0.406,6.295,6.247,hit
1786511699999,LINKUSDT:5m,NEUTRAL,0,0,0.5452,8.718,8.783,na
1786512599999,LINKUSDT:30m,NEUTRAL,0,0,0.4553,8.717,8.783,na
1786514399999,LINKUSDT:1h,BUY,1,0,0.5736,8.717,8.783,hit
1786527899999,BTCUSDT:5m,SELL,-1,0,0.4195,64010.01,64269.99,miss
1786528799999,BTCUSDT:30m,NEUTRAL,0,0,0.5369,64010.0,64269.99,na
1786528799999,BTCUSDT:1h,NEUTRAL,0,0,0.5027,64010.0,64270.0,na
1786527899999,ETHUSDT:5m,NEUTRAL,0,0,0.5047,1903.06,1916.95,na
1786528799999,ETHUSDT:30m,NEUTRAL,0,0,0.5313,1903.06,1916.96,na
1786528799999,ETHUSDT:1h,NEUTRAL,0,0,0.501,1902.95,1916.96,na
1786527899999,SOLUSDT:5m,STRONG SELL,-1,1,0.3781,76.73,77.06,miss
1786528799999,SOLUSDT:30m,NEUTRAL,0,0,0.5158,76.73,77.06,na
1786528799999,SOLUSDT:1h,NEUTRAL,0,0,0.5195,76.73,77.06,na
1786527899999,BNBUSDT:5m,NEUTRAL,0,0,0.5076,612.77,614.82,na
1786528799999,BNBUSDT:30m,NEUTRAL,0,0,0.5264,612.77,614.83,na
1786528799999,BNBUSDT:1h,BUY,1,0,0.5631,612.77,614.83,hit
1786527899999,XRPUSDT:5m,STRONG SELL,-1,1,0.3463,1.0228,1.0231,miss
1786528799999,XRPUSDT:30m,SELL,-1,0,0.4478,1.0228,1.0231,miss
1786528799999,XRPUSDT:1h,NEUTRAL,0,0,0.524,1.0228,1.0231,na
1786527899999,DOGEUSDT:5m,SELL,-1,0,0.4466,0.07188,0.07205,miss
1786528799999,DOGEUSDT:30m,SELL,-1,0,0.4171,0.07188,0.07205,miss
1786528799999,DOGEUSDT:1h,NEUTRAL,0,0,0.5024,0.07188,0.07204,na
1786527899999,ADAUSDT:5m,SELL,-1,0,0.391,0.1864,0.1857,hit
1786528799999,ADAUSDT:30m,STRONG SELL,-1,1,0.3594,0.1864,0.1856,hit
1786528799999,ADAUSDT:1h,NEUTRAL,0,0,0.4666,0.1864,0.1856,na
1786527899999,TRXUSDT:5m,SELL,-1,0,0.4398,0.3365,0.337,miss
1786528799999,TRXUSDT:30m,SELL,-1,0,0.4015,0.3365,0.337,miss
1786528799999,TRXUSDT:1h,NEUTRAL,0,0,0.5075,0.3364,0.337,na
1786527899999,AVAXUSDT:5m,STRONG SELL,-1,1,0.3765,6.247,6.318,miss
1786528799999,AVAXUSDT:30m,NEUTRAL,0,0,0.5091,6.247,6.316,na
1786528799999,AVAXUSDT:1h,SELL,-1,0,0.4089,6.247,6.316,miss
1786527899999,LINKUSDT:5m,NEUTRAL,0,0,0.4892,8.783,8.874,na
1786528799999,LINKUSDT:30m,NEUTRAL,0,0,0.492,8.783,8.874,na
1786528799999,LINKUSDT:1h,STRONG SELL,-1,1,0.3621,8.783,8.874,miss
1786536299999,BTCUSDT:5m,NEUTRAL,0,0,0.4868,64269.99,63459.25,na
1786537799999,BTCUSDT:30m,NEUTRAL,0,0,0.5374,64269.99,63472.4,na
1786539599999,BTCUSDT:1h,NEUTRAL,0,0,0.5106,64270.0,63472.4,na
1786536299999,ETHUSDT:5m,NEUTRAL,0,0,0.4865,1916.95,1894.24,na
1786537799999,ETHUSDT:30m,BUY,1,0,0.6023,1916.96,1894.23,miss
1786539599999,ETHUSDT:1h,NEUTRAL,0,0,0.4925,1916.96,1894.23,na
1786536599999,SOLUSDT:5m,STRONG SELL,-1,1,0.3597,77.06,75.71,hit
1786537799999,SOLUSDT:30m,NEUTRAL,0,0,0.5198,77.06,75.71,na
1786539599999,SOLUSDT:1h,BUY,1,0,0.5602,77.06,75.71,miss
1786536599999,BNBUSDT:5m,NEUTRAL,0,0,0.4805,614.82,610.29,na
1786537799999,BNBUSDT:30m,NEUTRAL,0,0,0.5339,614.83,610.23,na
1786539599999,BNBUSDT:1h,STRONG BUY,1,1,0.6518,614.83,610.23,miss
1786536599999,XRPUSDT:5m,SELL,-1,0,0.4267,1.0231,1.0118,hit
1786537799999,XRPUSDT:30m,SELL,-1,0,0.445,1.0231,1.0117,hit
1786539599999,XRPUSDT:1h,NEUTRAL,0,0,0.5168,1.0231,1.0117,na
1786536599999,DOGEUSDT:5m,NEUTRAL,0,0,0.483,0.07205,0.07087,na
1786537799999,DOGEUSDT:30m,NEUTRAL,0,0,0.5261,0.07205,0.07087,na
1786539599999,DOGEUSDT:1h,NEUTRAL,0,0,0.5325,0.07204,0.07087,na
1786536599999,ADAUSDT:5m,STRONG SELL,-1,1,0.3745,0.1857,0.1824,hit
1786537799999,ADAUSDT:30m,STRONG SELL,-1,1,0.3477,0.1856,0.1823,hit
1786539599999,ADAUSDT:1h,SELL,-1,0,0.4447,0.1856,0.1823,hit
1786536599999,TRXUSDT:5m,SELL,-1,0,0.4185,0.337,0.336,hit
1786537799999,TRXUSDT:30m,SELL,-1,0,0.4102,0.337,0.336,hit
1786539599999,TRXUSDT:1h,BUY,1,0,0.5593,0.337,0.336,miss
1786536599999,AVAXUSDT:5m,SELL,-1,0,0.4387,6.318,6.372,miss
1786537799999,AVAXUSDT:30m,NEUTRAL,0,0,0.5066,6.316,6.372,na
1786539599999,AVAXUSDT:1h,NEUTRAL,0,0,0.4547,6.316,6.371,na
1786536599999,LINKUSDT:5m,NEUTRAL,0,0,0.5066,8.874,8.767,na
1786537799999,LINKUSDT:30m,NEUTRAL,0,0,0.537,8.874,8.767,na
1786539599999,LINKUSDT:1h,STRONG SELL,-1,1,0.3681,8.874,8.767,hit
1786548899999,BTCUSDT:5m,SELL,-1,0,0.4199,63459.25,63450.01,hit
1786550399999,BTCUSDT:30m,NEUTRAL,0,0,0.5332,63472.4,63450.0,na
1786550399999,BTCUSDT:1h,BUY,1,0,0.5613,63472.4,63450.0,miss
1786548899999,ETHUSDT:5m,NEUTRAL,0,0,0.5353,1894.24,1888.21,na
1786550399999,ETHUSDT:30m,NEUTRAL,0,0,0.531,1894.23,1888.22,na
1786550399999,ETHUSDT:1h,NEUTRAL,0,0,0.4872,1894.23,1888.21,na
1786548899999,SOLUSDT:5m,SELL,-1,0,0.4119,75.71,75.99,miss
1786550399999,SOLUSDT:30m,NEUTRAL,0,0,0.5141,75.71,75.99,na
1786550399999,SOLUSDT:1h,NEUTRAL,0,0,0.5285,75.71,75.99,na
1786548899999,BNBUSDT:5m,NEUTRAL,0,0,0.4987,610.29,610.93,na
1786550399999,BNBUSDT:30m,NEUTRAL,0,0,0.5331,610.23,610.93,na
1786550399999,BNBUSDT:1h,BUY,1,0,0.5965,610.23,610.95,hit
1786548899999,XRPUSDT:5m,NEUTRAL,0,0,0.5189,1.0118,1.0103,na
1786550399999,XRPUSDT:30m,SELL,-1,0,0.4169,1.0117,1.0103,hit
1786550399999,XRPUSDT:1h,NEUTRAL,0,0,0.5323,1.0117,1.0103,na
1786548899999,DOGEUSDT:5m,NEUTRAL,0,0,0.4576,0.07087,0.07077,na
1786550399999,DOGEUSDT:30m,SELL,-1,0,0.421,0.07087,0.07076,hit
1786550399999,DOGEUSDT:1h,NEUTRAL,0,0,0.5103,0.07087,0.07076,na
1786548899999,ADAUSDT:5m,STRONG SELL,-1,1,0.3268,0.1824,0.1834,miss
1786550399999,ADAUSDT:30m,STRONG SELL,-1,1,0.3636,0.1823,0.1833,miss
1786550399999,ADAUSDT:1h,SELL,-1,0,0.4271,0.1823,0.1833,miss
1786548899999,TRXUSDT:5m,NEUTRAL,0,0,0.5129,0.336,0.3361,na
1786550399999,TRXUSDT:30m,SELL,-1,0,0.4194,0.336,0.3361,miss
1786550399999,TRXUSDT:1h,NEUTRAL,0,0,0.5028,0.336,0.336,na
1786548899999,AVAXUSDT:5m,NEUTRAL,0,0,0.4783,6.372,6.374,na
1786550399999,AVAXUSDT:30m,NEUTRAL,0,0,0.4821,6.372,6.374,na
1786550399999,AVAXUSDT:1h,NEUTRAL,0,0,0.4625,6.371,6.374,na
1786548899999,LINKUSDT:5m,NEUTRAL,0,0,0.5224,8.767,8.776,na
1786550399999,LINKUSDT:30m,NEUTRAL,0,0,0.5209,8.767,8.776,na
1786550399999,LINKUSDT:1h,BUY,1,0,0.5606,8.767,8.776,hit
1786559999999,BTCUSDT:5m,SELL,-1,0,0.4166,63450.01,63515.72,miss
1786561199999,BTCUSDT:30m,NEUTRAL,0,0,0.4809,63450.0,63515.73,na
1786561199999,BTCUSDT:1h,NEUTRAL,0,0,0.5323,63450.0,63515.73,na
1786559999999,ETHUSDT:5m,NEUTRAL,0,0,0.4775,1888.21,1881.92,na
1786561199999,ETHUSDT:30m,NEUTRAL,0,0,0.5264,1888.22,1881.92,na
1786561199999,ETHUSDT:1h,BUY,1,0,0.5515,1888.21,1881.92,miss
1786559999999,SOLUSDT:5m,SELL,-1,0,0.4437,75.99,75.59,hit
1786561199999,SOLUSDT:30m,NEUTRAL,0,0,0.5104,75.99,75.59,na
1786561199999,SOLUSDT:1h,NEUTRAL,0,0,0.5319,75.99,75.59,na
1786560299999,BNBUSDT:5m,NEUTRAL,0,0,0.5327,610.93,610.62,na
1786561199999,BNBUSDT:30m,NEUTRAL,0,0,0.5427,610.93,610.62,na
1786561199999,BNBUSDT:1h,BUY,1,0,0.5602,610.95,610.61,miss
1786560299999,XRPUSDT:5m,SELL,-1,0,0.4256,1.0103,1.0052,hit
1786561199999,XRPUSDT:30m,STRONG SELL,-1,1,0.3185,1.0103,1.0052,hit
1786561199999,XRPUSDT:1h,BUY,1,0,0.6064,1.0103,1.0052,miss
1786560299999,DOGEUSDT:5m,SELL,-1,0,0.4369,0.07077,0.07033,hit
1786561199999,DOGEUSDT:30m,NEUTRAL,0,0,0.4769,0.07076,0.07034,na
1786561199999,DOGEUSDT:1h,NEUTRAL,0,0,0.5111,0.07076,0.07034,na
1786559999999,ADAUSDT:5m,SELL,-1,0,0.382,0.1834,0.1812,hit
1786561199999,ADAUSDT:30m,SELL,-1,0,0.3926,0.1833,0.1807,hit
1786561199999,ADAUSDT:1h,NEUTRAL,0,0,0.4506,0.1833,0.1808,na
1786560299999,TRXUSDT:5m,STRONG SELL,-1,1,0.318,0.3361,0.3358,hit
1786561199999,TRXUSDT:30m,SELL,-1,0,0.4156,0.3361,0.3358,hit
1786561199999,TRXUSDT:1h,NEUTRAL,0,0,0.4742,0.336,0.3357,na
1786560299999,AVAXUSDT:5m,SELL,-1,0,0.4354,6.374,6.348,hit
1786561199999,AVAXUSDT:30m,NEUTRAL,0,0,0.4858,6.374,6.353,na
1786561199999,AVAXUSDT:1h,SELL,-1,0,0.4438,6.374,6.353,hit
1786560299999,LINKUSDT:5m,NEUTRAL,0,0,0.5248,8.776,8.667,na
1786561199999,LINKUSDT:30m,NEUTRAL,0,0,0.4716,8.776,8.668,na
1786561199999,LINKUSDT:1h,BUY,1,0,0.5569,8.776,8.67,miss
1786570199999,BTCUSDT:5m,NEUTRAL,0,0,0.5094,63515.72,63386.8,na
1786570199999,BTCUSDT:30m,NEUTRAL,0,0,0.4981,63515.73,63386.8,na
1786571999999,BTCUSDT:1h,NEUTRAL,0,0,0.5203,63515.73,63386.8,na
1786570199999,ETHUSDT:5m,SELL,-1,0,0.4172,1881.92,1876.26,hit
1786570199999,ETHUSDT:30m,NEUTRAL,0,0,0.5084,1881.92,1876.25,na
1786571999999,ETHUSDT:1h,SELL,-1,0,0.4233,1881.92,1876.25,hit
1786570199999,SOLUSDT:5m,NEUTRAL,0,0,0.4984,75.59,75.46,na
1786570199999,SOLUSDT:30m,NEUTRAL,0,0,0.4913,75.59,75.47,na
1786571999999,SOLUSDT:1h,NEUTRAL,0,0,0.4991,75.59,75.47,na
1786570199999,BNBUSDT:5m,NEUTRAL,0,0,0.4505,610.62,610.29,na
1786570199999,BNBUSDT:30m,NEUTRAL,0,0,0.52,610.62,610.26,na
1786571999999,BNBUSDT:1h,BUY,1,0,0.5631,610.61,610.25,miss
1786570199999,XRPUSDT:5m,NEUTRAL,0,0,0.4666,1.0052,1.0018,na
1786570199999,XRPUSDT:30m,NEUTRAL,0,0,0.4663,1.0052,1.0019,na
1786571999999,XRPUSDT:1h,NEUTRAL,0,0,0.5331,1.0052,1.0018,na
1786570199999,DOGEUSDT:5m,SELL,-1,0,0.3953,0.07033,0.06949,hit
1786570199999,DOGEUSDT:30m,SELL,-1,0,0.4052,0.07034,0.06949,hit
1786571999999,DOGEUSDT:1h,NEUTRAL,0,0,0.4981,0.07034,0.06949,na
1786570199999,ADAUSDT:5m,STRONG SELL,-1,1,0.3605,0.1812,0.1821,miss
1786570199999,ADAUSDT:30m,SELL,-1,0,0.3963,0.1807,0.1821,miss
1786571999999,ADAUSDT:1h,STRONG SELL,-1,1,0.373,0.1808,0.1821,miss
1786570199999,TRXUSDT:5m,STRONG SELL,-1,1,0.2298,0.3358,0.3361,miss
1786570199999,TRXUSDT:30m,SELL,-1,0,0.4095,0.3358,0.3361,miss
1786571999999,TRXUSDT:1h,NEUTRAL,0,0,0.4824,0.3357,0.3361,na
1786570199999,AVAXUSDT:5m,NEUTRAL,0,0,0.4574,6.348,6.314,na
1786570199999,AVAXUSDT:30m,NEUTRAL,0,0,0.4693,6.353,6.314,na
1786571999999,AVAXUSDT:1h,SELL,-1,0,0.4221,6.353,6.314,hit
1786570199999,LINKUSDT:5m,NEUTRAL,0,0,0.5455,8.667,8.674,na
1786570199999,LINKUSDT:30m,BUY,1,0,0.5587,8.668,8.674,hit
1786571999999,LINKUSDT:1h,SELL,-1,0,0.43,8.67,8.674,miss
1786577399999,BTCUSDT:5m,NEUTRAL,0,0,0.4907,63386.8,63955.22,na
1786577399999,BTCUSDT:30m,NEUTRAL,0,0,0.4984,63386.8,63955.22,na
1786579199999,BTCUSDT:1h,NEUTRAL,0,0,0.4878,63386.8,63955.22,na
1786579199999,BTCUSDT:1d,NEUTRAL,0,0,0.5041,63807.99,63955.22,na
1786577399999,ETHUSDT:5m,NEUTRAL,0,0,0.4908,1876.26,1898.54,na
1786577399999,ETHUSDT:30m,NEUTRAL,0,0,0.5147,1876.25,1898.54,na
1786579199999,ETHUSDT:1h,NEUTRAL,0,0,0.4763,1876.25,1898.54,na
1786579199999,ETHUSDT:1d,NEUTRAL,0,0,0.5388,1889.61,1898.54,na
1786577399999,SOLUSDT:5m,SELL,-1,0,0.4198,75.46,76.32,miss
1786577399999,SOLUSDT:30m,NEUTRAL,0,0,0.5339,75.47,76.32,na
1786579199999,SOLUSDT:1h,NEUTRAL,0,0,0.4636,75.47,76.32,na
1786579199999,SOLUSDT:1d,NEUTRAL,0,0,0.4575,76.35,76.32,na
1786577399999,BNBUSDT:5m,NEUTRAL,0,0,0.4915,610.29,614.49,na
1786577399999,BNBUSDT:30m,NEUTRAL,0,0,0.5105,610.26,614.49,na
1786579199999,BNBUSDT:1h,BUY,1,0,0.5965,610.25,614.49,hit
1786579199999,BNBUSDT:1d,NEUTRAL,0,0,0.5076,614.54,614.49,na
1786577399999,XRPUSDT:5m,NEUTRAL,0,0,0.4907,1.0018,1.0112,na
1786577399999,XRPUSDT:30m,NEUTRAL,0,0,0.509,1.0019,1.0112,na
1786579199999,XRPUSDT:1h,BUY,1,0,0.5512,1.0018,1.0112,hit
1786579199999,XRPUSDT:1d,SELL,-1,0,0.4217,1.022,1.0112,hit
1786577399999,DOGEUSDT:5m,SELL,-1,0,0.445,0.06949,0.07033,miss
1786577399999,DOGEUSDT:30m,NEUTRAL,0,0,0.4875,0.06949,0.07033,na
1786579199999,DOGEUSDT:1h,NEUTRAL,0,0,0.5038,0.06949,0.07033,na
1786579199999,DOGEUSDT:1d,SELL,-1,0,0.4482,0.07218,0.07039,hit
1786577399999,ADAUSDT:5m,STRONG SELL,-1,1,0.3433,0.1821,0.184,miss
1786577399999,ADAUSDT:30m,SELL,-1,0,0.3874,0.1821,0.184,miss
1786579199999,ADAUSDT:1h,SELL,-1,0,0.4383,0.1821,0.184,miss
1786579199999,ADAUSDT:1d,SELL,-1,0,0.4021,0.1872,0.184,hit
1786577399999,TRXUSDT:5m,STRONG SELL,-1,1,0.3129,0.3361,0.3361,hit
1786577399999,TRXUSDT:30m,SELL,-1,0,0.407,0.3361,0.3361,hit
1786579199999,TRXUSDT:1h,NEUTRAL,0,0,0.49,0.3361,0.3361,na
1786579199999,TRXUSDT:1d,BUY,1,0,0.5576,0.3346,0.3361,hit
1786577399999,AVAXUSDT:5m,NEUTRAL,0,0,0.465,6.314,6.508,na
1786577399999,AVAXUSDT:30m,SELL,-1,0,0.4133,6.314,6.508,miss
1786579199999,AVAXUSDT:1h,SELL,-1,0,0.4346,6.314,6.508,miss
1786579199999,AVAXUSDT:1d,NEUTRAL,0,0,0.465,6.295,6.508,na
1786577399999,LINKUSDT:5m,NEUTRAL,0,0,0.5241,8.674,8.792,na
1786577399999,LINKUSDT:30m,BUY,1,0,0.5817,8.674,8.792,hit
1786579199999,LINKUSDT:1h,STRONG BUY,1,1,0.7498,8.674,8.791,hit
1786579199999,LINKUSDT:1d,NEUTRAL,0,0,0.4789,8.718,8.792,na
1786598699999,BTCUSDT:5m,NEUTRAL,0,0,0.4899,63955.22,63678.33,na
1786598999999,BTCUSDT:30m,SELL,-1,0,0.4341,63955.22,63678.33,hit
1786600799999,BTCUSDT:1h,NEUTRAL,0,0,0.5391,63955.22,63678.34,na
1786598699999,ETHUSDT:5m,SELL,-1,0,0.4422,1898.54,1887.72,hit
1786598999999,ETHUSDT:30m,BUY,1,0,0.5502,1898.54,1887.73,miss
1786600799999,ETHUSDT:1h,NEUTRAL,0,0,0.5125,1898.54,1887.73,na
1786598699999,SOLUSDT:5m,NEUTRAL,0,0,0.5116,76.32,75.97,na
1786598999999,SOLUSDT:30m,BUY,1,0,0.6169,76.32,75.97,miss
1786600799999,SOLUSDT:1h,BUY,1,0,0.5895,76.32,75.97,miss
1786598699999,BNBUSDT:5m,NEUTRAL,0,0,0.4727,614.49,611.6,na
1786598999999,BNBUSDT:30m,NEUTRAL,0,0,0.5099,614.49,611.59,na
1786600799999,BNBUSDT:1h,NEUTRAL,0,0,0.513,614.49,611.59,na
1786598699999,XRPUSDT:5m,NEUTRAL,0,0,0.5103,1.0112,1.011,na
1786598999999,XRPUSDT:30m,NEUTRAL,0,0,0.4684,1.0112,1.011,na
1786600799999,XRPUSDT:1h,NEUTRAL,0,0,0.4976,1.0112,1.011,na
1786598699999,DOGEUSDT:5m,NEUTRAL,0,0,0.4539,0.07033,0.07044,na
1786598999999,DOGEUSDT:30m,NEUTRAL,0,0,0.5046,0.07033,0.07044,na
1786600799999,DOGEUSDT:1h,NEUTRAL,0,0,0.5043,0.07033,0.07044,na
1786598699999,ADAUSDT:5m,SELL,-1,0,0.4189,0.184,0.1854,miss
1786598999999,ADAUSDT:30m,SELL,-1,0,0.413,0.184,0.1854,miss
1786600799999,ADAUSDT:1h,SELL,-1,0,0.3832,0.184,0.1854,miss
1786598699999,TRXUSDT:5m,STRONG SELL,-1,1,0.2304,0.3361,0.3354,hit
1786598999999,TRXUSDT:30m,SELL,-1,0,0.385,0.3361,0.3353,hit
1786600799999,TRXUSDT:1h,NEUTRAL,0,0,0.5002,0.3361,0.3353,na
1786598699999,AVAXUSDT:5m,BUY,1,0,0.5849,6.508,6.485,miss
1786598999999,AVAXUSDT:30m,NEUTRAL,0,0,0.4947,6.508,6.485,na
1786600799999,AVAXUSDT:1h,NEUTRAL,0,0,0.4704,6.508,6.485,na
1786598699999,LINKUSDT:5m,NEUTRAL,0,0,0.5002,8.792,8.708,na
1786598999999,LINKUSDT:30m,NEUTRAL,0,0,0.4936,8.792,8.708,na
1786600799999,LINKUSDT:1h,STRONG SELL,-1,1,0.2825,8.791,8.708,hit
1786614299999,BTCUSDT:5m,BUY,1,0,0.5865,63678.33,63512.95,miss
1786615199999,BTCUSDT:30m,NEUTRAL,0,0,0.5098,63678.33,63512.96,na
1786615199999,BTCUSDT:1h,NEUTRAL,0,0,0.5048,63678.34,63512.95,na
1786614299999,ETHUSDT:5m,NEUTRAL,0,0,0.4516,1887.72,1882.07,na
1786615199999,ETHUSDT:30m,NEUTRAL,0,0,0.4995,1887.73,1882.31,na
1786615199999,ETHUSDT:1h,NEUTRAL,0,0,0.4565,1887.73,1882.31,na
1786614299999,SOLUSDT:5m,NEUTRAL,0,0,0.4516,75.97,75.77,na
1786615199999,SOLUSDT:30m,BUY,1,0,0.5525,75.97,75.77,miss
1786615199999,SOLUSDT:1h,NEUTRAL,0,0,0.473,75.97,75.77,na
1786614299999,BNBUSDT:5m,SELL,-1,0,0.4313,611.6,609.51,hit
1786615199999,BNBUSDT:30m,NEUTRAL,0,0,0.5267,611.59,609.52,na
1786615199999,BNBUSDT:1h,BUY,1,0,0.5824,611.59,609.52,miss
1786614299999,XRPUSDT:5m,SELL,-1,0,0.45,1.011,1.0045,hit
1786615199999,XRPUSDT:30m,NEUTRAL,0,0,0.4753,1.011,1.0045,na
1786615199999,XRPUSDT:1h,NEUTRAL,0,0,0.4651,1.011,1.0045,na
1786614299999,DOGEUSDT:5m,NEUTRAL,0,0,0.5061,0.07044,0.07019,na
1786615199999,DOGEUSDT:30m,NEUTRAL,0,0,0.5051,0.07044,0.07019,na
1786615199999,DOGEUSDT:1h,NEUTRAL,0,0,0.4949,0.07044,0.0702,na
1786614299999,ADAUSDT:5m,SELL,-1,0,0.432,0.1854,0.1833,hit
1786615199999,ADAUSDT:30m,SELL,-1,0,0.4221,0.1854,0.1833,hit
1786615199999,ADAUSDT:1h,SELL,-1,0,0.3934,0.1854,0.1833,hit
1786614299999,TRXUSDT:5m,STRONG SELL,-1,1,0.3352,0.3354,0.334,hit
1786615199999,TRXUSDT:30m,SELL,-1,0,0.3854,0.3353,0.334,hit
1786615199999,TRXUSDT:1h,NEUTRAL,0,0,0.4601,0.3353,0.334,na
1786614299999,AVAXUSDT:5m,NEUTRAL,0,0,0.4901,6.485,6.506,na
1786615199999,AVAXUSDT:30m,NEUTRAL,0,0,0.4745,6.485,6.506,na
1786615199999,AVAXUSDT:1h,NEUTRAL,0,0,0.4715,6.485,6.506,na
1786614299999,LINKUSDT:5m,NEUTRAL,0,0,0.4915,8.708,8.696,na
1786615199999,LINKUSDT:30m,BUY,1,0,0.5685,8.708,8.696,miss
1786615199999,LINKUSDT:1h,BUY,1,0,0.5529,8.708,8.696,miss
1786622999999,BTCUSDT:5m,NEUTRAL,0,0,0.5242,63512.95,63654.0,na
1786624199999,BTCUSDT:30m,NEUTRAL,0,0,0.5362,63512.96,63652.0,na
1786625999999,BTCUSDT:1h,NEUTRAL,0,0,0.5108,63512.95,63650.0,na
1786622999999,ETHUSDT:5m,SELL,-1,0,0.396,1882.07,1887.36,miss
1786624199999,ETHUSDT:30m,NEUTRAL,0,0,0.4897,1882.31,1887.36,na
1786625999999,ETHUSDT:1h,NEUTRAL,0,0,0.4966,1882.31,1887.36,na
1786622999999,SOLUSDT:5m,NEUTRAL,0,0,0.4533,75.77,76.11,na
1786624199999,SOLUSDT:30m,SELL,-1,0,0.435,75.77,76.12,miss
1786625999999,SOLUSDT:1h,NEUTRAL,0,0,0.4674,75.77,76.12,na
1786622999999,BNBUSDT:5m,NEUTRAL,0,0,0.5335,609.51,607.98,na
1786624199999,BNBUSDT:30m,NEUTRAL,0,0,0.517,609.52,607.98,na
1786625999999,BNBUSDT:1h,BUY,1,0,0.6038,609.52,607.99,miss
1786622999999,XRPUSDT:5m,NEUTRAL,0,0,0.5248,1.0045,1.0058,na
1786624199999,XRPUSDT:30m,NEUTRAL,0,0,0.5067,1.0045,1.006,na
1786625999999,XRPUSDT:1h,NEUTRAL,0,0,0.5405,1.0045,1.006,na
1786622999999,DOGEUSDT:5m,NEUTRAL,0,0,0.5049,0.07019,0.0699,na
1786624199999,DOGEUSDT:30m,NEUTRAL,0,0,0.5448,0.07019,0.0699,na
1786625999999,DOGEUSDT:1h,NEUTRAL,0,0,0.4562,0.0702,0.0699,na
1786622999999,ADAUSDT:5m,STRONG SELL,-1,1,0.2768,0.1833,0.1833,hit
1786624199999,ADAUSDT:30m,STRONG SELL,-1,1,0.3329,0.1833,0.1833,hit
1786625999999,ADAUSDT:1h,SELL,-1,0,0.4314,0.1833,0.1833,hit
1786622999999,TRXUSDT:5m,STRONG SELL,-1,1,0.2857,0.334,0.3344,miss
1786624199999,TRXUSDT:30m,STRONG SELL,-1,1,0.3635,0.334,0.3344,miss
1786625999999,TRXUSDT:1h,NEUTRAL,0,0,0.4804,0.334,0.3344,na
1786622999999,AVAXUSDT:5m,NEUTRAL,0,0,0.4913,6.506,6.43,na
1786624199999,AVAXUSDT:30m,SELL,-1,0,0.4365,6.506,6.43,hit
1786625999999,AVAXUSDT:1h,NEUTRAL,0,0,0.4733,6.506,6.43,na
1786622999999,LINKUSDT:5m,NEUTRAL,0,0,0.485,8.696,8.781,na
1786624199999,LINKUSDT:30m,BUY,1,0,0.5855,8.696,8.781,hit
1786625999999,LINKUSDT:1h,BUY,1,0,0.6155,8.696,8.784,hit
1786635299999,BTCUSDT:5m,SELL,-1,0,0.4465,63654.0,63162.36,hit
1786636799999,BTCUSDT:30m,NEUTRAL,0,0,0.5364,63652.0,63162.36,na
1786636799999,BTCUSDT:1h,BUY,1,0,0.5641,63650.0,63162.36,miss
1786635299999,ETHUSDT:5m,NEUTRAL,0,0,0.4577,1887.36,1878.57,na
1786636799999,ETHUSDT:30m,NEUTRAL,0,0,0.5118,1887.36,1878.57,na
1786636799999,ETHUSDT:1h,NEUTRAL,0,0,0.5075,1887.36,1878.57,na
1786635299999,SOLUSDT:5m,SELL,-1,0,0.4017,76.11,75.77,hit
1786636799999,SOLUSDT:30m,NEUTRAL,0,0,0.4663,76.12,75.77,na
1786636799999,SOLUSDT:1h,NEUTRAL,0,0,0.4825,76.12,75.78,na
1786635299999,BNBUSDT:5m,BUY,1,0,0.5683,607.98,608.59,hit
1786636799999,BNBUSDT:30m,BUY,1,0,0.5738,607.98,608.59,hit
1786636799999,BNBUSDT:1h,BUY,1,0,0.5873,607.99,608.59,hit
1786635299999,XRPUSDT:5m,SELL,-1,0,0.3886,1.0058,1.0063,miss
1786636799999,XRPUSDT:30m,SELL,-1,0,0.4206,1.006,1.0063,miss
1786636799999,XRPUSDT:1h,BUY,1,0,0.5639,1.006,1.0063,hit
1786635299999,DOGEUSDT:5m,NEUTRAL,0,0,0.4594,0.0699,0.06986,na
1786636799999,DOGEUSDT:30m,NEUTRAL,0,0,0.5189,0.0699,0.06986,na
1786636799999,DOGEUSDT:1h,SELL,-1,0,0.416,0.0699,0.06987,hit
1786635299999,ADAUSDT:5m,NEUTRAL,0,0,0.46,0.1833,0.1813,na
1786636799999,ADAUSDT:30m,STRONG SELL,-1,1,0.3756,0.1833,0.1813,hit
1786636799999,ADAUSDT:1h,SELL,-1,0,0.4171,0.1833,0.1813,hit
1786635299999,TRXUSDT:5m,SELL,-1,0,0.4031,0.3344,0.3334,hit
1786636799999,TRXUSDT:30m,STRONG SELL,-1,1,0.3249,0.3344,0.3334,hit
1786636799999,TRXUSDT:1h,NEUTRAL,0,0,0.5138,0.3344,0.3334,na
1786635299999,AVAXUSDT:5m,SELL,-1,0,0.4014,6.43,6.418,hit
1786636799999,AVAXUSDT:30m,NEUTRAL,0,0,0.4709,6.43,6.418,na
1786636799999,AVAXUSDT:1h,NEUTRAL,0,0,0.491,6.43,6.418,na
1786635299999,LINKUSDT:5m,NEUTRAL,0,0,0.4913,8.781,8.787,na
1786636799999,LINKUSDT:30m,NEUTRAL,0,0,0.4772,8.781,8.787,na
1786636799999,LINKUSDT:1h,NEUTRAL,0,0,0.5281,8.784,8.787,na
1786646699999,BTCUSDT:5m,BUY,1,0,0.5619,63162.36,63426.29,hit
1786647599999,BTCUSDT:30m,NEUTRAL,0,0,0.4695,63162.36,63426.29,na
1786647599999,BTCUSDT:1h,BUY,1,0,0.5919,63162.36,63426.29,hit
1786646699999,ETHUSDT:5m,NEUTRAL,0,0,0.5336,1878.57,1887.54,na
1786647599999,ETHUSDT:30m,NEUTRAL,0,0,0.504,1878.57,1887.55,na
1786647599999,ETHUSDT:1h,NEUTRAL,0,0,0.5065,1878.57,1887.55,na
1786646699999,SOLUSDT:5m,SELL,-1,0,0.4428,75.77,76.18,miss
1786647599999,SOLUSDT:30m,NEUTRAL,0,0,0.5131,75.77,76.17,na
1786647599999,SOLUSDT:1h,NEUTRAL,0,0,0.4754,75.78,76.17,na
1786646699999,BNBUSDT:5m,NEUTRAL,0,0,0.5404,608.59,611.25,na
1786647599999,BNBUSDT:30m,NEUTRAL,0,0,0.5388,608.59,611.25,na
1786647599999,BNBUSDT:1h,BUY,1,0,0.5812,608.59,611.25,hit
1786646699999,XRPUSDT:5m,SELL,-1,0,0.4322,1.0063,1.0087,miss
1786647599999,XRPUSDT:30m,NEUTRAL,0,0,0.4812,1.0063,1.0087,na
1786647599999,XRPUSDT:1h,NEUTRAL,0,0,0.5288,1.0063,1.0087,na
1786646699999,DOGEUSDT:5m,NEUTRAL,0,0,0.4604,0.06986,0.07023,na
1786647599999,DOGEUSDT:30m,NEUTRAL,0,0,0.4906,0.06986,0.07023,na
1786647599999,DOGEUSDT:1h,NEUTRAL,0,0,0.4807,0.06987,0.07023,na
1786646699999,ADAUSDT:5m,STRONG SELL,-1,1,0.374,0.1813,0.1821,miss
1786647599999,ADAUSDT:30m,SELL,-1,0,0.4079,0.1813,0.1821,miss
1786647599999,ADAUSDT:1h,NEUTRAL,0,0,0.461,0.1813,0.1821,na
1786646699999,TRXUSDT:5m,SELL,-1,0,0.3933,0.3334,0.3342,miss
1786647599999,TRXUSDT:30m,SELL,-1,0,0.4304,0.3334,0.3342,miss
1786647599999,TRXUSDT:1h,NEUTRAL,0,0,0.4801,0.3334,0.3342,na
1786646699999,AVAXUSDT:5m,NEUTRAL,0,0,0.454,6.418,6.414,na
1786647599999,AVAXUSDT:30m,SELL,-1,0,0.439,6.418,6.414,hit
1786647599999,AVAXUSDT:1h,SELL,-1,0,0.4447,6.418,6.414,hit
1786646699999,LINKUSDT:5m,NEUTRAL,0,0,0.4906,8.787,8.856,na
1786647599999,LINKUSDT:30m,BUY,1,0,0.5605,8.787,8.856,hit
1786647599999,LINKUSDT:1h,SELL,-1,0,0.4331,8.787,8.856,miss
1786656599999,BTCUSDT:5m,BUY,1,0,0.5743,63426.29,63469.01,hit
1786656599999,BTCUSDT:30m,NEUTRAL,0,0,0.5235,63426.29,63469.01,na
1786658399999,BTCUSDT:1h,NEUTRAL,0,0,0.5004,63426.29,63469.01,na
1786656599999,ETHUSDT:5m,BUY,1,0,0.562,1887.54,1885.98,miss
1786656599999,ETHUSDT:30m,NEUTRAL,0,0,0.4852,1887.55,1885.98,na
1786658399999,ETHUSDT:1h,NEUTRAL,0,0,0.4512,1887.55,1885.98,na
1786656599999,SOLUSDT:5m,SELL,-1,0,0.4231,76.18,76.23,miss
1786656599999,SOLUSDT:30m,NEUTRAL,0,0,0.5252,76.17,76.24,na
1786658399999,SOLUSDT:1h,NEUTRAL,0,0,0.5153,76.17,76.24,na
1786656599999,BNBUSDT:5m,STRONG SELL,-1,1,0.3542,611.25,611.02,hit
1786656599999,BNBUSDT:30m,NEUTRAL,0,0,0.5476,611.25,611.01,na
1786658399999,BNBUSDT:1h,STRONG BUY,1,1,0.6535,611.25,611.01,miss
1786656599999,XRPUSDT:5m,NEUTRAL,0,0,0.4799,1.0087,1.0085,na
1786656599999,XRPUSDT:30m,SELL,-1,0,0.4284,1.0087,1.0085,hit
1786658399999,XRPUSDT:1h,NEUTRAL,0,0,0.5358,1.0087,1.0085,na
1786656599999,DOGEUSDT:5m,NEUTRAL,0,0,0.4912,0.07023,0.07007,na
1786656599999,DOGEUSDT:30m,NEUTRAL,0,0,0.5246,0.07023,0.07007,na
1786658399999,DOGEUSDT:1h,NEUTRAL,0,0,0.5136,0.07023,0.07007,na
1786656599999,ADAUSDT:5m,SELL,-1,0,0.4281,0.1821,0.1824,miss
1786656599999,ADAUSDT:30m,SELL,-1,0,0.4457,0.1821,0.1824,miss
1786658399999,ADAUSDT:1h,SELL,-1,0,0.4262,0.1821,0.1824,miss
1786656599999,TRXUSDT:5m,STRONG SELL,-1,1,0.3098,0.3342,0.3344,miss
1786656599999,TRXUSDT:30m,SELL,-1,0,0.4162,0.3342,0.3344,miss
1786658399999,TRXUSDT:1h,NEUTRAL,0,0,0.4852,0.3342,0.3344,na
1786656599999,AVAXUSDT:5m,SELL,-1,0,0.4446,6.414,6.447,miss
1786656599999,AVAXUSDT:30m,NEUTRAL,0,0,0.4916,6.414,6.447,na
1786658399999,AVAXUSDT:1h,NEUTRAL,0,0,0.4619,6.414,6.447,na
1786656599999,LINKUSDT:5m,BUY,1,0,0.5618,8.856,8.852,miss
1786656599999,LINKUSDT:30m,BUY,1,0,0.5593,8.856,8.852,miss
1786658399999,LINKUSDT:1h,NEUTRAL,0,0,0.5128,8.856,8.852,na
1786663799999,BTCUSDT:5m,NEUTRAL,0,0,0.5086,63469.01,63322.24,na
1786663799999,BTCUSDT:30m,NEUTRAL,0,0,0.5191,63469.01,63322.24,na
1786665599999,BTCUSDT:1h,NEUTRAL,0,0,0.5024,63469.01,63322.23,na
1786665599999,BTCUSDT:1d,NEUTRAL,0,0,0.4918,63955.22,63322.23,na
1786663799999,ETHUSDT:5m,BUY,1,0,0.5662,1885.98,1881.84,miss
1786663799999,ETHUSDT:30m,BUY,1,0,0.5517,1885.98,1881.76,miss
1786665599999,ETHUSDT:1h,NEUTRAL,0,0,0.525,1885.98,1881.76,na
1786665599999,ETHUSDT:1d,NEUTRAL,0,0,0.5028,1898.54,1881.76,na
1786663799999,SOLUSDT:5m,NEUTRAL,0,0,0.4571,76.23,75.83,na
1786663799999,SOLUSDT:30m,NEUTRAL,0,0,0.5447,76.24,75.82,na
1786665599999,SOLUSDT:1h,NEUTRAL,0,0,0.5035,76.24,75.82,na
1786665599999,SOLUSDT:1d,NEUTRAL,0,0,0.4958,76.32,75.82,na
1786663799999,BNBUSDT:5m,STRONG SELL,-1,1,0.3494,611.02,610.37,hit
1786663799999,BNBUSDT:30m,NEUTRAL,0,0,0.4955,611.01,610.36,na
1786665599999,BNBUSDT:1h,BUY,1,0,0.6064,611.01,610.37,miss
1786665599999,BNBUSDT:1d,NEUTRAL,0,0,0.518,614.49,610.37,na
1786663799999,XRPUSDT:5m,NEUTRAL,0,0,0.4582,1.0085,1.0086,na
1786663799999,XRPUSDT:30m,NEUTRAL,0,0,0.4543,1.0085,1.0086,na
1786665599999,XRPUSDT:1h,BUY,1,0,0.5746,1.0085,1.0085,miss
1786665599999,XRPUSDT:1d,NEUTRAL,0,0,0.4631,1.0112,1.0085,na
1786663799999,DOGEUSDT:5m,NEUTRAL,0,0,0.5162,0.07007,0.06994,na
1786663799999,DOGEUSDT:30m,NEUTRAL,0,0,0.5057,0.07007,0.06994,na
1786665599999,DOGEUSDT:1h,SELL,-1,0,0.4376,0.07007,0.06994,hit
1786665599999,DOGEUSDT:1d,NEUTRAL,0,0,0.4714,0.07039,0.06994,na
1786663799999,ADAUSDT:5m,SELL,-1,0,0.4241,0.1824,0.1819,hit
1786663799999,ADAUSDT:30m,SELL,-1,0,0.4256,0.1824,0.1819,hit
1786665599999,ADAUSDT:1h,SELL,-1,0,0.4341,0.1824,0.1819,hit
1786665599999,ADAUSDT:1d,SELL,-1,0,0.4259,0.184,0.1819,hit
1786663799999,TRXUSDT:5m,STRONG SELL,-1,1,0.3055,0.3344,0.3342,hit
1786663799999,TRXUSDT:30m,SELL,-1,0,0.4096,0.3344,0.3342,hit
1786665599999,TRXUSDT:1h,NEUTRAL,0,0,0.4736,0.3344,0.3342,na
1786665599999,TRXUSDT:1d,NEUTRAL,0,0,0.53,0.3361,0.3342,na
1786663799999,AVAXUSDT:5m,SELL,-1,0,0.3909,6.447,6.422,hit
1786663799999,AVAXUSDT:30m,SELL,-1,0,0.4339,6.447,6.422,hit
1786665599999,AVAXUSDT:1h,NEUTRAL,0,0,0.4548,6.447,6.422,na
1786665599999,AVAXUSDT:1d,NEUTRAL,0,0,0.4599,6.508,6.422,na
1786663799999,LINKUSDT:5m,NEUTRAL,0,0,0.5419,8.852,8.788,na
1786663799999,LINKUSDT:30m,BUY,1,0,0.6167,8.852,8.788,miss
1786665599999,LINKUSDT:1h,SELL,-1,0,0.4139,8.852,8.788,hit
1786665599999,LINKUSDT:1d,NEUTRAL,0,0,0.4877,8.792,8.788,na
1786685099999,BTCUSDT:5m,STRONG SELL,-1,1,0.3557,63322.24,62778.0,hit
1786685399999,BTCUSDT:30m,NEUTRAL,0,0,0.4868,63322.24,62778.0,na
1786687199999,BTCUSDT:1h,BUY,1,0,0.5512,63322.23,62777.03,miss
1786685099999,ETHUSDT:5m,SELL,-1,0,0.4277,1881.84,1873.65,hit
1786685399999,ETHUSDT:30m,NEUTRAL,0,0,0.4988,1881.76,1873.53,na
1786687199999,ETHUSDT:1h,NEUTRAL,0,0,0.4759,1881.76,1873.53,na
1786685099999,SOLUSDT:5m,SELL,-1,0,0.4239,75.83,75.67,hit
1786685399999,SOLUSDT:30m,NEUTRAL,0,0,0.5408,75.82,75.67,na
1786687199999,SOLUSDT:1h,SELL,-1,0,0.4288,75.82,75.67,hit
1786685099999,BNBUSDT:5m,STRONG SELL,-1,1,0.3645,610.37,607.84,hit
1786685399999,BNBUSDT:30m,NEUTRAL,0,0,0.4905,610.36,607.84,na
1786687199999,BNBUSDT:1h,STRONG BUY,1,1,0.6467,610.37,607.84,miss
1786685099999,XRPUSDT:5m,NEUTRAL,0,0,0.5078,1.0086,1.0027,na
1786685399999,XRPUSDT:30m,NEUTRAL,0,0,0.4514,1.0086,1.0027,na
1786687199999,XRPUSDT:1h,BUY,1,0,0.5531,1.0085,1.0027,miss
1786685099999,DOGEUSDT:5m,NEUTRAL,0,0,0.4655,0.06994,0.06961,na
1786685399999,DOGEUSDT:30m,NEUTRAL,0,0,0.5129,0.06994,0.06961,na
1786687199999,DOGEUSDT:1h,NEUTRAL,0,0,0.4677,0.06994,0.06961,na
1786684799999,ADAUSDT:5m,SELL,-1,0,0.4434,0.1819,0.1823,miss
1786685399999,ADAUSDT:30m,SELL,-1,0,0.3934,0.1819,0.1823,miss
1786687199999,ADAUSDT:1h,SELL,-1,0,0.4333,0.1819,0.1823,miss
1786685099999,TRXUSDT:5m,SELL,-1,0,0.3959,0.3342,0.3337,hit
1786685399999,TRXUSDT:30m,SELL,-1,0,0.3918,0.3342,0.3338,hit
1786687199999,TRXUSDT:1h,SELL,-1,0,0.431,0.3342,0.3338,hit
1786685099999,AVAXUSDT:5m,SELL,-1,0,0.4269,6.422,6.372,hit
1786685399999,AVAXUSDT:30m,NEUTRAL,0,0,0.4506,6.422,6.372,na
1786687199999,AVAXUSDT:1h,NEUTRAL,0,0,0.4731,6.422,6.372,na
1786685099999,LINKUSDT:5m,NEUTRAL,0,0,0.4751,8.788,8.783,na
1786685399999,LINKUSDT:30m,NEUTRAL,0,0,0.5285,8.788,8.783,na
1786687199999,LINKUSDT:1h,BUY,1,0,0.605,8.788,8.785,miss
1786700099999,BTCUSDT:5m,NEUTRAL,0,0,0.4531,62778.0,62890.02,na
1786701599999,BTCUSDT:30m,NEUTRAL,0,0,0.4613,62778.0,62890.02,na
1786701599999,BTCUSDT:1h,NEUTRAL,0,0,0.5215,62777.03,62890.01,na
1786700099999,ETHUSDT:5m,SELL,-1,0,0.4353,1873.65,1878.68,miss
1786701599999,ETHUSDT:30m,NEUTRAL,0,0,0.5092,1873.53,1878.68,na
1786701599999,ETHUSDT:1h,NEUTRAL,0,0,0.4782,1873.53,1878.67,na
1786700099999,SOLUSDT:5m,BUY,1,0,0.5791,75.67,75.56,miss
1786701599999,SOLUSDT:30m,NEUTRAL,0,0,0.4705,75.67,75.55,na
1786701599999,SOLUSDT:1h,NEUTRAL,0,0,0.4728,75.67,75.52,na
1786700099999,BNBUSDT:5m,NEUTRAL,0,0,0.4632,607.84,605.14,na
1786701599999,BNBUSDT:30m,NEUTRAL,0,0,0.5152,607.84,605.15,na
1786701599999,BNBUSDT:1h,BUY,1,0,0.5989,607.84,605.15,miss
1786700099999,XRPUSDT:5m,SELL,-1,0,0.427,1.0027,1.0028,miss
1786701599999,XRPUSDT:30m,NEUTRAL,0,0,0.4636,1.0027,1.0027,na
1786701599999,XRPUSDT:1h,NEUTRAL,0,0,0.5381,1.0027,1.0027,na
1786700099999,DOGEUSDT:5m,NEUTRAL,0,0,0.4848,0.06961,0.06948,na
1786701599999,DOGEUSDT:30m,NEUTRAL,0,0,0.5293,0.06961,0.06948,na
1786701599999,DOGEUSDT:1h,NEUTRAL,0,0,0.4984,0.06961,0.06948,na
1786700099999,ADAUSDT:5m,SELL,-1,0,0.3985,0.1823,0.1802,hit
1786701599999,ADAUSDT:30m,SELL,-1,0,0.3979,0.1823,0.1802,hit
1786701599999,ADAUSDT:1h,NEUTRAL,0,0,0.4509,0.1823,0.1802,na
1786700099999,TRXUSDT:5m,STRONG SELL,-1,1,0.3295,0.3337,0.3333,hit
1786701599999,TRXUSDT:30m,STRONG SELL,-1,1,0.3727,0.3338,0.3333,hit
1786701599999,TRXUSDT:1h,SELL,-1,0,0.4259,0.3338,0.3333,hit
1786700099999,AVAXUSDT:5m,SELL,-1,0,0.4343,6.372,6.362,hit
1786701599999,AVAXUSDT:30m,NEUTRAL,0,0,0.4686,6.372,6.362,na
1786701599999,AVAXUSDT:1h,NEUTRAL,0,0,0.4557,6.372,6.362,na
1786700099999,LINKUSDT:5m,SELL,-1,0,0.4174,8.783,8.835,miss
1786701599999,LINKUSDT:30m,BUY,1,0,0.5937,8.783,8.835,hit
1786701599999,LINKUSDT:1h,NEUTRAL,0,0,0.4505,8.785,8.835,na
1786709099999,BTCUSDT:5m,SELL,-1,0,0.4416,62890.02,62671.98,hit
1786710599999,BTCUSDT:30m,NEUTRAL,0,0,0.4838,62890.02,62674.5,na
1786712399999,BTCUSDT:1h,NEUTRAL,0,0,0.463,62890.01,62674.5,na
1786709099999,ETHUSDT:5m,SELL,-1,0,0.4401,1878.68,1867.8,hit
1786710599999,ETHUSDT:30m,NEUTRAL,0,0,0.485,1878.68,1867.63,na
1786712399999,ETHUSDT:1h,NEUTRAL,0,0,0.5048,1878.67,1867.6,na
1786709099999,SOLUSDT:5m,NEUTRAL,0,0,0.4659,75.56,75.24,na
1786710599999,SOLUSDT:30m,SELL,-1,0,0.4346,75.55,75.24,hit
1786712399999,SOLUSDT:1h,SELL,-1,0,0.4472,75.52,75.24,hit
1786709099999,BNBUSDT:5m,SELL,-1,0,0.4465,605.14,604.47,hit
1786710599999,BNBUSDT:30m,NEUTRAL,0,0,0.4978,605.15,604.47,na
1786712399999,BNBUSDT:1h,STRONG BUY,1,1,0.674,605.15,604.48,miss
1786709099999,XRPUSDT:5m,NEUTRAL,0,0,0.5261,1.0028,1.0021,na
1786710599999,XRPUSDT:30m,SELL,-1,0,0.4166,1.0027,1.0021,hit
1786712399999,XRPUSDT:1h,NEUTRAL,0,0,0.5162,1.0027,1.0021,na
1786709099999,DOGEUSDT:5m,SELL,-1,0,0.3986,0.06948,0.06963,miss
1786710599999,DOGEUSDT:30m,NEUTRAL,0,0,0.5152,0.06948,0.06962,na
1786712399999,DOGEUSDT:1h,NEUTRAL,0,0,0.4541,0.06948,0.06962,na
1786709099999,ADAUSDT:5m,NEUTRAL,0,0,0.4706,0.1802,0.1785,na
1786710599999,ADAUSDT:30m,STRONG SELL,-1,1,0.3541,0.1802,0.1785,hit
1786712399999,ADAUSDT:1h,NEUTRAL,0,0,0.4913,0.1802,0.1785,na
1786709099999,TRXUSDT:5m,NEUTRAL,0,0,0.4611,0.3333,0.3328,na
1786710599999,TRXUSDT:30m,STRONG SELL,-1,1,0.3664,0.3333,0.3328,hit
1786712399999,TRXUSDT:1h,NEUTRAL,0,0,0.4552,0.3333,0.3329,na
1786709099999,AVAXUSDT:5m,SELL,-1,0,0.4294,6.362,6.381,miss
1786710599999,AVAXUSDT:30m,STRONG SELL,-1,1,0.3775,6.362,6.381,miss
1786712399999,AVAXUSDT:1h,NEUTRAL,0,0,0.4521,6.362,6.381,na
1786709099999,LINKUSDT:5m,SELL,-1,0,0.3992,8.835,8.775,hit
1786710599999,LINKUSDT:30m,STRONG BUY,1,1,0.7008,8.835,8.775,miss
1786712399999,LINKUSDT:1h,NEUTRAL,0,0,0.5193,8.835,8.775,na
1786720199999,BTCUSDT:5m,NEUTRAL,0,0,0.5394,62671.98,63033.99,na
1786721399999,BTCUSDT:30m,NEUTRAL,0,0,0.4929,62674.5,63035.06,na
1786723199999,BTCUSDT:1h,NEUTRAL,0,0,0.5357,62674.5,63035.07,na
1786720199999,ETHUSDT:5m,STRONG SELL,-1,1,0.3074,1867.8,1877.72,miss
1786721399999,ETHUSDT:30m,NEUTRAL,0,0,0.4721,1867.63,1877.72,na
1786723199999,ETHUSDT:1h,NEUTRAL,0,0,0.4728,1867.6,1877.72,na
1786720199999,SOLUSDT:5m,SELL,-1,0,0.4154,75.24,75.16,hit
1786721399999,SOLUSDT:30m,NEUTRAL,0,0,0.5388,75.24,75.16,na
1786723199999,SOLUSDT:1h,SELL,-1,0,0.4272,75.24,75.16,hit
1786720199999,BNBUSDT:5m,SELL,-1,0,0.4355,604.47,605.8,miss
1786721399999,BNBUSDT:30m,NEUTRAL,0,0,0.513,604.47,605.8,na
1786723199999,BNBUSDT:1h,BUY,1,0,0.5619,604.48,605.8,hit
1786720199999,XRPUSDT:5m,STRONG SELL,-1,1,0.2789,1.0021,1.001,hit
1786721399999,XRPUSDT:30m,SELL,-1,0,0.4342,1.0021,1.001,hit
1786723199999,XRPUSDT:1h,NEUTRAL,0,0,0.4698,1.0021,1.001,na
1786720199999,DOGEUSDT:5m,SELL,-1,0,0.3801,0.06963,0.0698,miss
1786721399999,DOGEUSDT:30m,SELL,-1,0,0.4375,0.06962,0.0698,miss
1786723199999,DOGEUSDT:1h,NEUTRAL,0,0,0.4976,0.06962,0.0698,na
1786720199999,ADAUSDT:5m,SELL,-1,0,0.405,0.1785,0.1794,miss
1786721399999,ADAUSDT:30m,STRONG SELL,-1,1,0.3672,0.1785,0.1794,miss
1786723199999,ADAUSDT:1h,STRONG SELL,-1,1,0.3556,0.1785,0.1794,miss
1786720499999,TRXUSDT:5m,SELL,-1,0,0.3858,0.3328,0.3329,miss
1786721399999,TRXUSDT:30m,SELL,-1,0,0.4048,0.3328,0.3329,miss
1786723199999,TRXUSDT:1h,NEUTRAL,0,0,0.4831,0.3329,0.3328,na
1786720199999,AVAXUSDT:5m,NEUTRAL,0,0,0.4833,6.381,6.436,na
1786721399999,AVAXUSDT:30m,NEUTRAL,0,0,0.4998,6.381,6.437,na
1786723199999,AVAXUSDT:1h,NEUTRAL,0,0,0.4692,6.381,6.437,na
1786720499999,LINKUSDT:5m,STRONG SELL,-1,1,0.3461,8.775,8.902,miss
1786721399999,LINKUSDT:30m,STRONG SELL,-1,1,0.3738,8.775,8.902,miss
1786723199999,LINKUSDT:1h,BUY,1,0,0.6152,8.775,8.902,hit
1786730999999,BTCUSDT:5m,BUY,1,0,0.5996,63033.99,63003.49,miss
1786732199999,BTCUSDT:30m,NEUTRAL,0,0,0.518,63035.06,63003.49,na
1786733999999,BTCUSDT:1h,NEUTRAL,0,0,0.54,63035.07,63003.49,na
1786730999999,ETHUSDT:5m,NEUTRAL,0,0,0.5185,1877.72,1881.34,na
1786732199999,ETHUSDT:30m,NEUTRAL,0,0,0.479,1877.72,1881.33,na
1786733999999,ETHUSDT:1h,SELL,-1,0,0.4282,1877.72,1881.33,miss
1786731299999,SOLUSDT:5m,SELL,-1,0,0.4424,75.16,75.08,hit
1786732199999,SOLUSDT:30m,NEUTRAL,0,0,0.515,75.16,75.08,na
1786733999999,SOLUSDT:1h,NEUTRAL,0,0,0.459,75.16,75.09,na
1786731299999,BNBUSDT:5m,NEUTRAL,0,0,0.4971,605.8,606.69,na
1786732199999,BNBUSDT:30m,NEUTRAL,0,0,0.5145,605.8,606.74,na
1786733999999,BNBUSDT:1h,BUY,1,0,0.5537,605.8,606.74,hit
1786731299999,XRPUSDT:5m,STRONG SELL,-1,1,0.3436,1.001,0.9985,hit
1786732199999,XRPUSDT:30m,SELL,-1,0,0.431,1.001,0.9985,hit
1786733999999,XRPUSDT:1h,NEUTRAL,0,0,0.5032,1.001,0.9985,na
1786731299999,DOGEUSDT:5m,SELL,-1,0,0.4078,0.0698,0.06989,miss
1786732199999,DOGEUSDT:30m,NEUTRAL,0,0,0.4973,0.0698,0.06989,na
1786733999999,DOGEUSDT:1h,NEUTRAL,0,0,0.4849,0.0698,0.06989,na
1786730999999,ADAUSDT:5m,SELL,-1,0,0.4273,0.1794,0.1801,miss
1786732199999,ADAUSDT:30m,SELL,-1,0,0.3839,0.1794,0.1801,miss
1786733999999,ADAUSDT:1h,NEUTRAL,0,0,0.4665,0.1794,0.1801,na
1786731299999,TRXUSDT:5m,STRONG SELL,-1,1,0.3575,0.3329,0.3329,hit
1786732199999,TRXUSDT:30m,SELL,-1,0,0.407,0.3329,0.3329,hit
1786733999999,TRXUSDT:1h,NEUTRAL,0,0,0.4605,0.3328,0.3329,na
1786731299999,AVAXUSDT:5m,NEUTRAL,0,0,0.4854,6.436,6.439,na
1786732199999,AVAXUSDT:30m,NEUTRAL,0,0,0.5134,6.437,6.44,na
1786733999999,AVAXUSDT:1h,NEUTRAL,0,0,0.4757,6.437,6.44,na
1786731299999,LINKUSDT:5m,NEUTRAL,0,0,0.492,8.902,8.981,na
1786732199999,LINKUSDT:30m,STRONG BUY,1,1,0.6376,8.902,8.981,hit
1786733999999,LINKUSDT:1h,NEUTRAL,0,0,0.4666,8.902,8.982,na
1786737899999,BTCUSDT:5m,NEUTRAL,0,0,0.5498,63003.49,62904.38,na
1786739399999,BTCUSDT:30m,NEUTRAL,0,0,0.515,63003.49,62904.38,na
1786741199999,BTCUSDT:1h,NEUTRAL,0,0,0.4978,63003.49,62904.38,na
1786737899999,ETHUSDT:5m,SELL,-1,0,0.4115,1881.34,1879.6,hit
1786739399999,ETHUSDT:30m,NEUTRAL,0,0,0.4612,1881.33,1879.6,na
1786741199999,ETHUSDT:1h,NEUTRAL,0,0,0.4513,1881.33,1879.6,na
1786737899999,SOLUSDT:5m,SELL,-1,0,0.4355,75.08,75.12,miss
1786739399999,SOLUSDT:30m,NEUTRAL,0,0,0.4773,75.08,75.13,na
1786741199999,SOLUSDT:1h,NEUTRAL,0,0,0.4836,75.09,75.13,na
1786737899999,BNBUSDT:5m,BUY,1,0,0.558,606.69,606.54,miss
1786739399999,BNBUSDT:30m,BUY,1,0,0.5562,606.74,606.54,miss
1786741199999,BNBUSDT:1h,BUY,1,0,0.5717,606.74,606.54,miss
1786737899999,XRPUSDT:5m,SELL,-1,0,0.4307,0.9985,0.9989,miss
1786739399999,XRPUSDT:30m,SELL,-1,0,0.3874,0.9985,0.9989,miss
1786741199999,XRPUSDT:1h,NEUTRAL,0,0,0.5454,0.9985,0.9989,na
1786737899999,DOGEUSDT:5m,NEUTRAL,0,0,0.4714,0.06989,0.06976,na
1786739399999,DOGEUSDT:30m,NEUTRAL,0,0,0.4836,0.06989,0.06976,na
1786741199999,DOGEUSDT:1h,BUY,1,0,0.5563,0.06989,0.06976,miss
1786737899999,ADAUSDT:5m,NEUTRAL,0,0,0.4793,0.1801,0.1793,na
1786739399999,ADAUSDT:30m,STRONG SELL,-1,1,0.3581,0.1801,0.1793,hit
1786741199999,ADAUSDT:1h,NEUTRAL,0,0,0.4962,0.1801,0.1793,na
1786738199999,TRXUSDT:5m,SELL,-1,0,0.4039,0.3329,0.3329,hit
1786739399999,TRXUSDT:30m,STRONG SELL,-1,1,0.3605,0.3329,0.333,miss
1786741199999,TRXUSDT:1h,NEUTRAL,0,0,0.4693,0.3329,0.333,na
1786737899999,AVAXUSDT:5m,NEUTRAL,0,0,0.5322,6.439,6.422,na
1786739399999,AVAXUSDT:30m,NEUTRAL,0,0,0.4727,6.44,6.422,na
1786741199999,AVAXUSDT:1h,NEUTRAL,0,0,0.4829,6.44,6.422,na
1786738199999,LINKUSDT:5m,NEUTRAL,0,0,0.4959,8.981,8.979,na
1786739399999,LINKUSDT:30m,BUY,1,0,0.5752,8.981,8.979,miss
1786741199999,LINKUSDT:1h,NEUTRAL,0,0,0.5211,8.982,8.979,na
1786741499999,BTCUSDT:5m,STRONG SELL,-1,1,0.3502,62904.38,62886.0,hit
1786742999999,BTCUSDT:30m,NEUTRAL,0,0,0.4678,62904.38,62886.0,na
1786741499999,ETHUSDT:5m,SELL,-1,0,0.4151,1879.6,1877.35,hit
1786742999999,ETHUSDT:30m,NEUTRAL,0,0,0.4774,1879.6,1877.36,na
1786741499999,SOLUSDT:5m,SELL,-1,0,0.381,75.12,75.13,miss
1786742999999,SOLUSDT:30m,SELL,-1,0,0.4148,75.13,75.13,hit
1786741499999,BNBUSDT:5m,NEUTRAL,0,0,0.5295,606.54,606.53,na
1786742999999,BNBUSDT:30m,NEUTRAL,0,0,0.4781,606.54,606.53,na
1786741499999,XRPUSDT:5m,NEUTRAL,0,0,0.4653,0.9989,0.996,na
1786742999999,XRPUSDT:30m,SELL,-1,0,0.422,0.9989,0.9959,hit
1786741499999,DOGEUSDT:5m,SELL,-1,0,0.4165,0.06976,0.06977,miss
1786742999999,DOGEUSDT:30m,BUY,1,0,0.5549,0.06976,0.06976,miss
1786741499999,ADAUSDT:5m,STRONG SELL,-1,1,0.3672,0.1793,0.1785,hit
1786742999999,ADAUSDT:30m,SELL,-1,0,0.4406,0.1793,0.1785,hit
1786741499999,TRXUSDT:5m,STRONG SELL,-1,1,0.3754,0.3329,0.3325,hit
1786742999999,TRXUSDT:30m,SELL,-1,0,0.3845,0.333,0.3325,hit
1786741499999,AVAXUSDT:5m,NEUTRAL,0,0,0.492,6.422,6.395,na
1786742999999,AVAXUSDT:30m,NEUTRAL,0,0,0.4679,6.422,6.395,na
1786741499999,LINKUSDT:5m,NEUTRAL,0,0,0.4712,8.979,8.928,na
1786742999999,LINKUSDT:30m,BUY,1,0,0.5967,8.979,8.928,miss
1786744499999,BTCUSDT:5m,SELL,-1,0,0.3972,62886.0,62885.85,hit
1786744799999,BTCUSDT:30m,NEUTRAL,0,0,0.4828,62886.0,62885.86,na
1786744799999,BTCUSDT:1h,NEUTRAL,0,0,0.4553,62904.38,62885.86,na
1786744499999,ETHUSDT:5m,SELL,-1,0,0.4052,1877.35,1879.57,miss
1786744799999,ETHUSDT:30m,NEUTRAL,0,0,0.4749,1877.36,1879.57,na
1786744799999,ETHUSDT:1h,SELL,-1,0,0.4418,1879.6,1879.56,hit
1786744499999,SOLUSDT:5m,SELL,-1,0,0.4221,75.13,75.19,miss
1786744799999,SOLUSDT:30m,SELL,-1,0,0.4369,75.13,75.19,miss
1786744799999,SOLUSDT:1h,NEUTRAL,0,0,0.4761,75.13,75.19,na
1786744499999,BNBUSDT:5m,NEUTRAL,0,0,0.4871,606.53,606.63,na
1786744799999,BNBUSDT:30m,NEUTRAL,0,0,0.4942,606.53,606.63,na
1786744799999,BNBUSDT:1h,NEUTRAL,0,0,0.5279,606.54,606.64,na
1786744799999,XRPUSDT:5m,NEUTRAL,0,0,0.4542,0.996,0.9927,na
1786744799999,XRPUSDT:30m,SELL,-1,0,0.4189,0.9959,0.9927,hit
1786744799999,XRPUSDT:1h,NEUTRAL,0,0,0.539,0.9989,0.9927,na
1786744499999,DOGEUSDT:5m,SELL,-1,0,0.4206,0.06977,0.06981,miss
1786744799999,DOGEUSDT:30m,SELL,-1,0,0.443,0.06976,0.06981,miss
1786744799999,DOGEUSDT:1h,NEUTRAL,0,0,0.4993,0.06976,0.06981,na
1786744499999,ADAUSDT:5m,SELL,-1,0,0.4376,0.1785,0.1791,miss
1786744799999,ADAUSDT:30m,STRONG SELL,-1,1,0.35,0.1785,0.1791,miss
1786744799999,ADAUSDT:1h,NEUTRAL,0,0,0.4957,0.1793,0.1791,na
1786744799999,TRXUSDT:5m,SELL,-1,0,0.4034,0.3325,0.3326,miss
1786744799999,TRXUSDT:30m,SELL,-1,0,0.4328,0.3325,0.3326,miss
1786744799999,TRXUSDT:1h,NEUTRAL,0,0,0.4569,0.333,0.3326,na
1786744499999,AVAXUSDT:5m,NEUTRAL,0,0,0.4951,6.395,6.43,na
1786744799999,AVAXUSDT:30m,NEUTRAL,0,0,0.4863,6.395,6.43,na
1786744799999,AVAXUSDT:1h,NEUTRAL,0,0,0.4757,6.422,6.43,na
1786744799999,LINKUSDT:5m,SELL,-1,0,0.4471,8.928,8.939,miss
1786744799999,LINKUSDT:30m,NEUTRAL,0,0,0.532,8.928,8.939,na
1786744799999,LINKUSDT:1h,NEUTRAL,0,0,0.5329,8.979,8.939,na
1786748099999,BTCUSDT:5m,BUY,1,0,0.5578,62885.85,63023.24,hit
1786748399999,BTCUSDT:30m,NEUTRAL,0,0,0.4867,62885.86,63023.23,na
1786748399999,BTCUSDT:1h,NEUTRAL,0,0,0.4562,62885.86,63023.23,na
1786748099999,ETHUSDT:5m,NEUTRAL,0,0,0.5072,1879.57,1881.13,na
1786748399999,ETHUSDT:30m,NEUTRAL,0,0,0.4761,1879.57,1881.13,na
1786748399999,ETHUSDT:1h,NEUTRAL,0,0,0.5027,1879.56,1881.22,na
1786748099999,SOLUSDT:5m,SELL,-1,0,0.3992,75.19,75.39,miss
1786748399999,SOLUSDT:30m,NEUTRAL,0,0,0.4583,75.19,75.39,na
1786748399999,SOLUSDT:1h,NEUTRAL,0,0,0.4658,75.19,75.39,na
1786748099999,BNBUSDT:5m,NEUTRAL,0,0,0.4796,606.63,608.32,na
1786748399999,BNBUSDT:30m,NEUTRAL,0,0,0.4643,606.63,608.33,na
1786748399999,BNBUSDT:1h,BUY,1,0,0.5719,606.64,608.32,hit
1786748099999,XRPUSDT:5m,SELL,-1,0,0.4374,0.9927,0.9989,miss
1786748399999,XRPUSDT:30m,SELL,-1,0,0.4155,0.9927,0.9989,miss
1786748399999,XRPUSDT:1h,STRONG SELL,-1,1,0.3206,0.9927,0.9989,miss
1786748099999,DOGEUSDT:5m,NEUTRAL,0,0,0.4694,0.06981,0.0701,na
1786748399999,DOGEUSDT:30m,SELL,-1,0,0.4058,0.06981,0.07011,miss
1786748399999,DOGEUSDT:1h,NEUTRAL,0,0,0.5114,0.06981,0.07011,na
1786748099999,ADAUSDT:5m,SELL,-1,0,0.3849,0.1791,0.18,miss
1786748399999,ADAUSDT:30m,STRONG SELL,-1,1,0.3347,0.1791,0.18,miss
1786748399999,ADAUSDT:1h,SELL,-1,0,0.4378,0.1791,0.1801,miss
1786748099999,TRXUSDT:5m,NEUTRAL,0,0,0.4861,0.3326,0.3327,na
1786748399999,TRXUSDT:30m,SELL,-1,0,0.3852,0.3326,0.3327,miss
1786748399999,TRXUSDT:1h,NEUTRAL,0,0,0.4632,0.3326,0.3327,na
1786748099999,AVAXUSDT:5m,NEUTRAL,0,0,0.5124,6.43,6.473,na
1786748399999,AVAXUSDT:30m,NEUTRAL,0,0,0.4803,6.43,6.472,na
1786748399999,AVAXUSDT:1h,NEUTRAL,0,0,0.4778,6.43,6.472,na
1786748099999,LINKUSDT:5m,NEUTRAL,0,0,0.4683,8.939,8.979,na
1786748399999,LINKUSDT:30m,NEUTRAL,0,0,0.5291,8.939,8.978,na
1786748399999,LINKUSDT:1h,NEUTRAL,0,0,0.521,8.939,8.978,na
